station;platform;lat;lon
1100863;8;47.652756;9.473561
1100864;2;47.649760;9.497968
1100866;1;47.594620;9.598777
1100866;2;47.594620;9.598777
1100867;1;47.688882;9.831073
1100867;2;47.688882;9.831073
1100867;4;47.688882;9.831073
1100871;1;47.826554;10.016925
1100871;3;47.826554;10.016925
1100871;4;47.826554;10.016925
1100873;1;47.545145;9.681072
1100875;1;47.888107;10.074004
1100875;2;47.888107;10.074004
1100876;1;47.629847;9.528547
1100876;2;47.629847;9.528547
1100878;1;47.599229;9.544052
1100878;2;47.599229;9.544052
1100880;1;47.540761;9.733947
1100895;1;47.548195;9.723571
1100895;6;47.548195;9.723571
1100896;1;47.553682;9.703916
1100896;2;47.553682;9.703916
1100896;3;47.553682;9.703916
1100896;4;47.553682;9.703916
1100897;1;47.554094;9.707312
1100897;6;47.554094;9.707312
1100898;1;47.537643;9.734513
1100900;1;47.553276;9.713690
1100900;6;47.553276;9.713690
1100903;1;47.540003;9.730919
1100904;1;47.545648;9.725844
1100904;6;47.545648;9.725844
1100905;1;47.551633;9.736992
1100906;1;47.554888;9.727730
1100906;6;47.554888;9.727730
1101370;1;47.861004;8.894274
1101370;2;47.861004;8.894274
1101370;3;47.861004;8.894274
1101370;4;47.861004;8.894274
1101371;11;47.856183;8.773306
1101371;12;47.856183;8.773306
1101371;13;47.856183;8.773306
1101371;14;47.856183;8.773306
1101371;15;47.856183;8.773306
1101371;16;47.856183;8.773306
1101371;17;47.856183;8.773306
1101371;18;47.856183;8.773306
1101371;110;47.856183;8.773306
1101393;1;47.854296;8.785200
1101393;2;47.854296;8.785200
1101393;3;47.854296;8.785200
1101393;4;47.854296;8.785200
1101393;6;47.854296;8.785200
1101565;1;47.677778;9.174278
1101565;2;47.677778;9.174278
1101565;3;47.677778;9.174278
1101583;1;47.682193;9.183774
1101583;2;47.682193;9.183774
1101583;3;47.682193;9.183774
1101628;1;47.689601;9.186010
1101628;2;47.689601;9.186010
1101628;3;47.689601;9.186010
1101786;4;48.086899;9.797853
1101786;7;48.086899;9.797853
1101786;8;48.086899;9.797853
1101877;1;47.736021;8.970253
1101877;2;47.736021;8.970253
1101877;3;47.736021;8.970253
1101877;4;47.736021;8.970253
1101877;B;47.736021;8.970253
1101877;C;47.736021;8.970253
1101877;D;47.736021;8.970253
1101877;E;47.736021;8.970253
1101877;F;47.736021;8.970253
1101877;G;47.736021;8.970253
1101892;1;47.689619;9.125662
1101892;2;47.689619;9.125662
1101892;3;47.689619;9.125662
1101892;4;47.689619;9.125662
1101892;5;47.689619;9.125662
1101892;6;47.689619;9.125662
1101908;1;47.761341;8.749465
1101908;2;47.761341;8.749465
1101908;3;47.761341;8.749465
1101908;4;47.761341;8.749465
1101961;A;47.759288;8.840707
1101961;B;47.759288;8.840707
1101961;C;47.759288;8.840707
1101961;D;47.759288;8.840707
1101961;E;47.759288;8.840707
1101961;F;47.759288;8.840707
1101961;G;47.759288;8.840707
1101961;H;47.759288;8.840707
1101961;I;47.759288;8.840707
1101961;J;47.759288;8.840707
1101961;K;47.759288;8.840707
1102088;2;47.850366;9.005557
1102088;3;47.850366;9.005557
1102088;6;47.850366;9.005557
1102088;7;47.850366;9.005557
1102108;6;47.851668;9.015456
1102108;11;47.851668;9.015456
1102108;12;47.851668;9.015456
1102108;13;47.851668;9.015456
1102108;14;47.851668;9.015456
1102135;1;47.774927;9.186154
1102136;2;47.776255;9.185741
1102138;1;47.771769;9.175311
1102138;2;47.771769;9.175311
1102140;2;47.779762;9.187268
1102141;1;47.770574;9.148093
1102141;2;47.770574;9.148093
1102143;1;47.769728;9.158720
1102144;1;47.763884;9.172060
1102144;2;47.763884;9.172060
1102145;1;47.768998;9.144823
1102148;1;47.771455;9.168718
1102148;2;47.771455;9.168718
1102149;1;47.772391;9.155495
1102150;1;47.769143;9.149692
1102150;2;47.769143;9.149692
1102153;1;47.776708;9.199764
1102153;2;47.776708;9.199764
1102154;1;47.768038;9.182794
1102155;1;47.771353;9.175006
1102157;1;47.768455;9.154506
1102157;2;47.768455;9.154506
1102158;4;47.769125;9.163130
1102158;5;47.769125;9.163130
1102158;6;47.769125;9.163130
1102158;7;47.769125;9.163130
1102158;10;47.769125;9.163130
1102160;1;47.767482;9.157965
1102162;1;47.773786;9.209483
1102162;2;47.773786;9.209483
1102164;1;47.769565;9.172473
1102165;1;47.763292;9.168457
1102165;2;47.763292;9.168457
1102166;1;47.771250;9.161711
1102167;1;47.766607;9.173218
1102168;2;47.777903;9.194203
1102171;1;47.774401;9.136459
1102173;1;47.769638;9.146943
1102173;2;47.769638;9.146943
1102174;1;47.767639;9.164451
1102175;1;47.769898;9.169275
1102175;2;47.769898;9.169275
1102176;1;47.771642;9.200500
1102176;2;47.771642;9.200500
1102178;1;47.775548;9.158693
1102184;1;47.765731;9.163067
1102184;2;47.765731;9.163067
1102185;1;47.774552;9.167568
1102185;2;47.774552;9.167568
1102186;1;47.779207;9.164963
1102188;1;47.761933;9.176803
1102188;2;47.761933;9.176803
1102191;1;47.776466;9.191472
1102192;1;47.766359;9.159573
1102192;2;47.766359;9.159573
1102192;3;47.766359;9.159573
1102197;1;47.769276;9.170631
1102197;2;47.769276;9.170631
1102199;1;47.763346;9.179947
1102200;1;47.774842;9.201488
1102201;1;47.773828;9.158917
1102209;1;47.766275;9.162079
1102210;1;47.766263;9.173416
1102211;1;47.763225;9.183217
1102213;1;47.782328;9.199907
1102213;2;47.782328;9.199907
1102214;1;47.770453;9.179453
1102216;1;47.776671;9.154668
1102217;1;47.770375;9.184672
1102221;1;47.771528;9.183432
1102223;1;47.764089;9.198039
1102223;2;47.764089;9.198039
1102224;1;47.765780;9.165726
1102225;1;47.764663;9.170380
1102225;2;47.764663;9.170380
1102228;1;47.773653;9.153375
1102228;2;47.773653;9.153375
1102229;1;47.766655;9.177494
1102233;1;47.760961;9.180872
1102233;2;47.760961;9.180872
1102234;1;47.771371;9.150850
1102234;2;47.771371;9.150850
1102235;1;47.776200;9.166697
1102235;2;47.776200;9.166697
1102236;1;47.755665;9.190206
1102324;1;47.703616;9.750808
1102324;2;47.703616;9.750808
1102325;1;47.699560;9.754527
1102325;2;47.699560;9.754527
1102326;1;47.704148;9.799236
1102326;2;47.704148;9.799236
1102327;1;47.706258;9.746820
1102327;2;47.706258;9.746820
1102330;1;47.709649;9.748589
1102333;1;47.703320;9.935538
1102333;2;47.703320;9.935538
1102339;1;47.723066;9.965200
1102341;1;47.662304;9.931289
1102345;1;47.687987;9.959065
1102347;1;47.678092;9.971884
1102350;1;47.732759;9.976959
1102350;2;47.732759;9.976959
1102351;1;47.698949;9.940730
1102351;2;47.698949;9.940730
1102354;1;47.713941;9.908921
1102355;2;47.671015;9.951141
1102357;2;47.736523;9.890317
1102361;1;47.695472;9.944970
1102361;2;47.695472;9.944970
1102362;2;47.663629;9.941332
1102363;1;47.709734;9.946659
1102363;2;47.709734;9.946659
1102367;2;47.674608;9.958418
1102369;1;47.684092;9.963844
1102370;1;47.726299;9.952103
1102370;2;47.726299;9.952103
1102372;1;47.733846;9.892041
1102376;1;47.858877;9.642965
1102376;2;47.858877;9.642965
1102377;2;47.841153;9.660950
1102380;2;47.835600;9.657087
1102381;1;47.838006;9.656072
1102381;2;47.838006;9.656072
1102388;1;47.843143;9.640244
1102388;2;47.843143;9.640244
1102390;1;47.805164;9.605667
1102391;1;47.817778;9.573849
1102392;1;47.829714;9.586605
1102392;2;47.829714;9.586605
1102393;1;47.816910;9.596981
1102394;1;47.809737;9.603664
1102394;2;47.809737;9.603664
1102395;1;47.825499;9.596999
1102395;2;47.825499;9.596999
1102396;1;47.806859;9.602011
1102397;1;47.800596;9.581063
1102398;1;47.814696;9.581593
1102399;1;47.819648;9.606853
1102399;2;47.819648;9.606853
1102400;1;47.811607;9.598346
1102401;1;47.800131;9.593855
1102402;1;47.796529;9.587135
1102403;1;47.800650;9.598355
1102404;1;47.804808;9.605946
1102404;2;47.804808;9.605946
1102406;1;47.802961;9.582751
1102407;1;47.838253;9.595732
1102407;2;47.838253;9.595732
1102408;1;47.832368;9.594888
1102408;2;47.832368;9.594888
1102410;1;47.813121;9.602757
1102410;2;47.813121;9.602757
1102418;1;47.723344;9.670768
1102418;2;47.723344;9.670768
1102419;1;47.706609;9.659845
1102421;1;47.710598;9.693945
1102421;2;47.710598;9.693945
1102421;3;47.710598;9.693945
1102422;1;47.718250;9.688923
1102423;1;47.692854;9.706934
1102424;1;47.699535;9.703835
1102425;1;47.692092;9.700889
1102426;1;47.712496;9.690971
1102427;1;47.723211;9.698427
1102427;2;47.723211;9.698427
1102428;1;47.719882;9.664624
1102429;1;47.710018;9.688591
1102429;2;47.710018;9.688591
1102430;1;47.696137;9.705291
1102431;1;47.709196;9.666340
1102432;1;47.727701;9.687109
1102433;1;47.691935;9.655587
1102434;1;47.701113;9.681503
1102435;1;47.727587;9.717337
1102436;1;47.724897;9.714831
1102436;2;47.724897;9.714831
1102437;1;47.694656;9.676500
1102438;1;47.736154;9.700754
1102438;2;47.736154;9.700754
1102439;1;47.734499;9.700485
1102439;2;47.734499;9.700485
1102440;1;47.698393;9.672170
1102440;2;47.698393;9.672170
1102441;1;47.721568;9.690513
1102442;1;47.700134;9.661390
1102443;1;47.690375;9.689238
1102444;1;47.688319;9.709234
1102444;2;47.688319;9.709234
1102445;1;47.715736;9.674281
1102445;2;47.715736;9.674281
1102447;1;47.730257;9.699694
1102447;2;47.730257;9.699694
1102448;1;47.730922;9.702479
1102448;2;47.730922;9.702479
1102449;1;47.696192;9.687971
1102450;1;47.709492;9.693550
1102451;1;47.708634;9.661561
1102452;1;47.724112;9.686956
1102453;1;47.712200;9.683309
1102453;2;47.712200;9.683309
1102454;1;47.722480;9.674514
1102455;1;47.701585;9.686498
1102463;1;47.653422;9.466123
1102463;2;47.653422;9.466123
1102471;1;47.658250;9.478250
1102471;2;47.658250;9.478250
1102476;1;47.646662;9.506745
1102497;2;47.651630;9.492731
1102510;1;47.659926;9.470507
1102510;2;47.659926;9.470507
1102511;1;47.660483;9.466132
1102511;2;47.660483;9.466132
1102560;1;47.732124;9.679212
1102563;1;47.747155;9.664381
1102563;2;47.747155;9.664381
1102564;1;47.731393;9.672978
1102565;1;47.740601;9.654913
1102565;2;47.740601;9.654913
1102566;1;47.742588;9.671424
1102567;1;47.766414;9.650691
1102568;1;47.754258;9.651212
1102568;2;47.754258;9.651212
1102569;1;47.750996;9.656674
1102569;2;47.750996;9.656674
1102570;1;47.745210;9.656099
1102570;2;47.745210;9.656099
1102571;1;47.748073;9.661057
1102571;2;47.748073;9.661057
1102572;1;47.732970;9.660986
1102572;2;47.732970;9.660986
1102573;1;47.741380;9.676841
1102574;1;47.743108;9.652802
1102574;2;47.743108;9.652802
1102575;1;47.716588;9.649604
1102576;1;47.725000;9.654724
1102577;1;47.727399;9.666825
1102577;2;47.727399;9.666825
1102578;1;47.754336;9.642507
1102578;2;47.754336;9.642507
1102579;1;47.754735;9.658731
1102580;1;47.751552;9.657006
1102581;1;47.736734;9.675727
1102679;1;47.615485;9.774892
1102679;2;47.615485;9.774892
1102681;1;47.609466;9.760124
1102681;6;47.609466;9.760124
1102682;1;47.618489;9.771963
1102682;2;47.618489;9.771963
1102728;1;47.694874;10.055975
1102729;1;47.687714;10.071713
1102729;3;47.687714;10.071713
1102730;1;47.706741;10.058903
1102730;6;47.706741;10.058903
1102731;1;47.700938;10.048079
1102731;2;47.700938;10.048079
1102740;1;47.667059;10.091234
1102742;1;47.673913;10.112434
1102743;1;47.669431;10.103343
1102743;6;47.669431;10.103343
1102744;1;47.689202;10.089266
1102744;6;47.689202;10.089266
1102745;1;47.691488;10.070285
1102745;6;47.691488;10.070285
1102748;1;47.692957;10.084990
1102748;6;47.692957;10.084990
1102752;1;47.690387;10.043219
1102754;1;47.702443;10.050639
1102756;1;47.680639;10.082924
1102756;6;47.680639;10.082924
1102757;1;47.680246;10.085610
1102757;6;47.680246;10.085610
1102758;1;47.679175;10.083122
1102758;6;47.679175;10.083122
1102759;1;47.700412;10.039149
1102762;2;47.692818;10.035664
1102762;3;47.692818;10.035664
1102766;1;47.695557;10.059550
1102766;6;47.695557;10.059550
1102768;1;47.697371;10.064841
1102768;6;47.697371;10.064841
1102769;1;47.694777;10.040470
1102769;2;47.694777;10.040470
1102777;2;47.710755;9.995114
1102781;1;47.707908;10.033194
1102781;2;47.707908;10.033194
1102782;1;47.698937;10.040712
1102783;1;47.692745;10.032565
1102783;2;47.692745;10.032565
1102784;1;47.709317;10.070465
1102784;6;47.709317;10.070465
1102788;1;47.697776;10.074705
1102788;6;47.697776;10.074705
1102794;2;47.719900;9.993407
1102796;1;47.686469;10.033939
1102796;2;47.686469;10.033939
1102798;1;47.725598;9.986284
1102800;1;47.693677;10.047495
1102800;6;47.693677;10.047495
1102801;1;47.694221;10.053298
1102801;6;47.694221;10.053298
1102804;1;47.697709;10.084425
1102804;6;47.697709;10.084425
1102808;1;47.688615;10.052660
1102810;1;47.709008;10.030373
1102819;1;47.740202;9.882214
1102820;1;47.728716;9.874327
1102822;1;47.743802;9.891898
1102823;1;47.742661;9.898599
1102824;1;47.731683;9.874030
1102825;1;47.734215;9.878585
1102826;1;47.735550;9.875261
1102827;1;47.738015;9.880076
1102832;1;47.600029;9.618118
1102832;2;47.600029;9.618118
1102833;1;47.632517;9.596936
1102833;2;47.632517;9.596936
1102836;1;47.600302;9.624146
1102836;2;47.600302;9.624146
1102839;1;47.598333;9.635114
1102841;1;47.611476;9.627703
1102842;1;47.598345;9.628224
1102844;1;47.606007;9.629976
1102845;1;47.615697;9.631242
1102847;1;47.613184;9.592247
1102847;2;47.613184;9.592247
1102849;1;47.596649;9.595903
1102850;1;47.615951;9.570004
1102850;2;47.615951;9.570004
1102851;1;47.616993;9.571415
1102851;2;47.616993;9.571415
1102855;1;47.709915;9.601373
1102855;2;47.709915;9.601373
1102856;1;47.556834;9.689292
1102856;6;47.556834;9.689292
1102858;1;47.545181;9.684405
1102859;6;47.558180;9.687953
1102860;1;47.560290;9.686785
1102861;1;47.556034;9.722637
1102861;6;47.556034;9.722637
1102863;1;47.558902;9.700538
1102863;6;47.558902;9.700538
1102864;1;47.559017;9.696209
1102864;6;47.559017;9.696209
1102865;1;47.558629;9.691483
1102865;6;47.558629;9.691483
1102866;1;47.571267;9.676401
1102866;6;47.571267;9.676401
1102867;1;47.549335;9.727353
1102867;6;47.549335;9.727353
1102868;1;47.558404;9.680829
1102868;6;47.558404;9.680829
1102869;1;47.565776;9.691879
1102869;6;47.565776;9.691879
1102874;1;47.564345;9.703701
1102874;6;47.564345;9.703701
1102875;1;47.565509;9.704725
1102876;1;47.548171;9.688465
1102877;1;47.561636;9.696065
1102877;6;47.561636;9.696065
1102878;1;47.569212;9.689624
1102878;6;47.569212;9.689624
1102879;1;47.569455;9.685168
1102879;6;47.569455;9.685168
1102880;6;47.559587;9.685869
1102881;1;47.566273;9.679356
1102881;6;47.566273;9.679356
1102882;1;47.562254;9.708857
1102883;1;47.548189;9.686300
1102883;6;47.548189;9.686300
1102884;1;47.555307;9.705048
1102884;6;47.555307;9.705048
1102885;1;47.552839;9.698041
1102885;6;47.552839;9.698041
1102886;1;47.559193;9.703934
1102886;6;47.559193;9.703934
1102886;7;47.559193;9.703934
1102887;1;47.563175;9.682860
1102887;2;47.563175;9.682860
1102888;1;47.552924;9.692597
1102888;6;47.552924;9.692597
1102889;1;47.555137;9.688645
1102889;6;47.555137;9.688645
1102891;1;47.558459;9.713528
1102891;6;47.558459;9.713528
1102892;1;47.547340;9.688797
1102893;1;47.546115;9.681871
1102893;2;47.546115;9.681871
1102894;1;47.555852;9.686570
1102894;6;47.555852;9.686570
1102895;6;47.557004;9.720274
1102897;1;47.563309;9.701491
1102897;6;47.563309;9.701491
1102898;1;47.560338;9.706800
1102899;1;47.559865;9.669852
1102899;6;47.559865;9.669852
1102900;1;47.562496;9.692103
1102900;6;47.562496;9.692103
1102901;1;47.574509;9.673661
1102901;6;47.574509;9.673661
1102902;1;47.558762;9.708929
1102902;6;47.558762;9.708929
1102903;1;47.547873;9.689274
1102904;1;47.546048;9.687172
1102905;1;47.553967;9.718648
1102905;6;47.553967;9.718648
1102907;1;47.552227;9.713052
1102907;6;47.552227;9.713052
1102908;1;47.550857;9.692310
1102908;6;47.550857;9.692310
1102909;1;47.556907;9.717939
1102910;1;47.544435;9.731872
1102911;1;47.552566;9.723526
1102911;6;47.552566;9.723526
1102912;6;47.559108;9.718235
1102913;1;47.546533;9.679680
1102914;1;47.556537;9.709261
1102914;6;47.556537;9.709261
1102915;1;47.556119;9.692067
1102915;6;47.556119;9.692067
1102916;1;47.562969;9.698248
1102916;6;47.562969;9.698248
1102980;1;47.682187;9.553457
1102980;2;47.682187;9.553457
1102981;1;47.711160;9.609306
1102981;2;47.711160;9.609306
1102993;1;47.676072;9.533506
1102993;2;47.676072;9.533506
1102996;1;47.700998;9.592148
1102996;2;47.700998;9.592148
1102997;1;47.716268;9.579805
1102997;2;47.716268;9.579805
1102999;1;47.683227;9.547933
1103002;1;47.681522;9.549541
1103002;2;47.681522;9.549541
1103005;1;47.719628;9.596828
1103005;2;47.719628;9.596828
1103007;1;47.722142;9.595885
1103008;1;47.709063;9.611569
1103008;2;47.709063;9.611569
1103009;1;47.708875;9.607275
1103009;2;47.708875;9.607275
1103014;1;47.682399;9.555110
1103014;2;47.682399;9.555110
1103015;1;47.680494;9.558245
1103015;2;47.680494;9.558245
1103017;1;47.661548;9.538033
1103019;1;47.666739;9.541087
1103022;1;47.670072;9.542480
1103023;1;47.670417;9.540557
1103023;2;47.670417;9.540557
1103029;1;47.681014;9.530721
1103029;2;47.681014;9.530721
1103033;1;47.701923;9.612324
1103034;1;47.708996;9.603107
1103034;2;47.708996;9.603107
1103036;1;47.663145;9.538491
1103065;1;47.604608;9.751338
1103065;6;47.604608;9.751338
1103066;1;47.565369;9.710860
1103067;1;47.569643;9.712217
1103068;1;47.647176;9.714606
1103070;1;47.660186;9.713726
1103070;2;47.660186;9.713726
1103071;1;47.649174;9.698886
1103072;1;47.652145;9.709683
1103073;1;47.657415;9.686983
1103073;2;47.657415;9.686983
1103074;1;47.654789;9.731449
1103075;1;47.669497;9.722323
1103076;1;47.673145;9.719717
1103077;1;47.683844;9.714157
1103078;1;47.677028;9.705623
1103081;1;47.676883;9.727075
1103082;1;47.662231;9.730955
1103083;1;47.660332;9.726787
1103084;1;47.655618;9.666133
1103084;2;47.655618;9.666133
1103085;1;47.643654;9.708659
1103086;1;47.675740;9.680928
1103087;1;47.672237;9.679751
1103088;1;47.657917;9.702533
1103090;1;47.680947;9.680308
1103091;1;47.638903;9.700529
1103092;1;47.658710;9.718074
1103092;2;47.658710;9.718074
1103094;1;47.645191;9.693280
1103095;1;47.645797;9.690100
1103096;1;47.672491;9.673912
1103097;1;47.670507;9.672870
1103098;1;47.672074;9.710842
1103099;1;47.672080;9.717714
1103100;1;47.671766;9.706692
1103101;1;47.659436;9.697601
1103101;2;47.659436;9.697601
1103102;1;47.651649;9.675961
1103103;1;47.652375;9.674128
1103103;2;47.652375;9.674128
1103104;1;47.640852;9.676383
1103105;1;47.642123;9.675754
1103106;1;47.644265;9.673185
1103107;1;47.646160;9.676365
1103108;1;47.684249;9.696083
1103109;1;47.657167;9.683219
1103109;2;47.657167;9.683219
1103110;1;47.686481;9.712926
1103111;1;47.656465;9.730659
1103163;1;47.669049;9.766160
1103164;1;47.664778;9.762289
1103165;1;47.668420;9.772008
1103165;2;47.668420;9.772008
1103167;1;47.761915;9.628143
1103167;2;47.761915;9.628143
1103168;1;47.770067;9.620876
1103168;2;47.770067;9.620876
1103203;1;47.759288;9.637144
1103203;2;47.759288;9.637144
1103220;1;47.766987;9.621172
1103220;2;47.766987;9.621172
1103227;1;47.732312;9.592929
1103227;2;47.732312;9.592929
1103307;1;47.588240;9.740451
1103311;1;47.774733;9.654922
1103311;2;47.774733;9.654922
1103312;1;47.790138;9.700781
1103313;1;47.796529;9.710016
1103313;2;47.796529;9.710016
1103314;2;47.795769;9.705533
1103315;1;47.770616;9.675655
1103315;2;47.770616;9.675655
1103316;1;47.762102;9.685770
1103317;2;47.797923;9.698311
1103319;2;47.801230;9.697017
1103320;1;47.778283;9.698957
1103320;2;47.778283;9.698957
1103321;1;47.784386;9.702119
1103324;1;47.575685;9.708965
1103339;1;47.670834;9.609611
1103339;2;47.670834;9.609611
1103340;1;47.684419;9.646253
1103340;2;47.684419;9.646253
1103341;1;47.683130;9.594277
1103342;1;47.687043;9.627703
1103342;2;47.687043;9.627703
1103343;1;47.610537;9.673005
1103344;1;47.680342;9.586147
1103344;2;47.680342;9.586147
1103345;1;47.667404;9.581476
1103346;1;47.658141;9.604850
1103351;1;47.663097;9.572672
1103351;2;47.663097;9.572672
1103352;2;47.672570;9.591492
1103353;1;47.656774;9.653278
1103353;2;47.656774;9.653278
1103354;1;47.671064;9.590118
1103354;3;47.671064;9.590118
1103354;4;47.671064;9.590118
1103355;1;47.667277;9.610375
1103356;1;47.678861;9.586758
1103357;1;47.682489;9.588581
1103358;1;47.672243;9.621765
1103359;1;47.623666;9.669529
1103360;1;47.623593;9.671388
1103361;1;47.624017;9.675673
1103362;1;47.693997;9.602353
1103363;1;47.682151;9.615064
1103363;2;47.682151;9.615064
1103364;1;47.685882;9.664624
1103365;1;47.671179;9.611677
1103369;1;47.614825;9.643765
1103370;1;47.613366;9.653799
1103371;1;47.612875;9.678808
1103372;1;47.609793;9.681225
1103373;1;47.657113;9.658695
1103373;2;47.657113;9.658695
1103374;1;47.658825;9.588402
1103375;1;47.619021;9.673158
1103376;1;47.620378;9.671604
1103377;1;47.676967;9.649676
1103378;1;47.696827;9.607671
1103379;1;47.673151;9.659198
1103380;1;47.659357;9.570606
1103382;1;47.680373;9.580155
1103383;1;47.685181;9.587171
1103383;2;47.685181;9.587171
1103384;1;47.684255;9.584081
1103384;2;47.684255;9.584081
1103385;1;47.649089;9.655317
1103386;1;47.676816;9.614408
1103386;2;47.676816;9.614408
1103387;1;47.701246;9.650574
1103388;1;47.618882;9.664759
1103389;1;47.684449;9.595678
1103391;1;47.624101;9.657464
1103391;2;47.624101;9.657464
1103392;1;47.622576;9.655227
1103393;1;47.660495;9.602362
1103394;1;47.635634;9.666627
1103396;1;47.657022;9.589084
1103398;1;47.693024;9.590028
1103398;2;47.693024;9.590028
1103400;1;47.629720;9.625547
1103401;1;47.677403;9.586569
1103401;2;47.677403;9.586569
1103402;1;47.658934;9.601005
1103402;2;47.658934;9.601005
1103403;1;47.674615;9.587737
1103405;1;47.677596;9.591878
1103405;2;47.677596;9.591878
1103406;1;47.670568;9.588528
1103408;1;47.665432;9.550439
1103408;2;47.665432;9.550439
1103409;1;47.666049;9.555119
1103409;2;47.666049;9.555119
1103410;1;47.668862;9.549720
1103410;2;47.668862;9.549720
1103411;1;47.673822;9.587539
1103411;3;47.673822;9.587539
1103412;1;47.673653;9.597385
1103413;1;47.683046;9.662674
1103413;2;47.683046;9.662674
1103414;1;47.612815;9.658228
1103416;1;47.646081;9.655191
1103417;1;47.666732;9.589381
1103417;2;47.666732;9.589381
1103418;1;47.665619;9.588725
1103418;2;47.665619;9.588725
1103418;3;47.665619;9.588725
1103418;4;47.665619;9.588725
1103418;5;47.665619;9.588725
1103419;1;47.668275;9.589345
1103420;1;47.675165;9.653691
1103422;1;47.676417;9.576643
1103422;2;47.676417;9.576643
1103423;1;47.678074;9.569968
1103424;1;47.674554;9.583659
1103424;2;47.674554;9.583659
1103428;1;47.656217;9.611650
1103429;1;47.673483;9.668118
1103430;1;47.673574;9.668702
1103430;2;47.673574;9.668702
1103432;1;47.681667;9.640998
1103433;1;47.681461;9.639489
1103433;2;47.681461;9.639489
1103434;1;47.629914;9.657689
1103435;1;47.619591;9.654446
1103436;1;47.669080;9.559386
1103437;1;47.689770;9.649290
1103438;1;47.674584;9.583218
1103439;1;47.641288;9.661498
1103440;1;47.627347;9.638177
1103441;1;47.676647;9.587090
1103441;2;47.676647;9.587090
1103443;1;47.622327;9.682150
1103444;1;47.619924;9.683336
1103445;1;47.661542;9.590971
1103446;1;47.668493;9.586479
1103446;2;47.668493;9.586479
1103447;1;47.691204;9.619555
1103447;2;47.691204;9.619555
1103448;1;47.662885;9.593684
1103448;2;47.662885;9.593684
1103449;1;47.664736;9.592471
1103449;2;47.664736;9.592471
1103450;1;47.634339;9.669466
1103450;2;47.634339;9.669466
1103451;1;47.636603;9.676167
1103451;2;47.636603;9.676167
1103452;1;47.637087;9.679689
1103453;1;47.697323;9.648131
1103454;1;47.661209;9.595256
1103454;2;47.661209;9.595256
1103456;1;47.664288;9.644933
1103457;1;47.662510;9.647187
1103459;1;47.674681;9.638052
1103460;1;47.627982;9.649748
1103460;2;47.627982;9.649748
1103461;1;47.618925;9.623328
1103462;1;47.658910;9.587333
1103463;1;47.689341;9.655605
1103463;2;47.689341;9.655605
1103464;1;47.665456;9.610671
1103465;1;47.656441;9.590746
1103466;1;47.671511;9.595489
1103466;2;47.671511;9.595489
1103467;1;47.639708;9.655048
1103468;1;47.619942;9.637126
1103470;1;47.648768;9.646801
1103472;1;47.639405;9.654437
1103473;1;47.614946;9.665360
1103473;2;47.614946;9.665360
1103474;1;47.657675;9.570121
1103476;1;47.660434;9.609494
1103477;1;47.659509;9.568603
1103477;2;47.659509;9.568603
1103478;1;47.627867;9.627209
1103479;1;47.624804;9.658560
1103480;1;47.637269;9.634144
1103481;1;47.636276;9.631126
1103482;1;47.619221;9.650305
1103483;2;47.629774;9.638923
1103484;1;47.620323;9.620355
1103486;1;47.686076;9.655317
1103487;1;47.636718;9.662109
1103490;1;47.646257;9.644115
1103494;1;47.792636;9.199835
1103497;1;47.768527;9.215646
1103498;1;47.757181;9.186999
1103498;2;47.757181;9.186999
1103500;1;47.773236;9.134178
1103502;1;47.775784;9.140978
1103503;1;47.772681;9.172922
1103505;1;47.775736;9.152000
1103511;1;47.765025;9.181375
1103512;1;47.759294;9.186127
1103512;2;47.759294;9.186127
1103518;1;47.764657;9.176560
1103551;1;47.775814;9.755929
1103551;2;47.775814;9.755929
1103552;1;47.776641;9.741430
1103552;2;47.776641;9.741430
1103553;1;47.757144;9.762908
1103553;2;47.757144;9.762908
1103554;1;47.783806;9.778288
1103554;2;47.783806;9.778288
1103555;1;47.790150;9.777964
1103555;2;47.790150;9.777964
1103556;1;47.752718;9.761417
1103556;2;47.752718;9.761417
1103557;1;47.761589;9.762783
1103557;2;47.761589;9.762783
1103559;1;47.797126;9.782052
1103559;2;47.797126;9.782052
1103561;1;47.786855;9.778404
1103561;2;47.786855;9.778404
1103562;1;47.769415;9.769304
1103562;2;47.769415;9.769304
1103564;1;47.745572;9.721864
1103564;2;47.745572;9.721864
1103565;1;47.757362;9.732384
1103567;2;47.748266;9.750431
1103569;1;47.770417;9.698400
1103570;1;47.747813;9.740756
1103570;2;47.747813;9.740756
1103571;1;47.768817;9.725395
1103571;2;47.768817;9.725395
1103572;1;47.739888;9.708992
1103572;2;47.739888;9.708992
1103573;1;47.757398;9.718029
1103574;1;47.758908;9.694421
1103575;1;47.757380;9.713492
1103575;2;47.757380;9.713492
1103576;1;47.753261;9.738555
1103576;2;47.753261;9.738555
1103578;1;47.757030;9.720769
1103578;2;47.757030;9.720769
1103580;1;47.690823;9.819538
1103580;2;47.690823;9.819538
1103581;1;47.684594;9.828746
1103581;2;47.684594;9.828746
1103582;1;47.683173;9.825683
1103583;1;47.635047;9.756477
1103583;2;47.635047;9.756477
1103585;1;47.679598;9.827785
1103585;2;47.679598;9.827785
1103586;1;47.678685;9.834540
1103589;1;47.681618;9.821640
1103589;2;47.681618;9.821640
1103591;1;47.693525;9.820751
1103591;2;47.693525;9.820751
1103592;1;47.639218;9.759944
1103592;2;47.639218;9.759944
1103595;1;47.699789;9.822611
1103595;2;47.699789;9.822611
1103596;1;47.680566;9.823419
1103596;2;47.680566;9.823419
1103597;1;47.625990;9.752084
1103598;1;47.687092;9.839957
1103599;1;47.698411;9.819808
1103600;1;47.680699;9.837891
1103600;2;47.680699;9.837891
1103601;1;47.685906;9.819368
1103601;2;47.685906;9.819368
1103602;1;47.682526;9.820949
1103602;2;47.682526;9.820949
1103603;1;47.683143;9.843254
1103605;2;47.686281;9.835223
1103606;2;47.687412;9.825683
1103607;1;47.700237;9.841924
1103608;1;47.622182;9.756656
1103609;1;47.663405;9.741654
1103613;1;47.671070;9.791673
1103613;2;47.671070;9.791673
1103615;1;47.678625;9.837199
1103617;1;47.668463;9.734944
1103619;1;47.677633;9.738187
1103619;2;47.677633;9.738187
1103620;1;47.663417;9.787702
1103620;6;47.663417;9.787702
1103621;1;47.704704;9.817778
1103621;2;47.704704;9.817778
1103623;1;47.653875;9.778431
1103623;6;47.653875;9.778431
1103630;1;47.676931;9.763591
1103630;2;47.676931;9.763591
1103632;1;47.698290;9.830606
1103632;2;47.698290;9.830606
1103633;1;47.684449;9.835385
1103633;2;47.684449;9.835385
1103636;1;47.693513;9.840649
1103636;3;47.693513;9.840649
1103637;1;47.672752;9.811292
1103637;2;47.672752;9.811292
1103638;1;47.652913;9.752650
1103639;1;47.669285;9.776635
1103639;2;47.669285;9.776635
1103640;1;47.690901;9.825440
1103642;1;47.671082;9.799560
1103642;2;47.671082;9.799560
1103646;1;47.659279;9.741663
1103648;1;47.696543;9.833157
1103648;2;47.696543;9.833157
1103650;1;47.687237;9.738429
1103650;2;47.687237;9.738429
1103651;6;47.625288;9.750709
1103653;1;47.688688;9.759396
1103653;2;47.688688;9.759396
1103655;1;47.687636;9.835403
1103656;1;47.682272;9.756000
1103656;2;47.682272;9.756000
1103657;1;47.680445;9.755749
1103657;2;47.680445;9.755749
1103658;1;47.642801;9.763259
1103658;2;47.642801;9.763259
1103660;1;47.696724;9.821290
1103660;2;47.696724;9.821290
1103661;1;47.693066;9.845014
1103662;1;47.680923;9.825368
1103662;2;47.680923;9.825368
1103663;1;47.686650;9.820517
1103663;2;47.686650;9.820517
1103665;1;47.688325;9.821317
1103665;2;47.688325;9.821317
1103671;1;47.699324;9.819996
1103671;2;47.699324;9.819996
1103673;1;47.698187;9.825952
1103673;2;47.698187;9.825952
1103675;1;47.686511;9.831881
1103675;2;47.686511;9.831881
1103676;1;47.683397;9.837019
1103676;2;47.683397;9.837019
1103680;1;47.694553;9.827929
1103680;2;47.694553;9.827929
1103681;1;47.695128;9.841799
1103683;1;47.698901;9.828234
1103683;2;47.698901;9.828234
1103688;1;47.684407;9.821380
1103688;2;47.684407;9.821380
1103705;1;47.800674;9.635051
1103706;1;47.809031;9.636578
1103706;3;47.809031;9.636578
1103706;5;47.809031;9.636578
1103710;1;47.812838;9.626859
1103710;2;47.812838;9.626859
1103741;1;47.811462;9.631844
1103741;2;47.811462;9.631844
1103753;1;47.800451;9.631916
1103753;2;47.800451;9.631916
1103754;1;47.820366;9.640288
1103754;2;47.820366;9.640288
1103756;1;47.586035;9.725206
1103756;6;47.586035;9.725206
1103757;6;47.591160;9.729850
1103758;6;47.587616;9.727084
1103759;1;47.596764;9.737765
1103759;6;47.596764;9.737765
1103764;1;47.703405;9.669430
1103765;1;47.687358;9.685465
1103766;1;47.694819;9.667004
1103766;2;47.694819;9.667004
1103770;1;47.693725;9.850872
1103777;1;47.650305;9.544896
1103777;2;47.650305;9.544896
1103778;1;47.649434;9.537099
1103778;2;47.649434;9.537099
1103779;1;47.632063;9.524747
1103781;1;47.636930;9.540126
1103781;2;47.636930;9.540126
1103784;1;47.626687;9.540800
1103784;2;47.626687;9.540800
1103785;1;47.620741;9.541546
1103785;2;47.620741;9.541546
1103788;1;47.645736;9.537988
1103788;2;47.645736;9.537988
1103789;1;47.628291;9.539902
1103789;2;47.628291;9.539902
1103790;1;47.640071;9.539084
1103790;2;47.640071;9.539084
1103791;1;47.632844;9.539839
1103791;2;47.632844;9.539839
1103807;1;47.653276;9.481547
1103833;1;47.656532;9.471908
1103847;1;47.660816;9.490081
1103857;1;47.706729;9.519618
1103858;1;47.707328;9.514399
1103877;2;47.660574;9.488240
1103897;2;47.652587;9.488114
1103900;1;47.658892;9.484557
1103901;1;47.708380;9.518297
1103906;1;47.658516;9.463284
1103906;2;47.658516;9.463284
1104994;3;47.784754;9.607455
1104994;4;47.784754;9.607455
1104994;8;47.784754;9.607455
1104994;10;47.784754;9.607455
1104995;1;47.698622;9.562917
1104995;2;47.698622;9.562917
1105035;1;47.902635;9.361460
1105035;2;47.902635;9.361460
1105042;1;48.062308;9.974596
1105043;1;47.974725;9.939930
1105046;1;47.974827;9.940119
1105050;1;47.773236;9.416024
1105050;2;47.773236;9.416024
1105051;1;47.821180;10.052040
1105051;2;47.821180;10.052040
1105053;1;47.872882;9.397564
1105053;2;47.872882;9.397564
1105055;1;47.835106;9.914894
1105056;1;48.075521;9.809675
1105057;2;47.924828;9.751832
1105057;3;47.924828;9.751832
1105057;4;47.924828;9.751832
1105058;1;47.918748;9.755731
1105059;1;47.914341;9.682806
1105060;1;47.934675;9.747520
1105061;1;47.929734;9.764633
1105062;1;47.900148;9.758210
1105062;2;47.900148;9.758210
1105063;1;47.885011;9.750628
1105064;1;47.923546;9.679060
1105065;1;47.919356;9.753844
1105065;2;47.919356;9.753844
1105066;1;47.881553;9.732060
1105067;1;47.900286;9.703799
1105070;1;47.926628;9.761507
1105070;2;47.926628;9.761507
1105078;1;47.870050;9.761256
1105078;2;47.870050;9.761256
1105079;1;47.923612;9.739561
1105094;1;47.892703;9.505694
1105094;2;47.892703;9.505694
1105098;1;48.007815;10.104664
1105098;2;48.007815;10.104664
1105114;1;47.767525;9.164109
1105115;1;47.896233;9.724568
1105116;1;47.890643;9.737423
1105117;1;47.883258;9.720014
1105124;1;47.907862;9.463680
1105124;2;47.907862;9.463680
1105126;1;47.898190;9.499729
1105126;2;47.898190;9.499729
1105129;1;47.886812;9.940712
1105130;1;47.886854;9.951689
1105139;1;47.846598;9.970303
1105139;2;47.846598;9.970303
1105151;1;47.595922;9.545965
1105153;1;47.807565;9.780183
1105153;2;47.807565;9.780183
1105154;1;47.892679;9.456691
1105154;2;47.892679;9.456691
1105155;1;47.848641;9.361451
1105156;1;47.832072;9.383146
1105156;2;47.832072;9.383146
1105157;1;47.824009;9.401130
1105157;2;47.824009;9.401130
1105158;1;47.872292;9.374980
1105159;1;47.860769;9.372123
1105159;2;47.860769;9.372123
1105162;1;47.863867;9.377289
1105163;1;47.893022;9.353286
1105166;1;47.874720;9.371261
1105169;1;47.843830;9.392704
1105169;2;47.843830;9.392704
1105170;1;47.864789;9.376292
1105170;2;47.864789;9.376292
1105171;1;47.820402;9.400977
1105201;1;47.931750;9.355693
1105201;2;47.931750;9.355693
1105206;1;47.902442;9.469537
1105206;2;47.902442;9.469537
1105208;1;48.064188;9.974004
1105208;2;48.064188;9.974004
1105215;1;47.909825;9.346908
1105215;2;47.909825;9.346908
1105217;1;47.954352;9.382562
1105217;2;47.954352;9.382562
1105221;1;47.886655;9.914140
1105222;1;47.953702;9.389838
1105224;1;48.019599;9.504885
1105224;2;48.019599;9.504885
1105224;3;48.019599;9.504885
1105225;7;48.066007;9.952794
1105231;1;47.929601;9.337017
1105236;1;47.930595;9.390566
1105239;1;47.824835;10.021722
1105240;1;47.758624;10.060269
1105240;2;47.758624;10.060269
1105254;1;47.929945;9.754635
1105255;1;47.923967;9.684378
1105258;1;47.929042;9.757797
1105261;1;47.928367;9.765756
1105262;1;47.914305;9.755758
1105262;5;47.914305;9.755758
1105262;6;47.914305;9.755758
1105263;1;47.879854;9.707402
1105263;2;47.879854;9.707402
1105264;1;47.926321;9.743613
1105266;1;47.918850;9.747125
1105266;3;47.918850;9.747125
1105266;4;47.918850;9.747125
1105268;1;47.915443;9.747538
1105268;2;47.915443;9.747538
1105271;1;47.895540;9.720661
1105271;2;47.895540;9.720661
1105272;1;47.895372;9.718738
1105272;2;47.895372;9.718738
1105275;1;47.965998;9.706674
1105277;1;47.899798;9.787190
1105277;2;47.899798;9.787190
1105279;1;47.953564;9.698382
1105281;1;47.950171;9.742840
1105282;1;47.887782;9.687971
1105283;1;47.890746;9.690280
1105284;1;47.955700;9.735330
1105286;1;47.919061;9.760258
1105287;1;47.881541;9.800710
1105288;1;47.964482;9.726670
1105289;1;47.899172;9.761902
1105290;A;47.899045;9.767589
1105290;B;47.899045;9.767589
1105290;C;47.899045;9.767589
1105291;1;47.898383;9.763519
1105292;1;47.892438;9.692921
1105293;1;47.901587;9.704689
1105293;2;47.901587;9.704689
1105296;1;47.913895;9.756018
1105296;2;47.913895;9.756018
1105297;1;47.923672;9.763636
1105298;1;47.935843;9.724110
1105299;1;47.876932;9.767957
1105300;1;47.901268;9.808767
1105301;1;47.899714;9.699703
1105301;2;47.899714;9.699703
1105303;1;47.884854;9.760663
1105303;2;47.884854;9.760663
1105305;1;47.919819;9.743208
1105306;1;47.918254;9.757033
1105307;1;47.925990;9.758381
1105308;1;47.925231;9.749488
1105309;1;47.927128;9.747619
1105310;1;47.905098;9.764552
1105310;2;47.905098;9.764552
1105311;1;47.921168;9.737001
1105311;2;47.921168;9.737001
1105312;1;47.921066;9.690998
1105313;1;47.939725;9.748491
1105316;1;47.922829;9.743406
1105316;2;47.922829;9.743406
1105321;1;47.893649;9.962487
1105323;1;47.891595;9.923491
1105330;1;47.599151;9.596073
1105362;1;47.821590;9.645256
1105365;1;47.867724;9.422142
1105365;2;47.867724;9.422142
1105365;3;47.867724;9.422142
1105386;2;47.909331;9.893946
1105386;3;47.909331;9.893946
1105386;4;47.909331;9.893946
1105386;5;47.909331;9.893946
1105387;1;47.905941;9.904645
1105389;1;47.886143;9.810582
1105389;2;47.886143;9.810582
1105391;2;47.904020;9.830120
1105394;1;47.890872;9.902534
1105394;2;47.890872;9.902534
1105395;1;47.872509;9.910106
1105395;2;47.872509;9.910106
1105607;1;47.894914;10.079304
1105607;2;47.894914;10.079304
1105608;1;47.925881;10.100540
1105608;2;47.925881;10.100540
1105609;1;47.909584;9.430550
1105609;2;47.909584;9.430550
1106355;1;47.849594;9.722592
1106355;2;47.849594;9.722592
1106356;1;47.855761;9.730973
1106356;2;47.855761;9.730973
1106357;1;47.862240;9.774964
1106357;2;47.862240;9.774964
1106358;1;47.854224;9.750763
1106358;2;47.854224;9.750763
1106359;1;47.849118;9.748670
1106359;2;47.849118;9.748670
1106360;1;48.085039;9.778773
1106360;2;48.085039;9.778773
1106361;3;48.096950;9.791035
1106362;2;48.070323;9.810519
1106363;2;48.074680;9.880426
1106364;1;48.066283;9.759378
1106364;2;48.066283;9.759378
1106365;2;48.063695;9.829644
1106366;2;48.090212;9.805534
1106368;2;48.096296;9.792274
1106369;2;48.064584;9.834630
1106370;2;48.066919;9.853117
1106371;1;48.094544;9.786004
1106375;1;48.095258;9.784315
1106376;1;48.091700;9.797224
1106376;2;48.091700;9.797224
1106376;3;48.091700;9.797224
1106377;1;48.066703;9.822233
1106378;1;48.071931;9.801976
1106379;2;48.110663;9.799012
1106382;1;48.093734;9.790541
1106427;1;47.923702;9.925171
1106427;2;47.923702;9.925171
1106429;1;47.854905;9.895868
1106430;1;47.864241;9.900845
1106430;2;47.864241;9.900845
1106432;4;47.923395;9.964859
1106432;5;47.923395;9.964859
1106434;1;47.867254;9.933175
1106436;1;47.939327;9.933364
1106436;2;47.939327;9.933364
1106443;1;47.902846;9.893541
1106444;8;47.984214;10.186500
1106495;1;47.792999;9.406421
1106495;2;47.792999;9.406421
1106505;1;47.941945;9.418746
1106506;1;47.721604;9.900036
1106507;1;47.722577;9.894961
1106518;1;47.909584;9.539039
1106518;2;47.909584;9.539039
1106520;1;47.723073;9.898833
1106529;1;47.865555;9.785483
1106529;2;47.865555;9.785483
1106537;1;47.896359;9.948815
1106538;1;47.875335;9.964868
1106539;1;47.901346;9.969081
1106539;2;47.901346;9.969081
1106541;1;47.845434;9.906262
1106542;1;47.834466;9.899201
1106543;1;47.909620;9.902516
1106547;1;47.851445;10.019063
1106547;2;47.851445;10.019063
1106549;1;47.828979;10.038143
1106552;1;47.775337;10.044198
1106552;2;47.775337;10.044198
1106553;1;47.820879;10.025531
1106554;1;47.868779;10.022899
1106554;2;47.868779;10.022899
1106555;1;47.832380;10.023635
1106555;2;47.832380;10.023635
1106556;1;47.828364;10.023447
1106556;2;47.828364;10.023447
1106557;1;47.828647;10.015640
1106557;2;47.828647;10.015640
1106560;1;47.757307;9.914832
1106564;1;47.981045;10.086239
1106564;2;47.981045;10.086239
1106569;1;47.996869;9.892814
1106570;1;48.028677;9.593989
1106570;2;48.028677;9.593989
1106573;1;47.861643;9.781459
1106580;1;48.000680;10.088215
1106580;2;48.000680;10.088215
1106586;1;48.013343;9.501624
1106586;2;48.013343;9.501624
1106587;1;48.008548;9.653682
1106587;2;48.008548;9.653682
1106588;1;48.005423;9.656701
1106588;2;48.005423;9.656701
1106590;1;48.004767;9.652443
1106591;1;48.041880;9.730839
1106591;2;48.041880;9.730839
1106592;1;48.007851;9.561722
1106592;2;48.007851;9.561722
1106593;1;48.009341;9.586282
1106593;2;48.009341;9.586282
1106594;1;48.010741;9.494546
1106595;1;47.993936;9.666025
1106596;1;47.979656;9.662432
1106598;1;47.991098;9.653889
1106598;2;47.991098;9.653889
1106599;1;47.976156;9.676500
1106600;1;47.988519;9.634018
1106600;2;47.988519;9.634018
1106601;1;48.001480;9.623670
1106601;2;48.001480;9.623670
1106602;1;48.013746;9.666052
1106602;2;48.013746;9.666052
1106603;1;47.990906;9.672349
1106605;1;48.030053;9.698248
1106605;2;48.030053;9.698248
1106606;1;48.028148;9.695202
1106606;2;48.028148;9.695202
1106606;3;48.028148;9.695202
1106606;4;48.028148;9.695202
1106610;1;47.977064;9.646199
1106610;2;47.977064;9.646199
1106613;1;48.018956;9.613734
1106613;2;48.018956;9.613734
1106631;1;48.028545;10.030382
1106631;2;48.028545;10.030382
1106738;1;48.066457;9.958768
1106738;2;48.066457;9.958768
1106739;1;48.070947;9.952426
1106739;2;48.070947;9.952426
1106740;2;48.046042;9.881872
1106741;1;48.029452;9.874362
1106792;1;47.890987;9.971551
1106792;2;47.890987;9.971551
1106793;1;47.890523;9.965649
1106794;1;47.877841;9.968982
1106795;1;47.887981;9.920482
1106797;1;47.931600;10.029771
1106798;1;47.951211;9.974857
1106798;2;47.951211;9.974857
1106799;1;47.907260;9.890568
1106799;2;47.907260;9.890568
1106800;1;47.878058;9.991844
1106800;2;47.878058;9.991844
1106801;1;47.845012;9.882052
1106801;2;47.845012;9.882052
1106803;2;47.854561;9.840864
1106804;1;47.930017;10.002831
1106804;2;47.930017;10.002831
1106805;1;47.884312;9.945284
1106807;1;47.948576;9.985134
1106807;2;47.948576;9.985134
1106809;1;47.926833;9.992356
1106809;2;47.926833;9.992356
1106810;1;47.841425;9.823608
1106812;1;47.942529;10.005732
1106812;2;47.942529;10.005732
1106813;1;47.907946;9.889562
1106813;2;47.907946;9.889562
1106814;1;47.938569;10.030732
1106815;1;47.939538;10.027238
1106815;2;47.939538;10.027238
1106816;1;47.960621;9.939329
1106816;2;47.960621;9.939329
1106817;1;47.961715;9.928648
1106818;1;47.891468;9.906486
1106819;1;47.940236;9.979151
1106819;2;47.940236;9.979151
1106820;2;47.845549;9.827929
1106826;1;47.835142;10.018201
1106826;2;47.835142;10.018201
1106827;1;47.818496;10.057771
1106827;2;47.818496;10.057771
1106828;1;47.812011;10.082322
1106828;2;47.812011;10.082322
1106829;1;47.836167;10.030319
1106831;1;47.830149;10.030229
1106832;1;47.827049;10.099355
1106832;2;47.827049;10.099355
1106833;1;47.824721;10.100693
1106834;1;47.823943;10.032286
1106835;1;47.837867;10.056487
1106837;1;47.837771;10.087461
1106837;2;47.837771;10.087461
1106839;1;47.829751;10.011140
1106841;1;47.859238;10.033301
1106841;2;47.859238;10.033301
1106842;1;47.809827;10.101412
1106842;2;47.809827;10.101412
1106846;1;47.821054;10.035170
1106847;1;47.822073;10.020554
1106847;2;47.822073;10.020554
1106854;1;47.838663;10.018803
1106855;1;47.835811;10.020635
1106859;2;47.839646;9.985215
1106860;1;47.847128;10.078199
1106861;1;47.840056;10.066791
1106862;1;47.843197;10.071444
1106863;1;47.845211;10.074938
1106869;1;47.834436;10.095600
1106869;2;47.834436;10.095600
1106870;1;47.838289;10.032906
1106872;1;47.822423;10.031810
1106873;1;47.820867;10.031478
1106875;1;47.834328;10.024947
1106875;2;47.834328;10.024947
1106876;1;47.822543;10.035772
1106878;1;47.869008;10.036068
1106878;2;47.869008;10.036068
1106881;1;47.853030;10.015578
1106881;2;47.853030;10.015578
1106882;1;47.816855;10.104807
1106882;2;47.816855;10.104807
1106883;1;47.831717;10.021030
1106883;2;47.831717;10.021030
1106884;1;47.830125;10.033122
1106885;1;47.827175;10.015110
1106886;1;47.825704;10.011643
1106888;1;47.824238;10.026160
1106889;1;47.856791;10.073779
1106889;2;47.856791;10.073779
1106890;1;47.860004;10.068497
1106890;2;47.860004;10.068497
1106891;1;47.863349;9.916619
1106891;2;47.863349;9.916619
1106895;1;47.849214;10.083957
1106896;1;47.825788;10.022037
1106896;2;47.825788;10.022037
1106897;1;47.829926;10.008759
1106898;1;47.868086;9.995878
1106899;1;47.819618;10.016961
1106900;1;47.818279;10.020042
1106900;2;47.818279;10.020042
1106900;3;47.818279;10.020042
1106900;7;47.818279;10.020042
1106901;1;47.855911;10.060062
1106901;2;47.855911;10.060062
1106902;1;47.852427;10.058257
1106902;2;47.852427;10.058257
1106903;1;47.825674;10.036068
1106904;1;47.821017;10.008777
1106905;1;47.831849;10.009388
1106906;1;47.820463;10.013583
1106909;1;47.864241;10.007080
1106909;2;47.864241;10.007080
1106910;1;47.861288;10.000935
1106910;2;47.861288;10.000935
1106911;1;47.861619;9.999740
1106912;1;47.858250;10.001519
1106912;2;47.858250;10.001519
1106913;1;47.834925;10.012029
1106914;1;47.837445;10.010547
1106917;1;47.778573;10.041853
1106917;2;47.778573;10.041853
1106921;1;47.830064;10.041009
1106922;1;47.831427;10.026600
1106923;1;47.861945;9.910088
1106924;1;47.833851;10.066081
1106928;1;47.811052;10.073178
1106928;2;47.811052;10.073178
1106929;1;47.810690;10.064949
1106930;1;47.811426;10.074857
1106930;2;47.811426;10.074857
1106931;1;47.776907;9.893254
1106931;2;47.776907;9.893254
1106936;1;47.752965;9.903917
1106936;2;47.752965;9.903917
1106937;1;47.823611;9.875881
1106937;2;47.823611;9.875881
1106939;1;47.817724;9.875755
1106939;2;47.817724;9.875755
1106945;1;47.758074;9.899758
1106945;2;47.758074;9.899758
1106951;1;47.831885;9.873779
1106951;2;47.831885;9.873779
1106952;1;47.834485;9.875773
1106952;2;47.834485;9.875773
1106962;1;47.750060;9.915415
1106964;1;47.802973;9.876725
1106964;2;47.802973;9.876725
1106966;1;47.761547;9.895751
1106966;2;47.761547;9.895751
1106969;1;47.808042;9.877596
1106969;2;47.808042;9.877596
1106971;1;47.785913;9.892670
1106973;1;47.759596;9.888358
1106977;1;47.784283;9.890029
1106977;2;47.784283;9.890029
1106980;1;47.757229;9.918793
1106981;1;47.900407;9.513240
1106981;2;47.900407;9.513240
1106982;1;47.596510;9.598625
1106984;1;47.792546;9.623077
1106984;2;47.792546;9.623077
1106984;3;47.792546;9.623077
1106997;1;48.034864;9.772979
1107000;1;48.037604;9.711273
1107001;1;48.025523;9.740513
1107001;2;48.025523;9.740513
1107002;1;48.026580;9.742247
1107027;1;47.936854;9.363823
1107027;2;47.936854;9.363823
1107031;1;48.017279;9.502370
1107032;1;47.600641;9.555721
1107032;2;47.600641;9.555721
1107033;1;47.928578;9.543630
1107033;2;47.928578;9.543630
1107035;1;47.933797;9.540216
1107036;1;47.952367;9.382158
1107039;1;47.559459;9.654787
1107041;1;47.560150;9.657859
1107041;6;47.560150;9.657859
1107043;2;47.591930;9.670993
1107048;1;47.584780;9.684450
1107048;6;47.584780;9.684450
1107050;1;47.596964;9.552712
1107050;2;47.596964;9.552712
1107052;1;47.549492;9.715828
1107054;1;47.560987;9.664211
1107055;1;47.585956;9.706872
1107056;1;47.596576;9.683893
1107058;1;47.590397;9.684018
1107058;6;47.590397;9.684018
1107060;1;47.558799;9.673706
1107060;6;47.558799;9.673706
1107061;1;47.597921;9.685698
1107064;1;47.593553;9.683596
1107064;6;47.593553;9.683596
1107066;1;47.558362;9.685950
1107066;6;47.558362;9.685950
1107068;1;47.578030;9.712657
1107069;1;47.590585;9.662926
1107074;1;47.744213;10.012766
1107074;2;47.744213;10.012766
1107075;1;47.742963;10.011356
1107078;1;47.679103;10.111518
1107080;1;47.734541;9.997827
1107088;1;47.745826;10.028594
1107090;1;47.725828;10.079735
1107092;1;48.012743;9.497519
1107098;1;47.951356;9.382912
1107098;2;47.951356;9.382912
1107143;1;47.926074;10.083886
1107146;1;47.795262;9.625080
1107146;2;47.795262;9.625080
1107149;1;47.824998;9.546388
1107150;1;47.826657;9.543890
1107151;1;47.832754;9.548723
1107152;1;47.835329;9.551966
1107153;1;47.841799;9.555910
1107154;1;47.839538;9.568253
1107155;1;47.953438;9.576849
1107156;1;47.818231;9.571936
1107157;1;47.819437;9.567399
1107158;1;47.818502;9.562198
1107159;1;47.819739;9.557760
1107160;1;47.821536;9.554499
1107161;1;47.822706;9.552191
1107162;1;47.839483;9.578412
1107163;1;47.831397;9.583856
1107163;2;47.831397;9.583856
1107164;1;47.839700;9.578799
1107164;2;47.839700;9.578799
1107165;1;47.846604;9.571118
1107165;2;47.846604;9.571118
1107176;1;47.987022;9.537243
1107179;1;47.974569;9.542561
1107180;1;48.000794;9.545840
1107180;2;48.000794;9.545840
1107182;1;48.004419;9.572924
1107183;1;47.998095;9.554167
1107183;2;47.998095;9.554167
1107185;1;48.017069;9.499181
1107186;1;47.998426;9.523247
1107187;1;48.017051;9.486623
1107210;1;47.983805;9.534898
1107211;1;47.984587;9.535078
1107212;1;48.006228;9.515036
1107213;1;48.003631;9.572636
1107213;2;48.003631;9.572636
1107219;1;47.940272;9.402720
1107219;2;47.940272;9.402720
1107220;0;47.916267;9.352477
1107221;1;47.977533;9.432131
1107221;2;47.977533;9.432131
1107222;1;47.983047;9.426840
1107222;2;47.983047;9.426840
1107224;1;47.946488;9.377900
1107224;2;47.946488;9.377900
1107227;1;47.951133;9.393530
1107229;1;47.921794;9.341266
1107229;2;47.921794;9.341266
1107231;1;47.930787;9.550205
1107232;1;47.910319;9.560841
1107234;1;47.926447;9.541366
1107234;2;47.926447;9.541366
1107235;1;47.909355;9.555982
1107236;1;47.912613;9.555505
1107236;2;47.912613;9.555505
1107237;1;47.934067;9.538527
1107237;2;47.934067;9.538527
1107238;1;47.938407;9.542147
1107238;2;47.938407;9.542147
1107238;3;47.938407;9.542147
1107238;4;47.938407;9.542147
1107238;5;47.938407;9.542147
1107238;6;47.938407;9.542147
1107239;1;47.940056;9.540899
1107239;2;47.940056;9.540899
1107240;1;47.912878;9.580003
1107241;1;47.934308;9.533470
1107246;1;47.992090;9.413850
1107246;2;47.992090;9.413850
1107257;1;47.896413;9.337224
1107258;1;47.904417;9.328097
1107259;1;47.957559;9.384700
1107259;2;47.957559;9.384700
1107261;1;47.952559;9.375968
1107261;2;47.952559;9.375968
1107262;1;47.975735;9.407544
1107262;2;47.975735;9.407544
1107263;1;47.942071;9.403070
1107265;1;47.894052;9.337763
1107292;1;47.968458;9.699173
1107352;1;47.828846;9.652506
1107352;2;47.828846;9.652506
1107353;1;47.825511;9.649847
1107353;2;47.825511;9.649847
1107355;1;47.829359;9.638375
1107355;2;47.829359;9.638375
1107359;2;47.941000;9.443225
1107360;1;47.936571;9.432535
1107361;1;47.858853;9.523031
1107361;2;47.858853;9.523031
1107363;1;47.939779;9.442506
1107363;2;47.939779;9.442506
1107365;1;47.862698;9.499900
1107366;1;47.861583;9.519375
1107367;1;47.863126;9.518414
1107367;2;47.863126;9.518414
1107368;1;47.608636;9.530245
1107368;2;47.608636;9.530245
1107373;1;47.693852;9.568082
1107373;2;47.693852;9.568082
1107376;1;47.871418;9.491141
1107376;2;47.871418;9.491141
1107377;1;47.593850;9.548013
1107378;1;47.612372;9.541932
1107378;2;47.612372;9.541932
1107380;1;47.599223;9.537180
1107380;2;47.599223;9.537180
1107381;1;47.602434;9.532688
1107382;1;47.608975;9.530910
1107382;2;47.608975;9.530910
1107383;1;47.605608;9.529868
1107383;2;47.605608;9.529868
1107384;2;47.597558;9.591133
1107385;1;47.598709;9.601355
1107385;2;47.598709;9.601355
1107391;1;47.595783;9.602092
1107394;1;47.605396;9.596343
1107394;2;47.605396;9.596343
1107397;1;47.849136;9.448768
1107423;1;47.819160;9.454328
1107423;2;47.819160;9.454328
1107429;1;47.834050;9.461820
1107430;1;47.823822;9.459323
1107435;1;47.779484;9.454966
1107443;1;47.856484;9.568333
1107443;2;47.856484;9.568333
1107447;1;47.725997;9.557859
1107448;1;47.745469;9.998195
1107448;2;47.745469;9.998195
1107450;1;47.720631;9.878980
1107451;1;47.694983;9.760402
1107451;2;47.694983;9.760402
1107453;1;47.907260;10.091216
1107453;2;47.907260;10.091216
1107457;1;47.824341;9.806396
1107457;2;47.824341;9.806396
1107458;1;47.837512;9.791834
1107458;2;47.837512;9.791834
1107461;1;47.851493;9.792122
1107461;2;47.851493;9.792122
1107462;1;47.821783;9.795095
1107462;2;47.821783;9.795095
1107463;1;47.871069;9.805120
1107465;1;47.871129;9.778647
1107466;1;47.819033;9.792481
1107466;2;47.819033;9.792481
1107470;1;47.845959;9.789822
1107470;2;47.845959;9.789822
1107473;1;47.887240;10.049453
1107473;2;47.887240;10.049453
1107474;1;47.881492;10.040452
1107474;2;47.881492;10.040452
1107475;1;47.718842;9.554454
1107479;1;47.855532;9.567067
1107479;2;47.855532;9.567067
1107484;1;47.806612;9.408685
1107484;2;47.806612;9.408685
1107487;1;47.858702;9.750116
1107487;2;47.858702;9.750116
1107488;1;47.793904;9.387583
1107490;1;47.848937;9.432463
1107490;2;47.848937;9.432463
1107491;1;47.898461;10.082143
1107492;1;47.870677;9.638258
1107492;2;47.870677;9.638258
1107494;1;47.785907;9.430370
1107494;2;47.785907;9.430370
1107495;1;47.802696;9.415889
1107495;2;47.802696;9.415889
1107497;1;47.788418;9.430532
1107497;2;47.788418;9.430532
1107499;1;47.692189;9.560931
1107499;2;47.692189;9.560931
1107502;1;47.723308;9.557859
1107503;1;47.858087;9.770014
1107503;2;47.858087;9.770014
1107507;2;47.961649;10.082179
1107508;1;47.817905;9.404957
1107510;1;47.944051;10.080490
1107510;2;47.944051;10.080490
1107511;1;47.940212;10.087685
1107511;2;47.940212;10.087685
1107512;1;47.906910;10.075980
1107512;2;47.906910;10.075980
1107513;1;47.914293;10.095869
1107513;2;47.914293;10.095869
1107514;1;47.899196;10.052525
1107515;1;47.889673;10.076492
1107515;2;47.889673;10.076492
1107516;1;47.935578;10.104960
1107517;1;47.938088;10.093524
1107517;2;47.938088;10.093524
1107519;1;47.938148;10.087784
1107519;2;47.938148;10.087784
1107520;1;47.919850;10.082385
1107522;1;47.615770;9.673796
1107527;1;47.773725;9.405280
1107527;2;47.773725;9.405280
1107528;1;47.753660;9.382661
1107530;1;47.810370;9.433056
1107530;2;47.810370;9.433056
1107531;1;47.779708;9.430649
1107531;2;47.779708;9.430649
1107533;1;47.751328;9.406277
1107533;2;47.751328;9.406277
1107534;1;47.757519;9.407643
1107534;2;47.757519;9.407643
1107535;1;47.749245;9.403762
1107535;2;47.749245;9.403762
1107536;1;47.851234;9.744637
1107536;2;47.851234;9.744637
1107537;1;47.694142;9.560177
1107537;2;47.694142;9.560177
1107538;1;48.043520;9.798787
1107538;2;48.043520;9.798787
1107539;1;47.801598;9.411344
1107539;2;47.801598;9.411344
1107540;1;47.802400;9.410230
1107540;2;47.802400;9.410230
1107541;1;47.877185;9.483721
1107541;2;47.877185;9.483721
1107568;2;47.796191;9.413185
1107569;1;47.861101;9.423624
1107569;2;47.861101;9.423624
1107570;2;47.853681;9.428735
1107571;1;47.869574;9.450430
1107571;2;47.869574;9.450430
1107572;1;47.866043;9.407957
1107572;2;47.866043;9.407957
1107573;1;47.867670;9.424944
1107573;2;47.867670;9.424944
1107575;1;47.871454;9.396432
1107576;2;47.872394;9.394977
1107577;1;47.863283;9.423839
1107578;1;47.852373;9.409116
1107581;1;47.866200;9.431897
1107581;2;47.866200;9.431897
1107582;1;47.863723;9.438581
1107582;2;47.863723;9.438581
1107583;1;47.865205;9.442875
1107583;2;47.865205;9.442875
1107589;1;48.025992;10.040856
1107589;2;48.025992;10.040856
1107597;1;47.849932;9.752901
1107597;2;47.849932;9.752901
1107598;1;47.852500;9.746406
1107598;2;47.852500;9.746406
1107601;1;47.879149;9.478385
1107602;1;47.917297;9.466420
1107603;1;47.901491;9.489389
1107603;2;47.901491;9.489389
1107604;1;47.898232;9.462683
1107604;2;47.898232;9.462683
1107605;1;47.868019;9.736911
1107608;1;47.987713;9.934873
1107608;2;47.987713;9.934873
1107609;1;47.986102;9.954124
1107619;1;48.011144;9.910079
1107620;1;47.855755;9.532266
1107620;2;47.855755;9.532266
1107625;1;47.996280;9.389569
1107627;1;47.863753;9.588429
1107627;2;47.863753;9.588429
1107630;1;47.863500;9.590648
1107638;1;47.993479;9.986499
1107653;1;47.792262;9.447681
1107654;1;47.804289;9.432733
1107658;1;47.972993;10.049983
1107658;2;47.972993;10.049983
1107662;1;47.770827;9.428556
1107662;2;47.770827;9.428556
1107663;1;47.775808;9.380397
1107665;1;47.691137;9.564713
1107665;2;47.691137;9.564713
1107666;1;47.762555;9.406313
1107666;2;47.762555;9.406313
1107669;1;47.704015;9.545058
1107669;2;47.704015;9.545058
1107671;1;47.703241;9.549352
1107672;1;47.704686;9.549469
1107672;2;47.704686;9.549469
1107673;1;47.701730;9.551454
1107673;2;47.701730;9.551454
1107674;1;47.690036;9.556736
1107682;1;47.692274;9.572502
1107682;2;47.692274;9.572502
1107683;1;47.694971;9.566537
1107683;2;47.694971;9.566537
1107684;1;47.714497;9.550610
1107685;1;47.858961;9.540450
1107686;1;47.882764;9.516788
1107686;2;47.882764;9.516788
1107687;1;47.805821;9.382176
1107689;1;48.011793;9.864113
1107693;1;47.992204;9.564408
1107693;2;47.992204;9.564408
1107697;1;47.956061;9.580299
1107697;2;47.956061;9.580299
1107698;1;47.977876;9.580613
1107698;2;47.977876;9.580613
1107699;1;47.973246;9.591483
1107700;1;47.992379;9.584692
1107700;2;47.992379;9.584692
1107701;1;47.958022;9.584305
1107701;2;47.958022;9.584305
1107702;1;47.972458;9.584916
1107702;2;47.972458;9.584916
1107703;1;47.964651;9.597070
1107703;2;47.964651;9.597070
1107704;1;47.959977;9.591869
1107704;2;47.959977;9.591869
1107707;1;47.780311;9.617732
1107707;2;47.780311;9.617732
1107708;1;47.907802;9.463662
1107708;2;47.907802;9.463662
1107714;1;47.889402;9.582410
1107715;1;47.775078;9.765037
1107715;2;47.775078;9.765037
1107718;2;47.782877;9.615675
1107718;3;47.782877;9.615675
1107720;1;47.784042;9.614893
1107721;1;47.784374;9.615791
1107721;2;47.784374;9.615791
1107728;1;47.786963;9.618298
1107728;2;47.786963;9.618298
1107732;1;47.789329;9.620256
1107732;2;47.789329;9.620256
1107735;1;47.795575;9.429616
1107735;2;47.795575;9.429616
1107736;1;47.773417;9.425825
1107736;2;47.773417;9.425825
1107737;1;47.756408;9.381223
1107751;1;47.968212;9.590432
1107751;2;47.968212;9.590432
1107752;1;48.021972;10.133598
1107753;1;48.020734;10.124211
1107754;1;47.765236;9.405577
1107754;2;47.765236;9.405577
1107755;1;47.770604;9.405595
1107755;2;47.770604;9.405595
1107756;1;47.998011;10.082700
1107757;1;48.053668;9.977633
1107757;2;48.053668;9.977633
1107761;1;47.963063;9.955373
1107761;2;47.963063;9.955373
1107798;1;47.938954;10.105553
1107799;1;47.907368;9.430155
1107800;1;47.774903;9.761633
1107800;2;47.774903;9.761633
1107801;1;48.013079;10.031460
1107801;2;48.013079;10.031460
1107849;1;47.930552;9.420237
1107849;2;47.930552;9.420237
1107850;1;47.941307;10.081999
1107850;2;47.941307;10.081999
1107851;1;47.741984;9.987613
1107851;2;47.741984;9.987613
1107853;1;47.913618;9.424684
1107853;2;47.913618;9.424684
1107855;1;48.013037;9.881028
1107856;1;47.705913;9.546181
1107859;1;47.837487;9.638213
1107859;2;47.837487;9.638213
1107885;1;47.701700;9.558317
1107887;1;47.898684;9.513276
1107892;1;47.859703;9.732159
1107898;1;47.760895;9.374405
1107898;2;47.760895;9.374405
1107901;1;47.981123;10.045231
1107901;2;47.981123;10.045231
1107902;1;47.975477;10.047782
1107902;2;47.975477;10.047782
1107908;1;47.902051;9.470094
1107908;2;47.902051;9.470094
1107909;1;47.898702;9.513824
1107910;1;48.005020;10.040021
1107910;2;48.005020;10.040021
1107912;1;47.798436;9.365449
1107915;1;47.933128;10.100423
1107915;2;47.933128;10.100423
1107921;1;47.877588;9.625529
1107921;2;47.877588;9.625529
1107922;1;47.972325;10.082071
1107922;2;47.972325;10.082071
1107923;1;47.972085;10.085422
1107924;1;47.987833;9.986778
1107929;1;47.940098;10.094710
1108023;1;47.812428;9.416841
1108024;1;47.813055;9.424082
1108024;2;47.813055;9.424082
1108026;1;47.676024;9.582590
1108026;2;47.676024;9.582590
1108027;1;47.927332;9.419644
1108027;2;47.927332;9.419644
1108028;1;47.894709;9.612602
1108039;1;47.754016;9.396863
1108039;2;47.754016;9.396863
1108041;1;48.016330;10.035053
1108045;1;47.776442;9.769772
1108046;1;47.996545;10.000594
1108046;2;47.996545;10.000594
1108047;1;47.854109;9.604293
1108048;1;47.850287;9.604491
1108048;2;47.850287;9.604491
1108050;1;47.879932;9.620588
1108050;2;47.879932;9.620588
1108051;1;47.884667;9.618450
1108051;2;47.884667;9.618450
1108055;1;47.763533;9.432463
1108059;0;48.011348;9.386577
1108063;1;47.748900;9.389048
1108063;2;47.748900;9.389048
1108064;1;47.804440;9.451741
1108065;1;47.781978;9.389524
1108065;3;47.781978;9.389524
1108285;1;47.664748;9.551050
1108286;1;47.664052;9.569196
1108288;1;47.587671;9.733174
1108289;1;47.581345;9.725332
1108289;6;47.581345;9.725332
1108290;1;47.577036;9.720167
1108291;1;47.578073;9.717247
1108291;2;47.578073;9.717247
1108292;1;47.580145;9.715945
1108294;1;47.579787;9.721541
1108294;6;47.579787;9.721541
1108731;1;47.660338;9.705308
1108731;2;47.660338;9.705308
1108791;1;47.903141;9.598328
1108792;1;47.892516;9.616357
1108793;1;47.898028;9.608928
1108801;1;47.891017;9.375285
1108801;2;47.891017;9.375285
1108853;1;48.006781;9.661165
1108854;1;48.018313;9.614767
1108854;2;48.018313;9.614767
1108857;1;48.006613;9.661129
1108903;1;47.680173;9.846227
1108904;1;47.696839;9.834711
1108906;1;47.687079;9.831378
1108907;1;47.694995;9.831863
1108907;2;47.694995;9.831863
1108908;1;47.679072;9.838996
1108911;1;47.691464;9.821227
1108967;1;47.562908;9.666402
1108980;1;47.663944;10.095573
1108980;6;47.663944;10.095573
1108989;1;47.666956;10.097854
1108989;6;47.666956;10.097854
1108997;2;47.988868;10.181110
1109041;1;47.669055;9.802892
1109041;2;47.669055;9.802892
1109125;2;48.004407;10.173250
1109126;2;48.000470;10.175900
1109130;2;48.012214;10.164554
1109131;2;47.990701;10.180077
1109132;2;48.015459;10.158104
1109194;2;48.014227;10.162237
1109271;1;47.691978;9.844368
1109347;1;47.699499;9.558793
1109355;10;48.101059;9.793191
1109355;17;48.101059;9.793191
1109355;18;48.101059;9.793191
1109457;1;47.680348;9.821038
1109457;2;47.680348;9.821038
1109712;1;47.687775;9.832806
1109713;1;47.690411;9.837756
1109714;1;47.693858;9.833300
1109715;1;47.688676;9.821479
1109716;1;47.680881;9.824982
1109717;1;47.685295;9.835043
1109852;1;47.874515;9.635536
1109852;2;47.874515;9.635536
1109853;1;47.689377;9.558838
1109853;2;47.689377;9.558838
1110155;1;47.560544;9.662010
1110155;6;47.560544;9.662010
1110157;1;47.793469;9.615468
1110157;2;47.793469;9.615468
1110159;1;47.969745;9.592076
1110209;1;47.678667;9.832375
1110401;1;47.559799;9.665935
1110427;1;47.964176;9.682473
1110534;1;47.785521;9.209834
1110566;1;47.877197;9.632015
1110566;2;47.877197;9.632015
1110628;1;47.821325;9.605892
1110628;2;47.821325;9.605892
1111135;1;47.620729;8.218507
1111218;1;47.701307;9.682500
1111218;2;47.701307;9.682500
1111281;1;47.773399;9.620633
1111281;2;47.773399;9.620633
1111293;1;47.835021;10.079708
1111294;1;47.833707;10.059478
1111709;1;47.810165;9.587728
1111713;1;47.813151;9.602137
1112391;1;47.650844;9.721595
1112414;1;47.903129;9.893685
1112414;2;47.903129;9.893685
1112462;1;47.655630;9.730632
1112467;1;47.670616;9.682177
1112468;1;47.666170;9.678314
1112469;1;47.679393;9.707051
1112470;1;47.651576;9.667139
1112471;1;47.655104;9.666295
1112472;1;47.649506;9.667921
1112473;1;47.640882;9.708255
1112474;1;47.685362;9.713079
1112543;1;47.874943;9.635527
1112543;2;47.874943;9.635527
1114511;A;48.074200;9.877794
1200368;Post;47.417044;9.738627
1200410;A;47.420661;9.745939
1200410;B;47.420697;9.746299
1200422;A;47.420114;9.738555
1200422;B;47.420211;9.738609
1200428;A;47.426131;9.719017
1200428;B;47.426319;9.718846
1200438;A;47.416728;9.714920
1200438;B;47.417038;9.714938
1200462;A;47.413428;9.713699
1200462;B;47.413476;9.713501
1200476;A;47.421360;9.735770
1200476;B;47.421390;9.735878
1200500;A;47.422369;9.733273
1200500;B;47.422448;9.733336
1200532;A;47.411105;9.710546
1200532;B;47.411197;9.710573
1200594;A;47.423937;9.729123
1200594;B;47.424040;9.729087
1200646;A;47.421852;9.744430
1200646;B;47.421968;9.744367
1200730;A;47.241497;9.603664
1200730;D;47.241497;9.603664
1200732;D;47.238643;9.596352
1200742;F;47.238161;9.596118
1201528;A;47.397772;9.677551
1201528;B;47.397839;9.677542
1209189;A;46.951879;10.510639
1209189;B;46.952608;10.510451
1209288;A;47.394950;9.669591
1322028;1;46.114712;8.295978
1400015;A;46.191708;6.211141
1400015;B;46.191590;6.211590
1400017;K;46.191360;6.216261
1400017;M;46.191385;6.216728
1400019;A;46.192430;6.222935
1400019;B;46.192535;6.223349
1400021;A;46.194208;6.231056
1400021;M;46.194264;6.231029
1400361;M;46.141153;6.070797
1400398;Y;46.098855;6.103468
1400646;P;46.136976;6.080364
1400679;A;46.255474;6.108131
1400679;B;46.255840;6.108418
1400679;C;46.256064;6.108104
1400679;D;46.257014;6.107205
1400679;E;46.257033;6.107071
1400679;P;46.255517;6.107484
1400719;U;46.331901;6.059676
1400719;V;46.331932;6.059424
1400939;S;46.128821;6.090119
1400939;T;46.127657;6.091054
1400941;U;46.120603;6.094943
1400941;V;46.120235;6.094890
1400943;W;46.116151;6.097126
1400943;X;46.116393;6.097270
1401004;Q;46.150569;6.088781
1401004;R;46.150681;6.089095
1401005;W;46.254585;6.081038
1401005;X;46.254436;6.081020
1401031;N;46.244913;6.023150
1401031;O;46.244845;6.022818
1401097;A;46.248945;6.010547
1401097;B;46.248156;6.011777
1401150;M;46.112414;6.051690
1401150;N;46.112501;6.051896
1401186;S;46.314983;6.265417
1401231;O;46.136883;6.078855
1401233;F;46.144657;6.081999
1401233;G;46.144987;6.082475
1401235;Q;46.132855;6.086418
1401235;R;46.132843;6.086841
1401257;N;46.226875;5.992607
1401257;O;46.227074;5.992509
1401326;L;46.276160;6.246301
1401636;O;46.141887;6.138125
1401636;P;46.141894;6.138664
1401637;A;46.139317;6.129008
1401637;C;46.137673;6.127804
1401637;D;46.137767;6.127957
1401638;I;46.141539;6.104493
1401638;J;46.141302;6.104331
1401640;H;46.146051;6.080067
1401640;I;46.145970;6.080220
1401647;W;46.179842;5.970275
1401649;V;46.182336;5.973231
1401650;S;46.181559;5.975656
1401650;T;46.181111;5.974587
1401651;U;46.183070;5.976770
1401652;Q;46.179164;5.976384
1401652;R;46.179245;5.976213
1401654;O;46.181036;5.982438
1401654;P;46.180731;5.982546
1401655;N;46.178697;5.984828
1401655;P;46.178803;5.984433
1401656;M;46.176247;5.985996
1401656;O;46.176670;5.986077
1401678;K;46.314518;6.066862
1401678;L;46.314214;6.066584
1401679;O;46.325400;6.064886
1401679;P;46.324990;6.065290
1401682;N;46.318731;6.069871
1401684;M;46.318042;6.071515
1401702;E;46.136167;6.123222
1401702;F;46.136099;6.123097
1401703;G;46.138003;6.117446
1401703;H;46.137910;6.117473
1401709;U;46.111380;5.990362
1401709;V;46.111368;5.991296
1401711;M;46.138321;6.145653
1401712;K;46.140425;6.145087
1401712;L;46.140512;6.144845
1401732;L;46.258294;6.113071
1401732;M;46.257877;6.113718
1401733;K;46.244920;6.094045
1401733;L;46.245566;6.094243
1401735;H;46.260430;6.108400
1401735;I;46.260057;6.107196
1401735;J;46.259064;6.106882
1401735;K;46.258803;6.107125
1401736;I;46.252008;6.116790
1401736;J;46.252362;6.116647
1401738;P;46.260517;6.114922
1401738;Q;46.260536;6.115093
1401739;R;46.263008;6.115389
1401739;S;46.264125;6.114913
1401740;F;46.255126;6.100459
1401740;G;46.255089;6.100666
1401740;H;46.255045;6.099516
1401755;W;46.335511;6.067114
1401755;X;46.335852;6.067581
1401756;Y;46.337948;6.073186
1401756;Z;46.337929;6.072782
1401767;D;46.272534;6.096192
1401767;E;46.272397;6.096129
1401768;T;46.263610;6.102741
1401768;U;46.263181;6.102822
1401769;A;46.269360;6.098761
1401769;B;46.269826;6.098303
1401769;C;46.269429;6.098240
1401775;A;46.143730;5.960663
1401776;M;46.247597;6.079430
1401776;N;46.247398;6.079888
1401777;Q;46.251324;6.074201
1401777;R;46.250840;6.075136
1401778;U;46.255660;6.072971
1401778;V;46.255585;6.073348
1401779;Y;46.254766;6.087874
1401779;Z;46.254759;6.087182
1401780;S;46.254405;6.067985
1401780;T;46.254561;6.067859
1401781;P;46.248560;6.086652
1401782;S;46.254250;6.058966
1401782;T;46.254120;6.060340
1401783;H;46.255474;6.095716
1401783;I;46.255467;6.095240
1401787;V;46.250740;6.025477
1401787;W;46.250790;6.025746
1401788;P;46.246404;6.028073
1401788;Q;46.246734;6.028630
1401789;J;46.240887;6.016700
1401789;K;46.240521;6.016269
1401790;L;46.244149;6.026321
1401790;M;46.244342;6.026447
1401791;E;46.241633;6.026285
1401791;F;46.242360;6.025764
1401791;G;46.242062;6.025001
1401792;T;46.250306;6.029330
1401792;U;46.250486;6.029268
1401793;C;46.243298;6.034253
1401793;D;46.242590;6.034666
1401794;H;46.242329;6.022315
1401794;I;46.242323;6.022198
1401795;K;46.140375;6.080085
1401795;L;46.140101;6.080732
1401796;J;46.143120;6.077327
1401796;N;46.143082;6.077175
1401797;S;46.148379;6.085969
1401797;T;46.148485;6.086382
1401798;K;46.141819;6.095078
1401798;L;46.141838;6.095896
1401800;H;46.295653;6.076187
1401800;I;46.295473;6.076250
1401800;J;46.297390;6.074354
1401801;C;46.252772;5.999255
1401801;D;46.252654;5.999273
1401802;R;46.250250;6.005552
1401802;S;46.250361;6.004869
1401807;L;46.232027;5.979151
1401807;M;46.231841;5.979752
1401808;E;46.247467;5.989382
1401808;F;46.247467;5.989670
1401809;P;46.237607;6.011364
1401809;Q;46.237899;6.011948
1401811;Q;46.325220;6.057421
1401811;R;46.325201;6.057618
1401812;W;46.109008;5.970994
1401812;X;46.109082;5.971847
1401813;K;46.269087;6.257925
1401814;E;46.295398;6.100297
1401814;F;46.295603;6.100010
1401842;O;46.117975;6.037047
1401842;P;46.117857;6.037164
1401843;A;46.118797;6.037388
1401844;Q;46.114905;6.018973
1401844;R;46.114918;6.019440
1401845;S;46.113653;6.007564
1401845;T;46.113379;6.007214
1401846;A;46.130023;6.030462
1401852;J;46.142143;6.085376
1401852;K;46.142367;6.086347
1401852;L;46.142416;6.086320
1401852;M;46.142435;6.086113
1402483;J;46.102399;5.941826
1402483;K;46.102244;5.942392
1402484;R;46.102107;5.931818
1402485;G;46.104691;5.958822
1402485;H;46.104592;5.958867
1402492;G;46.278494;6.015209
1402493;J;46.283039;6.019584
1402493;K;46.283089;6.019790
1402494;D;46.282871;6.026528
1402494;E;46.283064;6.026249
1402495;M;46.278078;6.031549
1402495;N;46.277824;6.031504
1402496;A;46.278960;6.035008
1402496;B;46.278960;6.035214
1402497;I;46.266243;6.039140
1402497;J;46.266411;6.038889
1402498;G;46.261225;6.041503
1402498;H;46.260647;6.041440
1402499;C;46.263560;6.030606
1402499;D;46.263765;6.030786
1402500;A;46.254666;6.027184
1402500;B;46.254604;6.027130
1402566;V;46.263045;6.112425
1402566;W;46.263088;6.112604
1402567;A;46.238334;5.981253
1402567;I;46.235979;5.980049
1402567;J;46.236259;5.980399
1402567;K;46.238433;5.981082
1402568;S;46.326163;6.055238
1402568;T;46.326299;6.055130
1402569;F;46.285472;6.085736
1402569;G;46.284920;6.085682
1402570;G;46.244392;5.983624
1402570;H;46.244516;5.984181
1402571;B;46.301232;6.095626
1402571;J;46.301214;6.095168
1402572;A;46.240906;6.029205
1402572;B;46.241012;6.028495
1402573;D;46.105844;5.962613
1402573;E;46.105763;5.962658
1402574;A;46.107824;5.967697
1402574;B;46.107731;5.967733
1402623;K;46.109936;5.977848
1402623;L;46.109780;5.977902
1402653;9;46.368621;6.479746
1402653;10;46.368590;6.479889
1402656;E;46.193269;6.240866
1402656;F;46.193742;6.240713
1402657;H;46.189401;6.243139
1402657;I;46.189911;6.242995
1402658;Q;46.194500;6.236491
1402658;R;46.194419;6.237183
1402659;A;46.282735;6.006325
1402667;V;46.250790;6.099830
1402692;D;46.135775;6.027363
8002301;21;47.552384;9.703296
8002301;22;47.552384;9.703296
8002301;23;47.552384;9.703296
8002301;24;47.552384;9.703296
8002370;1;47.559623;9.684656
8002371;2;47.544338;9.680470
8002371;4;47.544338;9.680470
8002373;1;47.564139;9.665432
8002373;2;47.564139;9.665432
8002374;1;47.571897;9.639058
8002375;1;47.575115;9.612674
8002375;2;47.575115;9.612674
8014181;1;47.608884;8.167357
8014181;2;47.608884;8.167357
8014228;1 E-G;48.993514;8.402185
8014228;2;48.993514;8.402185
8014228;3;48.993514;8.402185
8014228;4;48.993514;8.402185
8014228;5;48.993514;8.402185
8014228;6;48.993514;8.402185
8014228;7;48.993514;8.402185
8014228;8;48.993514;8.402185
8014228;9;48.993514;8.402185
8014228;10;48.993514;8.402185
8014228;11;48.993514;8.402185
8014228;12;48.993514;8.402185
8014228;13;48.993514;8.402185
8014228;14;48.993514;8.402185
8014238;1;48.947182;8.387875
8014238;2;48.947182;8.387875
8014239;1;48.923991;8.373978
8014239;2;48.923991;8.373978
8014240;1;48.889508;8.323583
8014240;2;48.889508;8.323583
8014241;1;48.876808;8.274292
8014241;2;48.876808;8.274292
8014245;1;48.860481;8.215623
8014245;2;48.860481;8.215623
8014245;3;48.860481;8.215623
8014245;4;48.860481;8.215623
8014245;5;48.860481;8.215623
8014245;6;48.860481;8.215623
8014277;1;48.790328;8.190830
8014277;2;48.790328;8.190830
8014277;3;48.790328;8.190830
8014277;4;48.790328;8.190830
8014281;1;48.696679;8.129295
8014281;2;48.696679;8.129295
8014283;1;48.633991;8.065326
8014283;2;48.633991;8.065326
8014283;3;48.633991;8.065326
8014288;1;48.592661;8.007142
8014288;2;48.592661;8.007142
8014289;1;48.541461;7.973186
8014289;2;48.541461;7.973186
8014309;1;48.476478;7.946722
8014309;2;48.476478;7.946722
8014309;3;48.476478;7.946722
8014309;4;48.476478;7.946722
8014309;5;48.476478;7.946722
8014309;6;48.476478;7.946722
8014309;7;48.476478;7.946722
8014318;1;48.381589;7.862945
8014318;2;48.381589;7.862945
8014319;1;48.340434;7.834738
8014319;2;48.340434;7.834738
8014319;3;48.340434;7.834738
8014319;6;48.340434;7.834738
8014324;1;48.274189;7.790280
8014324;2;48.274189;7.790280
8014325;1;48.248725;7.773041
8014325;2;48.248725;7.773041
8014326;1;48.223864;7.767642
8014326;2;48.223864;7.767642
8014327;1;48.194453;7.764094
8014327;2;48.194453;7.764094
8014328;1;48.151967;7.770849
8014328;2;48.151967;7.770849
8014329;1;48.137455;7.802928
8014329;2;48.137455;7.802928
8014330;1;48.128780;7.824407
8014330;2;48.128780;7.824407
8014331;1;48.119455;7.847512
8014331;2;48.119455;7.847512
8014331;3;48.119455;7.847512
8014332;1;48.098270;7.887073
8014332;2;48.098270;7.887073
8014335;1;48.068624;7.881432
8014335;2;48.068624;7.881432
8014335;3;48.068624;7.881432
8014347;1;48.044024;7.874183
8014347;2;48.044024;7.874183
8014348;1;48.024363;7.863735
8014348;2;48.024363;7.863735
8014349;1;48.008235;7.850970
8014349;2;48.008235;7.850970
8014350;1;47.997699;7.841170
8014350;2;47.997699;7.841170
8014350;3;47.997699;7.841170
8014350;4;47.997699;7.841170
8014350;5;47.997699;7.841170
8014350;6;47.997699;7.841170
8014350;7;47.997699;7.841170
8014404;1;47.975495;7.803009
8014404;2;47.975495;7.803009
8014405;1;47.960362;7.768181
8014405;2;47.960362;7.768181
8014406;1;47.955946;7.753889
8014406;2;47.955946;7.753889
8014407;1;47.939249;7.726194
8014407;2;47.939249;7.726194
8014408;1;47.919723;7.697628
8014408;2;47.919723;7.697628
8014410;1;47.879860;7.646190
8014410;2;47.879860;7.646190
8014411;1;47.855254;7.628161
8014411;2;47.855254;7.628161
8014413;3;47.809743;7.599334
8014413;4;47.809743;7.599334
8014413;6;47.809743;7.599334
8014416;1;47.789951;7.586785
8014416;2;47.789951;7.586785
8014417;1;47.761595;7.568935
8014417;2;47.761595;7.568935
8014418;1;47.730801;7.557598
8014418;2;47.730801;7.557598
8014419;1;47.709534;7.531646
8014419;2;47.709534;7.531646
8014420;1;47.686130;7.524666
8014420;2;47.686130;7.524666
8014421;1;47.660888;7.542947
8014421;2;47.660888;7.542947
8014422;3;47.655618;7.563922
8014422;4;47.655618;7.563922
8014423;1;47.627946;7.595597
8014423;2;47.627946;7.595597
8014424;1;47.612839;7.611686
8014424;2;47.612839;7.611686
8014428;1;47.593965;7.608416
8014428;2;47.593965;7.608416
8014428;3;47.593965;7.608416
8014428;7;47.593965;7.608416
8014428;8;47.593965;7.608416
8014428;9;47.593965;7.608416
8014429;1;47.590627;7.634782
8014440;1;47.601416;7.659036
8014441;1;47.614056;7.665423
8014441;2;47.614056;7.665423
8014441;3;47.614056;7.665423
8014443;1;47.633231;7.680892
8014443;2;47.633231;7.680892
8014444;1;47.637614;7.695211
8014445;1;47.641602;7.741564
8014445;2;47.641602;7.741564
8014446;1;47.644374;7.780659
8014447;1;47.647969;7.822673
8014447;2;47.647969;7.822673
8014447;3;47.647969;7.822673
8014448;1;47.661560;7.839427
8014449;1;47.679308;7.846038
8014450;1;47.705623;7.849147
8014458;1;47.550899;7.659503
8014458;2;47.550899;7.659503
8014458;3;47.550899;7.659503
8014459;1;47.546327;7.690917
8014459;2;47.546327;7.690917
8014460;1;47.549504;7.739660
8014460;2;47.549504;7.739660
8014462;1;47.556925;7.784207
8014462;2;47.556925;7.784207
8014462;3;47.556925;7.784207
8014463;1;47.581908;7.810914
8014463;2;47.581908;7.810914
8014464;1;47.591021;7.870329
8014464;2;47.591021;7.870329
8014465;1;47.580921;7.910528
8014465;2;47.580921;7.910528
8014466;1;47.555858;7.948626
8014466;2;47.555858;7.948626
8014467;1;47.553451;8.018722
8014467;2;47.553451;8.018722
8014468;1;47.563406;8.058310
8014468;2;47.563406;8.058310
8014469;1;47.566163;8.073689
8014469;2;47.566163;8.073689
8014471;1;47.592233;8.131775
8014471;2;47.592233;8.131775
8014471;3;47.592233;8.131775
8014474;1;47.621371;8.219522
8014474;2;47.621371;8.219522
8014474;3;47.621371;8.219522
8014474;5;47.621371;8.219522
8014478;1;47.635471;8.272002
8014479;1;47.629090;8.322190
8014480;1;47.628430;8.396005
8014481;1;47.659539;8.430123
8014481;2;47.659539;8.430123
8014481;3;47.659539;8.430123
8014491;1;47.744020;8.738919
8014491;2;47.744020;8.738919
8014492;1;47.737399;8.775426
8014492;2;47.737399;8.775426
8014502;2;48.284926;8.181667
8014502;3;48.284926;8.181667
8014511;1;48.212103;8.232979
8014511;2;48.211893;8.232943
8014513;1;48.140003;8.236806
8014513;2;48.140003;8.236806
8014513;3;48.140003;8.236806
8014518;1;48.123815;8.341953
8014518;2;48.123815;8.341953
8014518;3;48.123815;8.341953
8014521;1;48.058022;8.465265
8014521;2;48.058022;8.465265
8014521;3;48.058022;8.465265
8014521;5;48.058022;8.465265
8014526;2;48.007364;8.465777
8014529;1;47.947788;8.498916
8014529;2;47.947788;8.498916
8014529;3;47.947788;8.498916
8014529;4;47.947788;8.498916
8014529;5;47.947788;8.498916
8014533;1;47.921343;8.653947
8014533;2;47.921343;8.653947
8014534;1;47.936005;8.729540
8014534;2;47.936005;8.729540
8014554;1;47.856345;8.772785
8014554;2;47.856345;8.772785
8014554;3;47.856345;8.772785
8014555;1;47.834032;8.769219
8014555;2;47.834032;8.769219
8014556;1;47.813658;8.804388
8014556;2;47.813658;8.804388
8014558;1;47.758437;8.840384
8014558;2;47.758437;8.840384
8014558;3;47.758437;8.840384
8014558;4;47.758437;8.840384
8014558;5;47.758437;8.840384
8014558;5F;47.758878;8.841273
8014558;6;47.758437;8.840384
8014558;8;47.758437;8.840384
8014570;1;47.748731;8.926649
8014570;2;47.748731;8.926649
8014571;2;47.735870;8.968986
8014571;3;47.735870;8.968986
8014571;4;47.735870;8.968986
8014571;5;47.735870;8.968986
8014571;6;47.735870;8.968986
8014580;1;47.739362;9.002772
8014580;2;47.739362;9.002772
8014581;1;47.714466;9.068852
8014581;2;47.714466;9.068852
8014582;1;47.706034;9.099574
8014582;2;47.706034;9.099574
8014583;1;47.689347;9.125958
8014583;2;47.689347;9.125958
8014584;1;47.674094;9.173470
8014584;2;47.674094;9.173470
8014586;1;47.658752;9.177315
8014586;1a;47.658752;9.177315
8014586;2;47.658752;9.177315
8014586;2a;47.658752;9.177315
8014586;3;47.658752;9.177315
8014586;3a;47.658752;9.177315
8014597;1;47.815649;9.053194
8014597;2;47.815649;9.053194
8014599;1;47.795587;9.095523
8014601;1;47.769270;9.145640
8014601;2;47.769270;9.145640
8014601;3;47.769270;9.145640
8014607;1;47.737000;9.248416
8014607;2;47.737000;9.248416
8014616;2;47.757676;9.297204
8014616;3;47.757676;9.297204
8014624;1;47.730487;9.345156
8014625;2;47.716818;9.388643
8014625;3;47.716818;9.388643
8021703;1;47.653803;7.833794
8029012;1;47.985615;8.809437
8029034;2;48.784084;9.181636
8029034;4;48.784084;9.181636
8029034;5;48.784084;9.181636
8029034;13;48.784084;9.181636
8029034;14;48.784084;9.181636
8029055;7;48.738813;9.300078
8029055;8;48.738813;9.300078
8029103;2;48.399437;9.982223
8029103;3 Süd;48.399401;9.982609
8029103;4;48.399437;9.982223
8029103;4 Nord;48.399401;9.982609
8029103;4 Süd;48.399401;9.982609
8029103;5a;48.399437;9.982223
8029103;5b;48.399437;9.982223
8029103;6;48.399437;9.982223
8029103;6 Nord;48.399401;9.982609
8029103;6 Süd;48.399401;9.982609
8029103;7;48.399437;9.982223
8029103;7 Nord;48.399401;9.982609
8029103;7 Süd;48.399401;9.982609
8029103;8;48.399437;9.982223
8029109;1;48.366342;9.940353
8029109;2;48.366342;9.940353
8029112;1;48.325904;9.894835
8029112;2;48.325904;9.894835
8029112;3;48.325904;9.894835
8029115;1;48.230010;9.847853
8029115;2;48.230010;9.847853
8029115;3;48.230010;9.847853
8029123;1;48.189231;9.829033
8029123;2;48.189231;9.829033
8029125;1;48.129913;9.801662
8029125;2;48.129913;9.801662
8029126;1;48.101845;9.793128
8029126;2;48.101845;9.793128
8029126;3;48.101845;9.793128
8029148;2;47.994032;9.668496
8029148;3;47.994032;9.668496
8029149;1;47.953053;9.644043
8029149;1a;47.953053;9.644043
8029149;2;47.953053;9.644043
8029149;3;47.953053;9.644043
8029149;4;47.953053;9.644043
8029153;1;47.784482;9.606099
8029153;2;47.784482;9.606099
8029153;3;47.784482;9.606099
8029156;1;47.699759;9.558389
8029156;2;47.699759;9.558389
8029159;1;47.661396;9.499244
8029159;2;47.661396;9.499244
8029162;1;47.653222;9.473902
8029162;2;47.653222;9.473902
8029162;3;47.653222;9.473902
8029162;4;47.653222;9.473902
8029162;5;47.653222;9.473902
8029163;2b;47.651207;9.482823
8029165;1;47.664319;9.429157
8029166;1;47.672479;9.417380
8029167;1;47.628400;9.526670
8029167;2;47.628400;9.526670
8029168;1;47.599490;9.544833
8029168;2;47.599490;9.544833
8029169;1;47.651703;9.502020
8029170;1;47.594238;9.598858
8029170;2;47.594238;9.598858
8029184;1;48.053572;9.433397
8029186;1;48.013596;9.501086
8029186;2;48.013596;9.501086
8029189;1;47.930709;9.551481
8029189;2;47.930709;9.551481
8029227;1;48.402729;9.958849
8029227;2;48.402729;9.958849
8029228;1;48.414595;9.919323
8029228;2;48.414595;9.919323
8029230;1;48.417732;9.897728
8029230;2;48.417732;9.897728
8029230;3;48.417732;9.897728
8029232;1;48.399723;9.806225
8029233;1;48.403814;9.791978
8029233;2;48.403814;9.791978
8029234;1;48.371701;9.735267
8029234;2;48.371701;9.735267
8029235;1;48.362356;9.720382
8029236;1;48.327732;9.722385
8029236;2;48.327732;9.722385
8029238;1;48.285679;9.724344
8029238;3;48.285679;9.724344
8029240;1;48.234845;9.694367
8029241;1;48.237873;9.645669
8029241;2;48.237873;9.645669
8029243;1;48.239991;9.550906
8029246;1;48.149593;9.484925
8029246;2;48.149593;9.484925
8029249;1;48.063947;9.414605
8029249;2;48.063947;9.414605
8029249;3;48.063947;9.414605
8029250;1;48.053698;9.336550
8029250;2;48.053698;9.336550
8029253;1;48.068900;9.260939
8029254;1;48.086983;9.221853
8029254;2;48.086983;9.221853
8029254;4;48.086983;9.221853
8029254;5;48.086983;9.221853
8029254;6;48.086983;9.221853
8029258;1;48.080406;9.027575
8029259;1;48.048792;8.971888
8029260;1;48.031825;8.936063
8029260;2;48.031825;8.936063
8029261;1;48.029362;8.885551
8029262;1;48.022813;8.872355
8029263;1;48.009575;8.854047
8029299;3;48.627995;9.342650
8029309;1;48.496078;9.209115
8029309;2;48.496078;9.209115
8029318;1;48.515808;9.055404
8029318;1 C-D;48.515642;9.055395
8029318;2;48.515808;9.055404
8029318;2 A-B;48.515642;9.055395
8029318;2 C-D;48.515642;9.055395
8029318;2 F-G;48.515642;9.055395
8029318;3;48.515808;9.055404
8029318;5;48.515808;9.055404
8029318;6;48.515808;9.055404
8029318;12;48.515808;9.055404
8029321;1;48.479372;8.973747
8029322;1;48.472428;8.935551
8029322;2;48.472428;8.935551
8029323;2;48.460765;8.896537
8029324;2;48.449029;8.860919
8029325;1;48.446288;8.783098
8029325;2;48.446288;8.783098
8029326;1;48.449940;8.726801
8029334;1;48.503483;9.050589
8029335;1;48.452407;9.058441
8029338;1;48.404309;9.046529
8029338;2;48.404309;9.046529
8029341;1;48.359604;8.968771
8029341;2;48.359604;8.968771
8029343;1;48.312768;8.921034
8029345;1;48.278470;8.850310
8029345;2;48.278470;8.850310
8029345;3;48.278470;8.850310
8029350;1;48.210289;9.026964
8029350;2;48.210289;9.026964
8029351;1;48.178749;9.087717
8029353;1;48.134883;9.127081
8029353;2;48.134883;9.127081
8029355;1;48.268940;8.846339
8029383;1;48.687760;9.004129
8029399;6;48.441473;8.688982
8029411;1;48.165306;8.639296
8029411;2;48.165306;8.639296
8029411;3;48.165306;8.639296
8029429;3;47.980576;8.798540
8029429;4;47.980576;8.798540
8029429;5;47.980576;8.798540
8029433;1;48.108372;8.611583
8029434;2;48.087662;8.585154
8029434;12;48.087662;8.585154
8029436;1;48.059769;8.535864
8029436;2;48.059769;8.535864
8029441;1;48.826416;9.121170
8029441;7;48.826416;9.121170
8029525;5;48.807151;9.526310
8029549;1;48.841016;10.096273
8029549;3;48.841016;10.096273
8029549;5;48.841016;10.096273
8029697;1;48.815007;10.126493
8029698;1;48.782361;10.107655
8029698;2;48.782361;10.107655
8029699;1;48.739518;10.116135
8029699;2;48.739518;10.116135
8029700;1;48.730684;10.136302
8029701;1;48.708281;10.158760
8029701;2;48.708281;10.158760
8029702;1;48.680169;10.156640
8029702;2;48.680169;10.156640
8029705;1;48.625632;10.170330
8029705;2;48.625632;10.170330
8029706;2;48.620020;10.236994
8029707;1;48.594586;10.258329
8029707;2;48.594586;10.258329
8029708;1;48.576295;10.272882
8029709;1;48.559324;10.284866
8029709;2;48.559324;10.284866
8029710;1;48.532604;10.236464
8029710;2;48.532604;10.236464
8029711;1;48.512470;10.191081
8029712;1;48.493334;10.125990
8029712;2;48.493334;10.125990
8029713;1;48.452991;10.100190
8029713;2;48.452991;10.100190
8029714;1;48.447575;10.083023
8029715;1;48.432980;10.047854
8029715;2;48.432980;10.047854
8029716;1;48.407160;9.994629
8030446;1;47.811480;7.562755
8031176;1;47.908374;9.688178
8035252;1;48.669480;10.156074
8038379;1;47.769101;9.162852
8060978;1;47.588707;7.616285
8060979;1;47.589016;7.626490
8062343;1;47.992607;8.823738
8063365;1;47.760738;8.827044
8063365;2;47.760738;8.827044
8064617;1;47.754862;9.188148
8064618;1;47.657149;9.451984
8068634;1;48.087019;9.803234
8068634;2;48.087019;9.803234
8069220;1;47.597715;7.655227
8069221;1;47.607964;7.661192
8069221;2;47.607964;7.661192
8071992;2;47.983053;8.471823
8071993;2;48.014341;8.467807
8071996;1;48.060177;8.546922
8072023;1;48.033681;8.475883
8072025;1;48.052774;8.528551
8072031;1;47.932876;8.714054
8080251;1;47.677482;9.162843
8080251;2;47.677482;9.162843
8080295;2;47.952541;8.488954
8080296;2;47.963358;8.475623
8080297;2;48.031284;8.469155
8080306;1;48.040889;8.505995
8083840;1;47.645542;7.801716
8083846;1;47.624683;7.672565
8083846;2;47.624683;7.672565
8084736;1;47.688150;9.409511
8085022;1;47.632777;8.308105
8099982;1;47.692564;9.146844
8099982;2;47.692564;9.146844
8099985;1;47.766661;8.833341
8099985;2;47.766661;8.833341
8101230;5;47.154726;9.814562
8101231;2;47.170753;9.794403
8101232;2;47.180303;9.771254
8101233;2;47.191561;9.708255
8101234;2;47.194894;9.690522
8101235;2;47.220068;9.639184
8101236;1;47.240979;9.604104
8101236;2A-B;47.240979;9.604104
8101236;4A-B;47.240979;9.604104
8101236;5A-B;47.240979;9.604104
8101237;1;47.180908;9.520705
8101238;1;47.256095;9.615567
8101239;1;47.255693;9.597861
8101240;1;47.228011;9.575062
8101242;--;47.200205;9.541626
8101242;1;47.200205;9.541626
8101242;2;47.200205;9.541626
8101243;1;47.168292;9.507796
8102335;1;47.492910;9.721316
8102335;2;47.492910;9.721316
8102336;1A-B;47.503003;9.739624
8102336;2A-B;47.503003;9.739624
8102336;3A-B;47.503003;9.739624
8102336;4A-B;47.503003;9.739624
8102338;2;47.506116;9.748293
8102351;1;47.479859;9.688133
8102351;2;47.479859;9.688133
8102352;1;47.450344;9.667112
8102352;2;47.450344;9.667112
8105481;1;47.480775;9.714750
8105481;2;47.480775;9.714750
8301003;9;46.115291;8.296238
8301003;31;46.115291;8.296238
8500010;1;47.546594;7.592139
8500010;2;47.546558;7.592049
8500010;2A;47.546558;7.592049
8500010;2B;47.546558;7.592049
8500010;3;47.546400;7.592264
8500010;4;47.546636;7.591357
8500010;5;47.546921;7.590261
8500010;6;47.546976;7.589830
8500010;6AB;47.546976;7.589830
8500010;7;47.546812;7.590054
8500010;7AB;47.546812;7.590054
8500010;7CD;47.546812;7.590054
8500010;8;47.546715;7.590090
8500010;8AB;47.546715;7.590090
8500010;9;47.545848;7.592336
8500010;10;47.545988;7.591716
8500010;11;47.546788;7.589093
8500010;11AB;47.546788;7.589093
8500010;12;47.546843;7.588671
8500010;12AB;47.546843;7.588671
8500010;14;47.547000;7.587800
8500010;14AB;47.547000;7.587800
8500010;15;47.546909;7.587737
8500010;15AB;47.546909;7.587737
8500010;16;47.546970;7.587234
8500010;16A-C;47.546970;7.587234
8500010;18;47.547413;7.589560
8500010;19;47.546679;7.587494
8500010;19A-D;47.546679;7.587494
8500010;20;47.546606;7.587431
8500010;30;47.548086;7.584745
8500010;31;47.548134;7.584754
8500010;33;47.548237;7.584970
8500010;35;47.548249;7.584844
8500016;6;47.570194;7.572070
8500016;7;47.570176;7.571971
8500020;1;47.533956;7.647089
8500020;2;47.534187;7.646630
8500020;3;47.533792;7.648005
8500020;4;47.533847;7.648077
8500021;1;47.522686;7.691250
8500021;2;47.522759;7.691250
8500021;4;47.522820;7.691250
8500021;5;47.522886;7.691259
8500022;1;47.501237;7.719097
8500022;2;47.501407;7.718972
8500022;3;47.501031;7.718945
8500023;1;47.484558;7.731108
8500023;2;47.484533;7.730973
8500023;3;47.484418;7.730991
8500023;4;47.484369;7.730919
8500023;40;47.485511;7.729805
8500024;1;47.470332;7.759755
8500024;3;47.470223;7.759683
8500025;1;47.467265;7.788313
8500025;2;47.467193;7.788295
8500026;1;47.462747;7.811813
8500026;3;47.462638;7.811759
8500026;4;47.462316;7.812909
8500027;2;47.465948;7.847485
8500027;3;47.465869;7.846757
8500027;4;47.465923;7.846730
8500028;3;47.445521;7.887612
8500028;4;47.445484;7.887541
8500031;1;47.449524;7.837801
8500032;1;47.439105;7.851437
8500033;1;47.425420;7.850602
8500034;1;47.409044;7.847817
8500035;1;47.392214;7.856100
8500035;2;47.392190;7.856010
8500037;1;47.365790;7.903656
8500038;1;47.542592;7.619555
8500051;A;47.492698;7.589318
8500051;B;47.492261;7.589309
8500051;C;47.493092;7.589003
8500051;D;47.493238;7.588680
8500051;E;47.492710;7.589354
8500051;F;47.492406;7.589237
8500060;A;47.537340;7.575169
8500060;B;47.536976;7.575385
8500060;C;47.537049;7.575574
8500060;D;47.537061;7.575493
8500061;A;47.531985;7.573337
8500061;B;47.531354;7.573247
8500061;C;47.531894;7.573588
8500061;D;47.531609;7.573373
8500062;A;47.524415;7.571621
8500062;B;47.524039;7.571396
8500062;C;47.524269;7.571450
8500062;D;47.524439;7.571522
8500062;E;47.524154;7.571298
8500062;F;47.524197;7.571226
8500062;H;47.523796;7.571648
8500062;I;47.524148;7.571001
8500062;J;47.523675;7.571612
8500063;A;47.514623;7.559000
8500063;B;47.514314;7.558461
8500063;C;47.514805;7.557805
8500063;D;47.514174;7.556404
8500063;E;47.514004;7.558272
8500064;A;47.499489;7.557212
8500064;B;47.499131;7.557077
8500064;C;47.499004;7.556736
8500064;D;47.498961;7.557329
8500065;A;47.483677;7.546351
8500065;B;47.483726;7.545714
8500065;C;47.483556;7.546001
8500065;D;47.483787;7.546082
8500066;A;47.487350;7.522169
8500066;B;47.487575;7.521342
8500067;A;47.489153;7.509494
8500067;B;47.489256;7.508874
8500068;A;47.488995;7.499226
8500068;B;47.489341;7.498804
8500068;D;47.488886;7.498947
8500069;A;47.492752;7.485958
8500069;B;47.492771;7.485194
8500070;A;47.481291;7.459475
8500070;B;47.480448;7.458604
8500071;A;47.543653;7.578161
8500071;B;47.543277;7.578017
8500071;C;47.543732;7.578358
8500071;D;47.543210;7.578098
8500072;A;47.506705;7.555326
8500072;B;47.506347;7.555173
8500072;C;47.507427;7.554535
8500072;D;47.506984;7.554490
8500073;A;47.551105;7.594672
8500073;B;47.550705;7.593998
8500073;D;47.551226;7.595094
8500073;E;47.551384;7.594887
8500073;F;47.551481;7.594834
8500073;G;47.551736;7.595992
8500073;H;47.551705;7.596028
8500073;J;47.551687;7.596082
8500073;K;47.551469;7.595561
8500073;L;47.551420;7.595588
8500073;M;47.551633;7.597133
8500073;O;47.551208;7.594986
8500076;A;47.512391;7.619429
8500076;B;47.512002;7.619313
8500077;A;47.494652;7.619025
8500077;B;47.494476;7.618495
8500077;C;47.494094;7.618495
8500077;E;47.493396;7.619420
8500090;2;47.567848;7.607329
8500090;3;47.567867;7.607374
8500090;4;47.567945;7.607572
8500090;5;47.567988;7.607635
8500090;6;47.568055;7.607823
8500090;7;47.568085;7.607895
8500090;8;47.568133;7.608066
8500090;9;47.568158;7.608147
8500090;10;47.568224;7.608281
8500090;11;47.568242;7.608371
8500095;A;47.519240;7.618432
8500095;B;47.519519;7.618315
8500095;C;47.519295;7.618594
8500100;2;47.219836;7.201758
8500100;3;47.219757;7.201713
8500100;52;47.220269;7.201982
8500103;1;47.239344;7.305774
8500105;2;47.280466;7.381025
8500105;4;47.280082;7.380370
8500105;5;47.279856;7.379660
8500109;1;47.361823;7.349414
8500109;1AB;47.361823;7.349414
8500109;1CD;47.361823;7.349414
8500109;2;47.361956;7.350537
8500109;2CD;47.361956;7.350537
8500109;3;47.361902;7.350555
8500109;4;47.361695;7.349809
8500109;5;47.361549;7.349297
8500113;2;47.419761;7.502945
8500113;3;47.417822;7.502289
8500113;4;47.417604;7.502280
8500114;3;47.434055;7.530685
8500114;4;47.434110;7.530631
8500115;1;47.441274;7.592408
8500115;2;47.441201;7.592435
8500116;1;47.453472;7.603377
8500116;2;47.453515;7.603305
8500117;2;47.468267;7.603332
8500117;3;47.468280;7.603448
8500118;2;47.489535;7.611111
8500118;3;47.489554;7.611210
8500119;1;47.513713;7.617651
8500119;2;47.513161;7.617273
8500119;3;47.513173;7.617211
8500120;1;47.342877;7.318386
8500121;1;47.335182;7.292200
8500121;2;47.335225;7.292191
8500122;1;47.336643;7.248120
8500122;2;47.336570;7.248120
8500123;1;47.334975;7.210175
8500123;2;47.335030;7.210229
8500123;12;47.335639;7.207902
8500123;13;47.335651;7.207992
8500125;1;47.405713;7.124790
8500125;2;47.405737;7.124745
8500126;1;47.421026;7.080243
8500126;2;47.421007;7.080341
8500126;2AB;47.421007;7.080341
8500126;2CD;47.421007;7.080341
8500126;3;47.420989;7.080431
8500127;1;47.455708;7.055620
8500127;2;47.455896;7.055539
8500128;3;47.492461;7.016363
8500135;1;47.238795;7.254507
8500136;1;47.537395;7.609530
8500136;2;47.537437;7.609593
8500138;A;47.575382;7.573534
8500138;B;47.575036;7.573804
8500141;1;47.439269;7.057857
8500144;1;47.478966;7.030476
8500146;L;47.545466;7.587593
8500146;M;47.545618;7.587342
8500147;A;47.541822;7.597780
8500147;B;47.541961;7.598049
8500147;C;47.542204;7.598247
8500147;D;47.541628;7.597870
8500159;1;47.191812;7.389631
8500159;2;47.191854;7.389497
8500159;3;47.191867;7.389452
8500160;A;47.546412;7.583784
8500160;B;47.546685;7.584153
8500160;C;47.546697;7.584557
8500160;D;47.546515;7.584907
8500161;A;47.543022;7.593854
8500161;B;47.542810;7.594600
8500161;C;47.542695;7.594843
8500162;1;47.222478;7.112798
8500164;1;47.223497;7.092271
8500165;1;47.222093;7.056285
8500167;1;47.213088;7.002457
8500169;1;47.244180;6.985264
8500170;1;47.222789;7.104210
8500170;2;47.222783;7.104039
8500171;3;47.224320;7.083072
8500172;1;47.220489;7.025373
8500173;2;47.210567;7.004937
8500173;3;47.210567;7.004856
8500174;1;47.223271;6.956670
8500174;2;47.223271;6.956715
8500174;3;47.223210;6.956769
8500175;1;47.203415;6.940653
8500176;1;47.194247;6.921995
8500177;2;47.176963;6.906104
8500178;2;47.142672;6.894076
8500179;2;47.122151;6.883754
8500180;1;47.161311;6.896555
8500181;1;47.152820;6.898720
8500184;1;47.103370;6.836916
8500186;1;47.423882;7.127359
8500186;2;47.423767;7.127332
8500187;1;47.452118;7.157093
8500188;1;47.474619;7.154830
8500190;1;47.231933;6.984877
8500191;1;47.254632;6.994175
8500191;2;47.254498;6.994085
8500191;3;47.254461;6.994112
8500192;1;47.263204;7.014073
8500193;N;47.548656;7.585850
8500193;O;47.548443;7.585617
8500193;P;47.548941;7.585680
8500193;R;47.548880;7.586461
8500193;S;47.548753;7.587198
8500194;2;47.276919;7.058324
8500195;1;47.284366;7.099529
8500196;2;47.296979;7.123865
8500199;1;47.313511;7.157785
8500199;2;47.313529;7.157812
8500200;1;47.171449;7.340323
8500200;2;47.171236;7.339757
8500201;1;47.179406;7.366679
8500201;2;47.179467;7.367003
8500201;3;47.179424;7.367039
8500202;1;47.188991;7.399585
8500202;2;47.188894;7.399450
8500202;3;47.189010;7.400267
8500203;1;47.194919;7.428618
8500203;2;47.194845;7.428636
8500204;1;47.200760;7.457400
8500204;2;47.200571;7.456825
8500205;1;47.208914;7.507823
8500205;2;47.208846;7.507823
8500206;1;47.206729;7.531853
8500206;2;47.206772;7.531628
8500207;1;47.204178;7.543396
8500207;2;47.204190;7.544007
8500207;3;47.204129;7.544025
8500207;3A-C;47.204282;7.545157
8500207;3E-G;47.204129;7.544025
8500207;5;47.204037;7.544204
8500207;6;47.204031;7.544627
8500207;9;47.203598;7.543144
8500207;10;47.203543;7.543135
8500207;21;47.204648;7.543639
8500208;2;47.217255;7.583497
8500208;3;47.217298;7.583461
8500209;1;47.218292;7.618953
8500209;2;47.218372;7.618819
8500210;2;47.231689;7.656206
8500210;3;47.231647;7.656269
8500211;3;47.270495;7.695157
8500211;4;47.270458;7.695229
8500211;11A;47.270373;7.694834
8500211;11B;47.270373;7.694834
8500212;3;47.285109;7.710366
8500212;4;47.285061;7.710438
8500212;5;47.284774;7.709423
8500212;7;47.284835;7.709207
8500212;8;47.284835;7.709207
8500212;45/5;47.285036;7.709872
8500213;3;47.305191;7.771981
8500213;4;47.305142;7.772017
8500214;1;47.314887;7.799245
8500214;2;47.314784;7.799182
8500215;3;47.330233;7.844035
8500215;4;47.330178;7.844071
8500216;3;47.341410;7.868667
8500216;4;47.341367;7.868730
8500217;2;47.347211;7.900090
8500217;3;47.348446;7.897656
8500218;1;47.353047;7.907402
8500218;1A;47.353047;7.907402
8500218;1B-D;47.352317;7.907160
8500218;2;47.352171;7.907232
8500218;3;47.352159;7.907348
8500218;3AB;47.352159;7.907348
8500218;3CD;47.352159;7.907348
8500218;4;47.352062;7.907438
8500218;7;47.352037;7.907807
8500218;8;47.352208;7.907941
8500218;9;47.352195;7.908058
8500218;10;47.352536;7.908211
8500218;10AB;47.352536;7.908211
8500218;10CD;47.352536;7.908211
8500218;11;47.352524;7.908328
8500218;11AB;47.352524;7.908328
8500218;11B-D;47.352524;7.908328
8500218;11CD;47.352524;7.908328
8500218;12;47.352634;7.908453
8500220;1;47.119424;7.338418
8500221;1;47.137986;7.370973
8500233;A;47.485845;7.591662
8500233;B;47.485438;7.591824
8500233;C;47.486100;7.591716
8500233;D;47.485450;7.591914
8500234;A;47.506741;7.602119
8500234;B;47.506377;7.602065
8500234;F;47.506396;7.601679
8500235;B;47.532664;7.611479
8500235;C;47.532901;7.611605
8500237;A;47.553555;7.592327
8500237;B;47.552851;7.592983
8500237;C;47.553518;7.592022
8500237;D;47.553967;7.592354
8500255;A;47.469549;7.596792
8500255;B;47.469160;7.596774
8500255;C;47.469622;7.597061
8500255;D;47.469312;7.596954
8500256;A;47.526435;7.647511
8500256;B;47.526490;7.647124
8500256;C;47.526696;7.647448
8500256;D;47.526605;7.647286
8500260;1;47.272415;7.456789
8500261;2;47.217804;7.513590
8500264;1;47.235880;7.493701
8500264;2;47.235776;7.493818
8500265;1;47.265789;7.464731
8500286;1;47.246583;7.614399
8500286;2;47.246583;7.614399
8500294;2;47.313218;7.694771
8500300;4;47.538674;7.724011
8500300;5;47.538729;7.723966
8500301;3;47.550911;7.791690
8500301;4;47.550869;7.791771
8500302;2;47.561781;7.833130
8500302;3;47.561854;7.833094
8500303;2;47.547449;7.909882
8500303;3;47.547394;7.909837
8500304;1;47.532949;7.990119
8500304;2;47.533010;7.990182
8500305;1;47.507014;8.012748
8500305;2;47.506990;8.012604
8500305;3;47.507027;8.012514
8500309;1;47.481213;8.209218
8500309;2;47.481413;8.209497
8500309;3;47.481370;8.209569
8500309;4;47.481043;8.209425
8500309;5;47.481012;8.209488
8500309;33;47.480860;8.208841
8500313;1;47.545703;7.767607
8500313;2;47.545769;7.767580
8500320;2;47.541622;7.948491
8500320;3;47.541452;7.948797
8500320;4;47.541391;7.948743
8500320;5;47.541440;7.948374
8500322;1;47.559817;8.061508
8500322;3;47.559768;8.061293
8500329;1;47.600786;8.227328
8500329;3;47.600193;8.227283
8500329;4;47.600174;8.227382
8500382;A;47.309406;7.818801
8500382;B;47.309107;7.817068
8500382;C;47.309771;7.818182
8500385;A;47.302224;7.794331
8500385;B;47.302352;7.794367
8500494;A;47.208303;7.533434
8500494;B;47.208224;7.533838
8500550;C;47.485990;8.206820
8500550;D;47.485832;8.206802
8500583;A;47.506960;8.013035
8500583;B;47.506875;8.012999
8500583;C;47.506820;8.012945
8500583;D;47.506754;8.012909
8500583;E;47.506687;8.012856
8500598;A;47.349718;7.905920
8500598;B;47.349785;7.906154
8500598;C;47.349560;7.906621
8500674;A;47.313389;7.694906
8500674;B;47.313444;7.694987
8500674;C;47.313486;7.695050
8500692;A;47.488965;7.610967
8500692;B;47.489104;7.610940
8500692;C;47.489189;7.610931
8500692;D;47.489268;7.610931
8500692;E;47.489359;7.610931
8500692;F;47.489268;7.610752
8500692;G;47.490106;7.610967
8500692;H;47.489991;7.610931
8500692;K;47.489645;7.611039
8500692;L;47.486658;7.612503
8500692;M;47.486567;7.612396
8500702;S;46.237539;6.922849
8500702;T;46.237234;6.922957
8500704;O;46.237644;6.896968
8500704;P;46.237563;6.896959
8500706;A;46.196254;6.872337
8500706;B;46.196241;6.872130
8500707;B;46.200861;6.874250
8500707;F;46.200799;6.873918
8500708;B;46.189544;6.859140
8500708;J;46.189613;6.859230
8500709;A;46.208825;6.886566
8500709;M;46.208813;6.886736
8500739;A;46.222680;6.958557
8500740;V;46.207420;6.863641
8500741;A;46.234196;6.931176
8500741;B;46.234221;6.931284
8500742;Y;46.228709;6.923999
8500742;Z;46.228243;6.923531
8500743;W;46.239396;6.950831
8500744;K;46.240943;6.880853
8500744;L;46.240863;6.880879
8500745;A;46.224570;6.962734
8500745;F;46.224694;6.962527
8500746;A;46.231269;6.957398
8500746;S;46.231188;6.957497
8500747;C;46.241049;6.939324
8500747;D;46.241012;6.939360
8500748;Y;46.236557;6.916704
8500748;Z;46.236675;6.917127
8500749;A;46.236240;6.940573
8500749;I;46.236178;6.940626
8500752;A;47.408108;7.545022
8500752;B;47.408102;7.545103
8500752;C;47.408090;7.545184
8500775;A;47.434274;7.654859
8500775;B;47.434061;7.654742
8500775;C;47.434183;7.654922
8500789;A;47.567630;7.839696
8500852;A;47.397590;7.692067
8500852;B;47.397486;7.691672
8500854;A;47.534987;7.712297
8500854;B;47.534805;7.712180
8500854;C;47.534757;7.712189
8500854;D;47.534890;7.710950
8500890;1;47.210311;7.053940
8500890;2;47.209945;7.053338
8500891;1;47.206387;7.043789
8500891;2;47.206302;7.043978
8500892;1;47.191177;7.039881
8500892;2;47.190578;7.040016
8500893;1;47.183857;7.036387
8500893;2;47.183741;7.036558
8500894;1;47.182282;7.036522
8500895;1;47.153297;7.002143
8500895;2;47.153737;7.002404
8500897;A;47.554155;7.588725
8500897;B;47.554276;7.588195
8500897;C;47.554215;7.589012
8500897;D;47.554931;7.589354
8500898;A;47.561739;7.593235
8500898;B;47.562090;7.592893
8500898;C;47.561751;7.593738
8500898;D;47.561884;7.594277
8500898;E;47.561811;7.594232
8500898;F;47.561490;7.593468
8500899;A;47.563800;7.599208
8500899;B;47.564187;7.599020
8500899;C;47.563563;7.600044
8500899;D;47.563696;7.600664
8500899;E;47.563048;7.599729
8500899;F;47.562648;7.599945
8500960;A;47.491617;7.781881
8500960;B;47.492006;7.782204
8500994;G;47.553342;7.589866
8500994;H;47.553021;7.589767
8501000;1;46.221270;6.065973
8501000;2;46.221207;6.065982
8501001;1;46.178691;6.000054
8501002;1;46.188400;6.017985
8501002;2;46.188387;6.018084
8501003;1;46.214252;6.037631
8501003;2;46.214202;6.037694
8501006;1;46.222314;6.076456
8501006;2;46.222245;6.076411
8501007;1;46.220654;6.094036
8501007;2;46.220250;6.095384
8501008;1;46.210504;6.142662
8501008;2;46.210479;6.142509
8501008;2E-H;46.210479;6.142509
8501008;3;46.210522;6.142419
8501008;4;46.210560;6.142339
8501008;5;46.210659;6.142150
8501008;6;46.210628;6.141997
8501008;7;46.210728;6.141907
8501008;10;46.209379;6.140865
8501011;1;46.250132;6.147297
8501012;1;46.264225;6.161536
8501012;2;46.264250;6.161500
8501013;1;46.286826;6.162739
8501014;1;46.298427;6.167743
8501014;2;46.298464;6.167689
8501015;1;46.307444;6.180867
8501020;1;46.240943;6.147441
8501020;2;46.240950;6.147351
8501021;1;46.256728;6.153828
8501022;1;46.279531;6.165749
8501022;2;46.280282;6.165219
8501022;3;46.280270;6.165147
8501023;1;46.317676;6.187874
8501023;2;46.317000;6.187542
8501023;3;46.317012;6.187443
8501026;1;46.232723;6.112038
8501026;1A-D;46.232723;6.112038
8501026;1E-H;46.232723;6.112038
8501026;2;46.232648;6.112119
8501026;2A-D;46.232648;6.112119
8501026;2E-H;46.232648;6.112119
8501026;3;46.232574;6.112173
8501026;3E-H;46.232574;6.112173
8501026;4;46.232537;6.112308
8501026;4A-D;46.232537;6.112308
8501026;4E-H;46.232537;6.112308
8501030;1;46.384294;6.235745
8501030;2;46.384710;6.236114
8501030;3;46.384753;6.236042
8501030;21;46.384610;6.234892
8501030;22;46.384660;6.234928
8501031;1;46.420236;6.269468
8501031;3;46.419908;6.269333
8501033;1;46.462627;6.336240
8501033;2;46.462602;6.336357
8501035;1;46.475558;6.399077
8501035;2;46.475490;6.399104
8501035;3;46.475428;6.399131
8501036;1;46.482165;6.455680
8501036;2;46.481942;6.455312
8501036;3;46.481979;6.455249
8501037;1;46.511946;6.495224
8501037;2;46.511334;6.494101
8501037;3;46.511384;6.494038
8501037;4;46.511588;6.494209
8501037;5;46.511631;6.494146
8501042;1;46.475125;6.426817
8501042;2;46.475187;6.426826
8501045;1;46.528963;6.540400
8501045;2;46.529038;6.540409
8501047;1;46.518203;6.508474
8501047;2;46.518128;6.508142
8501047;307;46.518196;6.508043
8501048;1;46.522962;6.519352
8501048;2;46.522937;6.519092
8501048;306;46.523135;6.519541
8501053;1;46.399072;6.217024
8501054;1;46.506555;6.484300
8501055;1;46.451123;6.126852
8501056;1;46.438489;6.205858
8501057;1;46.448455;6.183598
8501058;1;46.446307;6.216701
8501059;1;46.390974;6.229233
8501060;1;46.465294;6.073582
8501061;1;46.454526;6.111679
8501062;1;46.448517;6.160296
8501062;2;46.448560;6.160278
8501063;1;46.458599;6.211491
8501063;2;46.458555;6.211518
8501064;1;46.460647;6.222423
8501065;1;46.454328;6.215434
8501066;1;46.436545;6.214644
8501066;2;46.436130;6.214446
8501067;1;46.428918;6.205212
8501067;2;46.428899;6.205292
8501068;1;46.413486;6.206227
8501068;2;46.413634;6.206370
8501069;1;46.401735;6.211814
8501080;1;46.527443;6.462498
8501081;1;46.516119;6.472209
8501081;2;46.516107;6.472128
8501082;1;46.534686;6.432566
8501083;1;46.540507;6.430949
8501084;1;46.558713;6.431677
8501085;1;46.549633;6.390372
8501087;1;46.584879;6.429898
8501088;1;46.592799;6.414277
8501089;1;46.610420;6.402374
8501090;1;46.509455;6.480231
8501091;1;46.524767;6.473287
8501092;1;46.526782;6.446580
8501092;3;46.526714;6.446652
8501094;5;46.551035;6.423332
8501095;1;46.552252;6.374355
8501096;1;46.537405;6.336959
8501096;2;46.537368;6.336994
8501097;1;46.577025;6.432315
8501098;1;46.596410;6.393166
8501099;1;46.617258;6.411097
8501103;1;46.712541;6.370726
8501103;3;46.713083;6.371571
8501103;4;46.712750;6.370466
8501103;5;46.713348;6.371292
8501104;1;46.720061;6.399023
8501104;1AB;46.720061;6.399023
8501104;1CD;46.720061;6.399023
8501104;2;46.720092;6.399113
8501105;1;46.715091;6.474679
8501105;2;46.715085;6.474598
8501106;1;46.696795;6.478129
8501106;2;46.696573;6.478380
8501107;1;46.698089;6.518849
8501107;2;46.698188;6.518885
8501108;1;46.658675;6.517673
8501108;2;46.658687;6.517807
8501110;1;46.746247;6.607172
8501110;2;46.746327;6.607136
8501111;1;46.727962;6.580950
8501111;2;46.727919;6.580770
8501112;2;46.709024;6.567933
8501112;3;46.709005;6.568023
8501113;1;46.687744;6.559417
8501113;2;46.687725;6.559516
8501114;1;46.657041;6.552545
8501114;2;46.657084;6.552635
8501115;1;46.606347;6.523646
8501115;2;46.605187;6.524123
8501115;3;46.605200;6.524221
8501116;1;46.575685;6.530725
8501116;2;46.575629;6.530626
8501117;1;46.547643;6.551647
8501117;3;46.547526;6.551692
8501117;4;46.547464;6.551629
8501118;1;46.537016;6.579198
8501118;2;46.537343;6.578749
8501118;3;46.537411;6.578821
8501118;4;46.537473;6.578884
8501118;5;46.537541;6.578956
8501118;7;46.537714;6.578911
8501120;1;46.516775;6.629513
8501120;3;46.516744;6.629073
8501120;4;46.516669;6.629055
8501120;5;46.516583;6.629028
8501120;5A-D;46.516583;6.629028
8501120;5E-H;46.516583;6.629028
8501120;6;46.516521;6.629019
8501120;6A-D;46.516521;6.629019
8501120;6E-H;46.516521;6.629019
8501120;7;46.516459;6.629001
8501120;8;46.516404;6.628992
8501120;70;46.516342;6.631813
8501120;113;46.516793;6.629091
8501121;1;46.510895;6.659373
8501121;2;46.510846;6.659939
8501122;1;46.504008;6.690176
8501122;2;46.504144;6.690050
8501123;1;46.495660;6.706912
8501123;2;46.495338;6.707711
8501124;1;46.488461;6.726926
8501124;2;46.488133;6.726172
8501124;3;46.488065;6.726208
8501125;1;46.489265;6.745288
8501125;2;46.489018;6.745746
8501126;1;46.474185;6.784688
8501126;2;46.474117;6.784715
8501127;1;46.472520;6.796896
8501127;2;46.472527;6.796546
8501151;1;46.664298;6.317043
8501152;1;46.658515;6.306012
8501153;1;46.646916;6.283365
8501153;2;46.646873;6.283401
8501154;1;46.631984;6.260368
8501155;1;46.624458;6.250262
8501156;1;46.614407;6.239024
8501157;1;46.605780;6.231263
8501157;2;46.605854;6.231469
8501159;1;46.585583;6.213889
8501159;2;46.585521;6.213979
8501160;1;46.523407;6.626126
8501160;2;46.523407;6.626126
8501162;1;46.534013;6.610307
8501162;2;46.534013;6.610307
8501163;1;46.539710;6.607459
8501164;1;46.544523;6.605169
8501165;1;46.548465;6.601755
8501165;2;46.548465;6.601755
8501166;1;46.562419;6.603210
8501166;2;46.562419;6.603210
8501168;1;46.570238;6.604863
8501169;1;46.584453;6.606076
8501169;2;46.584453;6.606076
8501170;1;46.578581;6.605636
8501171;1;46.602675;6.614628
8501172;1;46.613284;6.620503
8501172;2;46.613284;6.620503
8501173;1;46.639342;6.633043
8501173;2;46.639342;6.633043
8501173;3;46.639342;6.633043
8501174;1;46.640447;6.638837
8501175;1;46.654772;6.665401
8501175;2;46.654772;6.665401
8501176;1;46.674179;6.684759
8501177;1;46.692926;6.703606
8501178;1;46.643284;6.642107
8501179;1;46.319959;6.986746
8501181;1;46.520508;6.630052
8501181;2;46.520508;6.629962
8501199;1;46.331342;7.001433
8501200;1;46.463339;6.842962
8501200;2;46.463759;6.842468
8501200;2A-D;46.463759;6.842468
8501200;4;46.463933;6.842333
8501200;4A-D;46.463933;6.842333
8501200;4E-H;46.463933;6.842333
8501200;5;46.463277;6.843644
8501200;7;46.463320;6.843878
8501201;1;46.455430;6.859661
8501201;2;46.455486;6.859724
8501202;1;46.447978;6.877026
8501202;2;46.448046;6.877062
8501203;1;46.442921;6.895208
8501203;2;46.442989;6.895226
8501209;G;46.524965;6.602590
8501209;H;46.524136;6.601234
8501210;B;46.523185;6.589789
8501210;C;46.522727;6.589134
8501210;D;46.523382;6.591388
8501221;A;46.278519;6.927933
8501221;B;46.278414;6.928167
8501229;1;46.259412;6.945909
8501267;A;46.723824;6.530932
8501267;B;46.724279;6.530896
8501267;C;46.723048;6.531031
8501280;1;46.470565;6.871959
8501280;2;46.470528;6.872085
8501300;1;46.435443;6.910865
8501300;3;46.435418;6.910991
8501300;4;46.435889;6.910973
8501300;5;46.436731;6.910380
8501300;6;46.436688;6.910488
8501300;7;46.436013;6.911144
8501300;8;46.436025;6.911162
8501301;1;46.426967;6.922543
8501301;2;46.426806;6.922543
8501302;1;46.417548;6.927807
8501302;2;46.417530;6.927718
8501303;1;46.399010;6.927035
8501303;2;46.398613;6.927143
8501303;3;46.398613;6.927242
8501304;1;46.358801;6.926945
8501304;2;46.358913;6.926756
8501330;I;46.343877;7.013390
8501330;J;46.343858;7.013677
8501343;B;46.455739;7.117604
8501343;N;46.455696;7.117702
8501344;B;46.426800;7.113310
8501344;Y;46.427035;7.113292
8501345;A;46.434137;7.127278
8501345;I;46.434038;7.127278
8501346;B;46.391036;7.095586
8501346;Q;46.391024;7.095388
8501347;S;46.460771;7.106249
8501348;A;46.464619;7.114082
8501348;V;46.464638;7.114280
8501349;B;46.458431;7.121215
8501349;P;46.458586;7.121511
8501379;1;46.491677;7.034464
8501379;2;46.491615;7.034581
8501394;1;46.474809;7.132237
8501394;2;46.474877;7.132201
8501394;3;46.474927;7.132165
8501399;1;46.475205;7.283882
8501399;2;46.475156;7.283792
8501399;3;46.475119;7.283747
8501400;1;46.317248;6.963381
8501400;2;46.316714;6.963551
8501400;3;46.316690;6.963462
8501400;11;46.316082;6.964072
8501400;12;46.316082;6.964171
8501400;13;46.316125;6.964189
8501400;14;46.316137;6.964279
8501400;15;46.316144;6.964324
8501400;16;46.316144;6.964432
8501402;0;46.251504;7.001002
8501402;1;46.250579;7.001083
8501402;2;46.251529;7.000481
8501402;3;46.252070;7.000131
8501403;1;46.216279;7.001945
8501403;2;46.215993;7.001856
8501403;3;46.216191;7.001712
8501403;3AB;46.216191;7.001712
8501403;4;46.216173;7.001604
8501403;6;46.216173;7.001523
8501404;1;46.169155;7.025607
8501404;2;46.169205;7.025697
8501405;1;46.138526;7.038453
8501405;2;46.138588;7.038525
8501420;1;46.241677;6.984949
8501422;1;46.270888;6.948927
8501423;1;46.314803;6.916426
8501424;1;46.336497;6.898460
8501425;1;46.363469;6.879325
8501426;1;46.386011;6.853104
8501426;2;46.386023;6.853364
8501428;1;46.392393;6.805690
8501446;1;46.309566;7.075499
8501447;33;46.293735;7.061073
8501447;43;46.293735;7.061073
8501448;1;46.175164;6.871375
8501452;1;46.278296;6.973631
8501453;1;46.194208;6.886638
8501454;1;46.212070;6.899466
8501457;1;46.251697;6.940582
8501458;2;46.286851;6.994319
8501460;1;46.239701;6.927565
8501461;1;46.296776;6.993160
8501461;2;46.296782;6.993052
8501462;11;46.269379;6.945989
8501463;1;46.253983;6.947588
8501463;2;46.254207;6.947490
8501463;3;46.253983;6.947517
8501464;1;46.228112;6.915689
8501464;2;46.228286;6.915851
8501465;1;46.203771;6.893124
8501466;1;46.181397;6.874313
8501468;1;46.316820;6.978984
8501470;1;46.308139;6.983530
8501471;2;46.327069;7.023748
8501472;1;46.337061;7.038516
8501473;1;46.354796;7.055242
8501473;2;46.354666;7.055368
8501474;1;46.361368;7.052296
8501474;2;46.361399;7.052116
8501475;1;46.355323;7.085282
8501476;1;46.353054;7.113274
8501477;1;46.353705;7.134070
8501479;1;46.351318;7.154434
8501480;1;46.327360;7.000778
8501480;2;46.327366;7.000912
8501481;1;46.339033;7.005934
8501482;1;46.344478;7.008494
8501483;1;46.345793;7.006500
8501484;1;46.318334;6.975544
8501485;1;46.318172;6.982272
8501487;1;46.250865;7.014414
8501488;2;46.258983;7.030925
8501488;3;46.260120;7.031177
8501490;1;46.267522;7.055880
8501490;2;46.267572;7.055898
8501491;1;46.271168;7.050940
8501492;1;46.273707;7.060219
8501492;2;46.273744;7.060093
8501493;1;46.282846;7.070595
8501494;1;46.291339;7.062609
8501495;1;46.295771;7.056294
8501495;3;46.295677;7.056536
8501497;1;46.304950;7.069633
8501497;2;46.304856;7.069678
8501498;1;46.316640;7.072176
8501498;2;46.316584;7.072257
8501499;2;46.321901;7.073335
8501500;1;46.105956;7.078895
8501500;2;46.106031;7.080288
8501500;3;46.106105;7.080288
8501500;41;46.105881;7.077889
8501500;50;46.105925;7.080584
8501501;1;46.126848;7.126416
8501501;2;46.126910;7.126362
8501502;1;46.149648;7.173757
8501502;2;46.149673;7.173622
8501502;3;46.149729;7.173569
8501503;1;46.172633;7.217847
8501503;2;46.172701;7.217811
8501504;1;46.188736;7.240691
8501504;2;46.188773;7.240888
8501505;2;46.208197;7.270452
8501505;3;46.208148;7.270497
8501506;1;46.227199;7.358244
8501506;2;46.227236;7.358882
8501506;3;46.227167;7.358900
8501507;1;46.251697;7.420273
8501507;2;46.251623;7.420291
8501509;1;46.292015;7.532643
8501509;2;46.292028;7.532886
8501509;3;46.291984;7.532949
8501510;1;46.216104;7.305235
8501510;2;46.215937;7.304785
8501541;A;46.304695;7.469231
8501542;A;46.308512;7.469294
8501542;B;46.308493;7.469644
8501542;C;46.308667;7.469815
8501543;A;46.312446;7.480559
8501545;A;46.323483;7.501696
8501545;B;46.323198;7.501975
8501547;A;46.281332;7.483469
8501547;B;46.281363;7.483236
8501554;1;46.317738;6.971070
8501554;2;46.316590;6.971142
8501557;B;46.290110;7.023101
8501557;H;46.290290;7.023424
8501558;B;46.286913;7.027278
8501558;E;46.287093;7.027601
8501561;1;46.130452;7.044588
8501562;1;46.121643;7.021071
8501562;2;46.121686;7.021017
8501563;1;46.112283;7.011629
8501564;1;46.102225;6.997625
8501564;2;46.102237;6.997580
8501565;1;46.082364;6.976290
8501565;2;46.082352;6.976128
8501566;1;46.061979;6.958449
8501568;1;46.053208;6.949915
8501568;2;46.053264;6.949834
8501568;3;46.053296;6.949780
8501572;1;46.093168;7.069939
8501572;2;46.093018;7.069903
8501573;1;46.086551;7.058566
8501575;2;46.078526;7.082120
8501576;1;46.076900;7.145379
8501576;2;46.076800;7.145433
8501576;3;46.076744;7.145478
8501576;4;46.076931;7.145829
8501577;1;46.052529;7.148730
8501578;1;46.027991;7.143637
8501578;2;46.028035;7.143619
8501579;1;46.078950;7.215080
8501579;2;46.078993;7.215179
8501580;1;46.082969;7.160651
8501586;A;46.288229;7.475025
8501586;B;46.288564;7.475268
8501587;A;46.306147;7.467955
8501588;A;46.312098;7.547393
8501589;A;46.316032;7.520228
8501589;B;46.315871;7.520112
8501590;2;46.292785;7.529885
8501596;2;46.312961;7.489219
8501597;A;46.296726;7.487422
8501597;B;46.296602;7.487170
8501598;A;46.298768;7.485985
8501598;B;46.298359;7.485410
8501599;A;46.298843;7.480074
8501600;1;46.309355;7.578790
8501600;2;46.309169;7.578206
8501601;1;46.311558;7.644888
8501601;2;46.311589;7.645022
8501602;1;46.309473;7.700413
8501602;2;46.309461;7.699730
8501603;3;46.306700;7.747718
8501603;4;46.306762;7.747682
8501604;2;46.306377;7.801437
8501604;3;46.306445;7.801428
8501605;2;46.293890;7.881639
8501605;3;46.293958;7.881639
8501605;4;46.294008;7.882294
8501605;5;46.294076;7.882294
8501605;6;46.294144;7.882303
8501605;7;46.294213;7.882303
8501609;1;46.319475;7.987784
8501609;3;46.319581;7.988143
8501609;4;46.319674;7.988143
8501609;6;46.319779;7.989113
8501609;7;46.319872;7.989122
8501609;8;46.319934;7.990595
8501609;9;46.320021;7.990577
8501609;345;46.319426;7.988098
8501609;348;46.319426;7.988098
8501632;1;46.786040;7.080395
8501632;2;46.786009;7.080467
8501650;A;46.311769;7.643864
8501650;B;46.311633;7.644052
8501651;A;46.319463;7.633120
8501651;B;46.319475;7.633731
8501651;C;46.319351;7.633353
8501661;3;46.530706;8.343040
8501661;4;46.530675;8.343112
8501661;6;46.530848;8.342942
8501663;1;46.505263;8.309084
8501663;2;46.505220;8.309174
8501666;3;46.468239;8.244064
8501672;1;46.406152;8.133957
8501672;2;46.406208;8.133850
8501673;1;46.386885;8.117006
8501674;1;46.375191;8.091647
8501674;2;46.375246;8.091548
8501676;1;46.356235;8.047180
8501676;2;46.356197;8.047270
8501677;1;46.335870;8.017069
8501677;2;46.335845;8.017105
8501683;1;46.231897;7.870482
8501683;2;46.231841;7.870733
8501684;1;46.214233;7.837136
8501684;2;46.214414;7.837181
8501688;1;46.067495;7.774892
8501688;3;46.067296;7.774559
8501688;4;46.067296;7.774488
8501689;2;46.024286;7.747745
8501689;3;46.024237;7.747844
8501689;4;46.024205;7.747915
8501689;5;46.024168;7.748014
8501689;6;46.024580;7.748365
8501700;B;46.425332;7.134977
8501700;D;46.425320;7.134833
8501701;B;46.432218;7.133198
8501701;H;46.432279;7.133225
8501702;B;46.407317;7.104623
8501702;U;46.407205;7.104479
8501703;K;46.282592;7.099619
8501703;L;46.282536;7.099646
8501704;G;46.324699;7.126659
8501705;I;46.331361;7.129282
8501706;Q;46.347238;7.144068
8501707;D;46.310144;7.101784
8501708;I;46.282238;7.092999
8501708;J;46.282300;7.093017
8501709;G;46.284889;7.123038
8501710;E;46.283964;7.083135
8501710;F;46.283877;7.083153
8501711;A;46.288527;7.137187
8501725;1;46.341477;7.007093
8501726;1;46.272403;6.951990
8501727;1;46.288266;7.067936
8501734;A;46.600534;6.377122
8501734;B;46.600478;6.377131
8501753;A;46.319091;7.987748
8501753;B;46.319091;7.987550
8501753;C;46.319097;7.987352
8501753;D;46.319091;7.987164
8501753;F;46.319097;7.986733
8501753;I;46.319190;7.987110
8501753;J;46.319196;7.986858
8501753;K;46.319091;7.987981
8501753;L;46.319153;7.988394
8501758;K;46.379913;7.083360
8501758;L;46.379895;7.083647
8501759;B;46.348497;6.960470
8501759;L;46.348571;6.960452
8501763;A;46.423883;7.145110
8501763;B;46.423822;7.145209
8501766;A;46.350896;7.067415
8501777;A;46.310795;7.013767
8501777;W;46.310745;7.013812
8501778;A;46.256871;7.093026
8501778;B;46.256896;7.092891
8501782;B;46.108827;7.929582
8501782;C;46.108858;7.929609
8501782;D;46.108877;7.929645
8501782;G;46.108976;7.929573
8501782;H;46.108808;7.929186
8501783;A;46.123479;7.936786
8501783;B;46.123542;7.937011
8501783;C;46.123392;7.936741
8501792;S;46.396575;7.101658
8501792;T;46.397312;7.101587
8501795;A;46.307364;7.466617
8501795;B;46.307202;7.466123
8501799;B;46.420106;7.106869
8501799;W;46.420143;7.106680
8501890;B;46.237178;6.856454
8501890;E;46.237160;6.856607
8501891;T;46.183735;6.835164
8501952;1;46.207010;8.207017
8501952;3;46.207010;8.207017
8501966;A;46.400249;6.171489
8501966;B;46.400447;6.171642
8501967;A;46.407756;6.178774
8501968;A;46.394927;6.192015
8501968;B;46.394481;6.191665
8501969;A;46.389679;6.197980
8501969;B;46.389623;6.198016
8501970;A;46.390342;6.202094
8501970;B;46.390943;6.202607
8501974;A;46.344850;7.008961
8501975;A;46.361324;7.052619
8501994;A;46.227571;7.358388
8501994;B;46.227590;7.358478
8501994;C;46.227627;7.358469
8501994;D;46.227671;7.358451
8501994;E;46.227714;7.358307
8501994;F;46.227745;7.358424
8501994;G;46.227776;7.358415
8501994;H;46.227814;7.358388
8501994;I;46.227857;7.358388
8501994;J;46.227907;7.358361
8501996;B;46.291283;7.531916
8501996;D;46.291388;7.532212
8501996;F;46.291469;7.532437
8501996;G;46.291382;7.532607
8501996;H;46.291606;7.532841
8502000;1;47.320210;7.908355
8502000;2;47.320679;7.907905
8502000;3;47.320715;7.907968
8502001;1;47.288034;7.943047
8502001;2;47.287821;7.943092
8502001;3;47.287791;7.943003
8502001;40;47.289308;7.942149
8502002;2;47.262162;7.957492
8502002;3;47.261662;7.957870
8502003;1;47.241875;7.968524
8502003;2;47.241845;7.968434
8502004;2;47.217243;7.978738
8502004;3;47.217035;7.978549
8502005;2;47.193741;7.976986
8502005;3;47.193130;7.977345
8502006;1;47.183875;8.018775
8502006;2;47.183839;8.019243
8502007;1;47.170778;8.097827
8502007;2;47.170106;8.098339
8502007;2AB;47.170106;8.098339
8502007;2CD;47.170100;8.098348
8502007;3;47.170069;8.098276
8502008;1;47.138163;8.139527
8502008;2;47.138255;8.139554
8502009;1;47.116032;8.195869
8502009;2;47.115958;8.195860
8502010;1;47.180120;8.073905
8502010;2;47.180065;8.073887
8502011;1;47.155038;8.114392
8502011;2;47.155001;8.114311
8502012;1;47.090809;8.273097
8502012;2;47.090766;8.273178
8502017;1;47.107864;8.319639
8502017;2;47.107937;8.319603
8502019;1;47.229310;8.242752
8502020;1;47.088729;8.248430
8502020;2;47.087390;8.250873
8502020;3;47.089751;8.246983
8502021;1;47.070861;8.282278
8502021;2;47.071105;8.282072
8502021;3;47.071430;8.281694
8502023;1;47.153804;8.316792
8502024;1;47.167351;8.288270
8502024;2;47.167327;8.288207
8502025;2;47.185756;8.280392
8502026;1;47.213393;8.265129
8502027;1;47.223039;8.251421
8502027;2;47.223021;8.251403
8502028;1;47.078367;8.276790
8502028;2;47.078135;8.276817
8502029;1;47.244693;8.223870
8502030;1;47.346365;8.158724
8502030;2;47.346365;8.158688
8502031;1;47.328631;8.175990
8502032;1;47.315113;8.184479
8502033;1;47.288510;8.198986
8502033;2;47.288510;8.199022
8502034;1;47.267764;8.202292
8502034;2;47.267770;8.202319
8502038;A;47.207821;8.189491
8502038;B;47.207864;8.189446
8502038;C;47.207888;8.189392
8502038;D;47.207931;8.189339
8502042;1;47.164554;8.299023
8502043;1;47.353120;8.160224
8502086;A;47.213405;8.094683
8502086;B;47.213692;8.094728
8502086;C;47.213399;8.094863
8502098;A;47.093763;8.271660
8502098;B;47.093830;8.271768
8502100;1;47.321818;7.983606
8502100;2;47.321885;7.984136
8502101;1;47.337380;8.026600
8502101;2;47.337356;8.026699
8502102;1;47.356346;8.048303
8502103;5;47.371113;8.081945
8502103;6;47.371959;8.083059
8502103;7;47.371107;8.082044
8502103;8;47.371040;8.082143
8502104;1;47.388358;8.125810
8502104;2;47.388443;8.126232
8502105;2;47.407117;8.214087
8502105;3;47.407160;8.214033
8502105;4;47.407519;8.214455
8502105;5;47.407561;8.214393
8502106;1;47.414941;8.236347
8502106;2;47.415008;8.236311
8502106;3;47.415069;8.236267
8502110;1;47.354222;7.946111
8502110;2;47.354149;7.946102
8502110;3;47.354088;7.946084
8502110;4;47.354021;7.946057
8502111;2;47.356315;7.978288
8502111;3;47.356370;7.978243
8502111;4;47.356407;7.978127
8502112;1;47.371241;8.000037
8502112;2;47.371126;7.999875
8502113;0;47.392068;8.054034
8502113;1;47.391508;8.052121
8502113;2;47.391247;8.051438
8502113;3;47.391174;8.051474
8502113;4;47.391125;8.051555
8502113;5;47.391046;8.051600
8502113;6;47.391150;8.052247
8502113;11;47.390912;8.052597
8502113;12;47.390852;8.052633
8502113;13;47.390809;8.052642
8502114;1;47.403323;8.126942
8502114;4;47.403086;8.125118
8502115;1;47.416655;8.164195
8502115;2;47.416224;8.163674
8502116;1;47.451462;8.167069
8502116;2;47.451346;8.167006
8502119;1;47.391934;8.169297
8502119;2;47.391776;8.169576
8502119;3;47.391715;8.169531
8502119;4;47.391636;8.169540
8502119;5;47.391587;8.169504
8502119;5AB;47.391587;8.169504
8502119;5CD;47.391587;8.169504
8502119;6;47.391113;8.170752
8502119;6A;47.391113;8.170752
8502119;6B;47.391113;8.170752
8502119;7;47.390651;8.170995
8502120;1;47.302151;7.941754
8502121;1;47.319607;7.962415
8502122;1;47.324503;8.018102
8502123;1;47.389502;8.069818
8502123;2;47.389538;8.069926
8502128;1;47.428957;8.166467
8502128;2;47.428756;8.166494
8502160;2;47.361658;8.098842
8502160;3;47.361701;8.098869
8502161;1;47.329380;8.114383
8502161;2;47.329380;8.114437
8502162;1;47.310161;8.115111
8502163;1;47.299001;8.124094
8502163;2;47.298989;8.124031
8502164;1;47.280411;8.144656
8502164;2;47.280448;8.144647
8502165;1;47.282300;8.153244
8502165;2;47.282227;8.153136
8502166;1;47.272908;8.167887
8502166;2;47.272908;8.167833
8502167;1;47.257272;8.181406
8502167;2;47.257303;8.181568
8502168;1;47.250089;8.184416
8502168;2;47.250102;8.184533
8502169;1;47.240802;8.189231
8502169;2;47.240820;8.189357
8502169;4;47.240924;8.189321
8502174;1;47.343492;8.113512
8502174;2;47.343443;8.113530
8502176;1;47.254461;8.183410
8502177;1;47.311038;8.051223
8502178;1;47.329423;8.054457
8502178;2;47.329423;8.054510
8502179;1;47.334458;8.054304
8502180;1;47.343790;8.052498
8502181;1;47.361032;8.045761
8502181;2;47.361050;8.045770
8502182;1;47.364688;8.041907
8502184;1;47.356522;8.106478
8502185;1;47.346066;8.341522
8502186;1;47.393369;8.398934
8502186;2;47.393369;8.398817
8502187;1;47.364640;8.376952
8502187;2;47.364682;8.376889
8502188;1;47.355993;8.354620
8502188;2;47.355993;8.354557
8502189;1;47.363958;8.092159
8502191;1;47.383182;8.050576
8502192;1;47.375852;8.049264
8502192;2;47.375810;8.049336
8502194;1;47.356109;8.046560
8502195;1;47.338792;8.053253
8502195;2;47.338798;8.053289
8502196;1;47.368722;8.044458
8502196;2;47.368722;8.044539
8502197;1;47.319948;8.052813
8502197;2;47.319960;8.052777
8502199;1;47.305830;8.050046
8502199;2;47.305958;8.050028
8502200;1;47.083952;8.341828
8502200;3;47.084289;8.342088
8502200;4;47.084331;8.342016
8502201;1;47.120629;8.394065
8502201;2;47.120696;8.394011
8502201;3;47.120726;8.393939
8502202;1;47.141823;8.430608
8502202;2;47.142055;8.431318
8502202;3;47.142116;8.431291
8502202;5;47.142080;8.430554
8502202;5CD;47.142080;8.430554
8502202;6;47.142135;8.430527
8502202;645;47.141762;8.430491
8502203;2;47.178154;8.457683
8502203;3;47.178099;8.457719
8502204;1;47.175467;8.516119
8502204;2;47.174857;8.515957
8502204;3;47.174875;8.515858
8502204;4;47.174875;8.515759
8502204;5;47.174460;8.515517
8502204;6;47.174490;8.515436
8502204;6B;47.174490;8.515436
8502204;6CD;47.174490;8.515436
8502204;7;47.174271;8.515211
8502204;7CD;47.174271;8.515211
8502205;2;47.098888;8.516936
8502205;3;47.098912;8.516999
8502206;1;47.195364;8.523063
8502206;2;47.195199;8.522425
8502206;3;47.195511;8.523009
8502207;1;47.238429;8.577060
8502207;2;47.238429;8.577060
8502208;1;47.258748;8.589817
8502208;3;47.258924;8.589304
8502208;4;47.258888;8.589251
8502209;1;47.276498;8.577977
8502209;2;47.276529;8.578076
8502211;1;47.389027;8.207907
8502211;2;47.389173;8.207880
8502211;3;47.389204;8.207943
8502212;1;47.374027;8.234039
8502212;2;47.373632;8.234982
8502212;3;47.373681;8.235036
8502213;2;47.347929;8.270295
8502213;3;47.347886;8.270232
8502213;11;47.348312;8.270528
8502213;12;47.348343;8.270564
8502214;1;47.305404;8.314645
8502214;2;47.305343;8.314573
8502215;1;47.276718;8.339779
8502215;3;47.276803;8.339914
8502215;3A-C;47.276803;8.339914
8502215;3DE;47.276803;8.339914
8502215;4;47.276840;8.339986
8502216;2;47.246821;8.365552
8502216;3;47.246760;8.365489
8502217;1;47.225235;8.387965
8502217;2;47.225211;8.387848
8502218;2;47.189937;8.397721
8502218;3;47.187856;8.398071
8502219;2;47.165996;8.404844
8502219;3;47.166344;8.404817
8502220;1;47.391089;8.435252
8502220;2;47.391144;8.435207
8502221;1;47.357642;8.437094
8502221;2;47.357703;8.437139
8502222;2;47.325952;8.468068
8502222;3;47.325958;8.467960
8502223;1;47.299105;8.445538
8502223;2;47.299062;8.445448
8502224;1;47.275822;8.446275
8502224;2;47.275864;8.446185
8502224;3;47.275895;8.446131
8502225;1;47.244272;8.457207
8502226;1;47.220721;8.466586
8502226;2;47.220519;8.466810
8502227;2;47.193857;8.478488
8502227;3;47.193844;8.478416
8502229;1;47.380938;8.430339
8502229;2;47.380926;8.430249
8502230;1;47.180218;8.486636
8502230;2;47.180163;8.486591
8502231;1;47.147762;8.510037
8502231;2;47.147670;8.510118
8502237;5;47.446177;8.215012
8502237;6;47.446189;8.215111
8502247;5;47.435842;8.217662
8502247;6;47.435854;8.217788
8502248;1;47.350570;8.343750
8502265;A;47.295090;8.229691
8502265;B;47.295090;8.229691
8502268;1;47.357581;8.359273
8502269;1;47.349365;8.312623
8502269;2;47.349329;8.312390
8502270;1;47.397729;8.399059
8502271;1;47.346809;8.287057
8502272;1;47.345720;8.337040
8502272;2;47.345683;8.337102
8502273;1;47.351489;8.346490
8502273;2;47.351429;8.346499
8502274;1;47.352713;8.354539
8502275;1;47.362048;8.354727
8502276;1;47.362029;8.366379
8502276;2;47.362090;8.366361
8502277;1;47.369647;8.381407
8502278;1;47.384253;8.396239
8502287;A;47.134166;8.611331
8502287;B;47.134221;8.611089
8502287;C;47.134344;8.611358
8502300;1;47.168323;8.516972
8502306;1;47.169147;8.449769
8502306;2;47.169153;8.449868
8502361;C;47.312646;7.911220
8502567;B;47.308151;8.357979
8502567;C;47.308388;8.357818
8502567;D;47.308492;8.358042
8502606;A;46.183033;7.383559
8502608;A;46.180172;7.384879
8502609;A;46.184208;7.384762
8502609;B;46.184189;7.384879
8502610;A;46.187150;7.384385
8502610;B;46.187249;7.384457
8502611;A;46.182230;7.386254
8502611;B;46.182280;7.386146
8502675;A;47.354161;8.160287
8502675;B;47.352914;8.160269
8502676;A;47.347296;8.168111
8502676;B;47.347296;8.168111
8502677;A;47.349000;8.176322
8502677;B;47.349000;8.176322
8502678;A;47.349566;8.184820
8502678;B;47.349566;8.184820
8502679;A;47.325733;8.206416
8502679;B;47.325733;8.206416
8502681;A;47.394354;8.168704
8502681;B;47.394354;8.168704
8502707;A;47.428270;8.276107
8502707;B;47.428282;8.276206
8502707;C;47.428307;8.276304
8502707;D;47.428325;8.276412
8502707;E;47.428349;8.276502
8502749;A;47.148886;8.229134
8502749;B;47.149081;8.229278
8502758;A;47.244900;8.532729
8502758;B;47.244918;8.532818
8502758;C;47.244937;8.532899
8502773;A;47.418509;8.316603
8502773;B;47.418904;8.316962
8502781;A;47.172732;8.516487
8502781;B;47.173196;8.516604
8502781;C;47.173495;8.516873
8502781;D;47.172988;8.516721
8502798;A;47.195474;8.523629
8502798;B;47.195450;8.523692
8502798;C;47.195413;8.523754
8502798;D;47.195364;8.523781
8502798;E;47.195364;8.523898
8502812;B;46.392133;6.249966
8502872;A;47.376558;8.142752
8502872;B;47.377057;8.142815
8502888;A;47.418108;8.271993
8502888;B;47.418284;8.271840
8502889;A;47.348951;8.269405
8502889;B;47.349012;8.269325
8502889;C;47.349085;8.269235
8502889;D;47.349152;8.269154
8502889;E;47.349213;8.269082
8502889;F;47.349274;8.269001
8502889;G;47.349341;8.268920
8502889;H;47.349408;8.268839
8502889;I;47.349457;8.268768
8502889;K;47.349511;8.268696
8502889;L;47.349578;8.268624
8502890;A;47.259552;8.375739
8502890;B;47.259693;8.374661
8502890;C;47.259961;8.373763
8502897;A;47.400004;8.310027
8502897;B;47.400149;8.310144
8502897;C;47.400216;8.310180
8502972;A;47.217084;8.576890
8502972;B;47.217591;8.578192
8502981;A;47.401998;8.176259
8502981;B;47.401998;8.176259
8502996;A;47.391764;8.051088
8502996;B;47.391806;8.050953
8502996;C;47.391885;8.051061
8502996;D;47.391898;8.050890
8502996;E;47.391995;8.050998
8502996;P;47.391697;8.051205
8502998;A;47.170649;8.098420
8502998;B;47.170100;8.098968
8502998;C;47.169666;8.099390
8502998;D;47.169996;8.098797
8502998;E;47.170179;8.098645
8503000;3;47.378347;8.536214
8503000;4;47.378407;8.536259
8503000;5;47.378480;8.536313
8503000;6;47.378553;8.536331
8503000;7;47.378626;8.536394
8503000;8;47.378693;8.536430
8503000;9;47.378772;8.536484
8503000;10;47.378833;8.536528
8503000;11;47.378912;8.536573
8503000;12;47.378997;8.536555
8503000;13;47.379070;8.536600
8503000;14;47.379131;8.536672
8503000;15;47.379204;8.536726
8503000;16;47.379253;8.536834
8503000;17;47.379338;8.536870
8503000;18;47.379417;8.536834
8503000;21;47.377282;8.539502
8503000;22;47.377404;8.539574
8503000;31;47.378347;8.536654
8503000;32;47.378456;8.536717
8503000;33;47.378523;8.536753
8503000;33AB;47.378523;8.536753
8503000;34;47.378639;8.536825
8503000;41/42;47.378906;8.538810
8503000;43/44;47.378967;8.538846
8503001;2;47.391496;8.489223
8503001;3;47.391600;8.489133
8503001;4;47.391667;8.489178
8503001;5;47.391484;8.488963
8503001;6;47.391727;8.489421
8503001;7;47.391794;8.489457
8503003;1;47.366623;8.548683
8503003;2;47.366727;8.548674
8503003;3;47.366800;8.548755
8503004;1;47.349913;8.561762
8503004;2;47.349548;8.562220
8503004;3;47.349578;8.562292
8503006;1;47.411890;8.544928
8503006;2;47.411993;8.545000
8503006;3;47.411871;8.544452
8503006;4;47.411835;8.544137
8503006;5;47.411896;8.544074
8503006;6;47.412060;8.544335
8503006;7;47.412121;8.544272
8503006;8;47.412376;8.544775
8503007;2;47.418588;8.543922
8503007;3;47.418534;8.543931
8503008;1;47.420740;8.509256
8503008;2;47.420807;8.509301
8503009;3;47.348233;8.533708
8503009;4;47.348239;8.533798
8503010;1;47.364025;8.530743
8503010;2;47.364001;8.530653
8503011;1;47.372446;8.522182
8503011;2;47.372513;8.521940
8503011;3;47.372464;8.521859
8503015;1;47.391946;8.528965
8503015;2;47.391922;8.529054
8503016;1;47.449882;8.561349
8503016;2;47.449840;8.561430
8503016;3;47.449791;8.561529
8503016;3AB;47.449791;8.561529
8503016;4;47.449743;8.561609
8503020;1;47.385335;8.517179
8503020;2;47.385183;8.517403
8503020;3;47.385110;8.517448
8503020;4;47.385110;8.517053
8503020;5;47.385196;8.517125
8503022;A;47.476568;8.998766
8503040;I;46.266647;6.130526
8503040;J;46.266492;6.130382
8503046;F;46.272124;6.140919
8503046;G;46.272552;6.141575
8503049;E;46.268975;6.146309
8503051;1;47.362760;8.518302
8503052;1;47.364804;8.507504
8503053;1;47.364944;8.503533
8503054;1;47.364974;8.495062
8503055;1;47.365924;8.465921
8503056;1;47.360247;8.477294
8503056;2;47.360313;8.477374
8503057;1;47.351976;8.487507
8503057;2;47.351995;8.487391
8503059;A;47.366167;8.547281
8503059;C;47.366021;8.547847
8503059;D;47.366130;8.548126
8503065;1;47.325246;8.647767
8503065;2;47.325355;8.648324
8503065;3;47.325362;8.647821
8503065;4;47.325538;8.648602
8503080;C;46.267597;6.149983
8503080;D;46.267541;6.150361
8503083;A;47.368357;8.559606
8503083;B;47.368077;8.560244
8503083;C;47.367536;8.559795
8503083;D;47.367700;8.560289
8503085;H;46.261033;6.147603
8503085;I;46.261119;6.148124
8503086;1;47.351672;8.526171
8503086;2;47.351666;8.526306
8503087;1;47.357825;8.522057
8503087;2;47.357764;8.521895
8503089;1;47.296540;8.535657
8503090;1;47.372239;8.531731
8503090;2;47.372245;8.531722
8503091;1;47.362614;8.522021
8503093;1;47.337971;8.519775
8503094;1;47.333064;8.518607
8503094;2;47.333015;8.518742
8503095;1;47.319619;8.521518
8503096;2;47.312305;8.524114
8503096;3;47.312305;8.524042
8503097;1;47.287376;8.543868
8503097;2;47.287376;8.543984
8503098;1;47.268306;8.557540
8503098;2;47.268325;8.557621
8503099;1;47.303284;8.525165
8503100;2;47.337331;8.569560
8503100;3;47.337307;8.569479
8503101;3;47.319534;8.580699
8503101;4;47.319552;8.580788
8503102;2;47.305629;8.591793
8503102;3;47.305660;8.591874
8503103;2;47.281782;8.612984
8503103;3;47.281825;8.613056
8503104;2;47.269721;8.644497
8503104;3;47.269775;8.644533
8503105;1;47.258784;8.679567
8503105;2;47.258656;8.679702
8503105;3;47.258601;8.679657
8503106;1;47.253358;8.692692
8503107;3;47.240503;8.722623
8503107;4;47.240552;8.722641
8503108;2;47.235746;8.751953
8503108;3;47.235685;8.751962
8503109;2;47.238759;8.781876
8503109;3;47.238826;8.781858
8503110;1;47.224863;8.817189
8503110;1AB;47.224863;8.817189
8503110;1C;47.224863;8.817189
8503110;2;47.224759;8.816875
8503110;2AB;47.224759;8.816875
8503110;2C;47.224759;8.816875
8503110;3;47.224686;8.816857
8503110;4;47.224576;8.816533
8503110;4AB;47.224576;8.816533
8503110;4C;47.224576;8.816533
8503110;5;47.224509;8.816551
8503110;5AB;47.224509;8.816551
8503110;5C;47.224509;8.816551
8503110;6;47.224363;8.815896
8503110;7;47.224290;8.815698
8503110;35;47.224888;8.816749
8503111;1;47.297698;8.598665
8503111;2;47.297265;8.599006
8503112;1;47.238551;8.813820
8503113;1;47.223777;8.841345
8503115;1;47.225046;8.944426
8503115;2;47.224985;8.943852
8503116;1;47.224180;8.980691
8503116;2;47.224357;8.979461
8503116;3;47.224284;8.979434
8503116;4;47.224162;8.979676
8503117;2;47.218073;9.022445
8503118;1;47.204239;9.008710
8503119;1;47.157829;9.043780
8503120;1;47.230915;8.834643
8503120;2;47.230085;8.834509
8503121;1;47.260266;8.854766
8503121;2;47.260186;8.855134
8503121;3;47.260241;8.855179
8503122;2;47.270019;8.824097
8503122;3;47.270056;8.824142
8503123;1;47.318097;8.792036
8503123;2;47.317500;8.792593
8503123;3;47.317457;8.792512
8503123;4;47.317415;8.792432
8503123;5;47.317378;8.792360
8503124;1;47.335949;8.765698
8503124;2;47.335895;8.765617
8503125;1;47.350972;8.717755
8503125;2;47.351015;8.717844
8503125;3;47.351063;8.717898
8503126;1;47.370043;8.685164
8503126;2;47.369988;8.685092
8503127;2;47.384453;8.658313
8503127;3;47.384405;8.658250
8503128;3;47.400435;8.622955
8503128;4;47.400496;8.623000
8503129;3;47.412394;8.592709
8503129;4;47.412333;8.592700
8503130;2;47.300147;8.839476
8503130;3;47.300110;8.839413
8503134;1;47.368826;8.878742
8503135;1;47.353693;8.932425
8503136;1;47.332948;8.923127
8503136;2;47.332863;8.923190
8503137;1;47.314065;8.916165
8503138;1;47.272372;8.913578
8503139;1;47.268245;8.853167
8503139;2;47.268178;8.853167
8503141;1;47.326378;8.576342
8503141;2;47.326506;8.576081
8503147;1;47.397048;8.596132
8503147;2;47.397073;8.596024
8503200;1;47.324272;8.547982
8503200;2;47.324156;8.547910
8503201;1;47.308242;8.554576
8503201;2;47.306841;8.555106
8503202;2;47.295931;8.564700
8503202;3;47.295760;8.564771
8503202;4;47.295992;8.564394
8503202;5;47.295821;8.564457
8503202;6;47.295779;8.564385
8503203;1;47.279747;8.578480
8503203;2;47.279759;8.578588
8503204;3;47.261668;8.596671
8503204;4;47.261741;8.596707
8503205;3;47.247016;8.643123
8503205;4;47.247083;8.643132
8503206;1;47.229115;8.675417
8503206;2;47.229115;8.675525
8503206;3;47.229139;8.675597
8503206;9;47.228700;8.675615
8503207;1;47.209274;8.706436
8503207;2;47.209322;8.706517
8503208;1;47.200949;8.727528
8503208;2;47.200900;8.727555
8503209;2;47.203067;8.778993
8503209;3;47.203122;8.779002
8503209;5;47.203232;8.779065
8503209;6;47.203287;8.779065
8503209;6A-C;47.203287;8.779065
8503209;6D-H;47.203287;8.779065
8503209;7;47.203317;8.780044
8503210;1;47.207345;8.755906
8503210;2;47.207278;8.755906
8503211;1;47.194009;8.822956
8503211;2;47.194082;8.822965
8503217;Q;46.254300;6.154223
8503217;R;46.254306;6.154340
8503218;S;46.251722;6.151304
8503218;T;46.251846;6.151483
8503220;2;47.189901;8.852655
8503220;3;47.189840;8.852673
8503221;3;47.182825;8.901083
8503221;4;47.182880;8.901074
8503222;1;47.176524;8.938560
8503222;2;47.176585;8.938551
8503223;3;47.172665;8.983063
8503223;4;47.172719;8.983090
8503224;3;47.152160;9.030287
8503224;4;47.152209;9.030350
8503225;5;47.136586;9.059770
8503225;5A-C;47.136586;9.059770
8503225;5D-G;47.136586;9.059770
8503225;6;47.136635;9.059833
8503225;7;47.136580;9.060103
8503225;8;47.136629;9.060156
8503225;8A-C;47.136629;9.060156
8503225;8AB;47.136629;9.060156
8503225;9;47.136812;9.059995
8503225;10;47.136861;9.060049
8503226;3;47.122695;9.062510
8503227;1;47.098356;9.069840
8503228;1;47.064999;9.059519
8503229;A;46.249871;6.148941
8503229;B;46.249678;6.149202
8503230;1;47.039874;9.071709
8503230;2;47.039893;9.071826
8503231;1;47.032852;9.077117
8503232;2;47.010052;9.081240
8503233;2;46.998033;9.077808
8503233;3;46.998045;9.077736
8503234;1;46.986066;9.059420
8503235;1;46.976708;9.047320
8503236;1;46.965343;9.039549
8503237;1;46.946936;9.024924
8503238;1;46.934798;9.013570
8503240;1;46.928259;9.002619
8503243;M;46.254498;6.141395
8503243;N;46.254436;6.141305
8503247;A;46.243037;6.147567
8503247;B;46.243615;6.147216
8503280;1;47.052135;8.585172
8503280;2;47.052037;8.585280
8503282;1;47.105761;8.674510
8503282;2;47.105773;8.674465
8503283;1;47.128446;8.744578
8503283;1C;47.128446;8.744578
8503283;2;47.128477;8.744452
8503283;2C;47.128477;8.744452
8503283;3;47.128507;8.744327
8503283;3C;47.128507;8.744327
8503283;4;47.128526;8.744291
8503283;4C;47.128526;8.744291
8503284;2;47.156479;8.722668
8503284;3;47.156479;8.722516
8503284;4;47.156534;8.722471
8503284;5;47.156504;8.722318
8503285;2;47.176408;8.709203
8503285;3;47.176377;8.709167
8503286;1;47.191372;8.686403
8503286;2;47.191274;8.686394
8503286;3;47.191360;8.686071
8503286;3CD;47.191360;8.686071
8503287;1;47.208633;8.692638
8503287;2;47.208694;8.692557
8503288;2;47.195535;8.725013
8503288;3;47.195584;8.725031
8503289;1;47.204044;8.759212
8503289;2;47.203995;8.759167
8503290;1;47.093622;8.669407
8503292;1;47.131514;8.695881
8503293;1;47.198312;8.687365
8503294;1;47.196817;8.712419
8503295;1;47.197617;8.734418
8503299;1;47.214180;8.800705
8503300;1;47.332096;8.804676
8503301;1;47.366684;8.785443
8503301;2;47.366855;8.785344
8503302;1;47.385098;8.750211
8503302;2;47.385043;8.750139
8503303;1;47.408832;8.722641
8503303;2;47.408807;8.722543
8503304;2;47.452750;8.705717
8503304;3;47.452737;8.705816
8503305;1;47.425633;8.686628
8503305;2;47.425493;8.686664
8503305;3;47.425469;8.686754
8503305;4;47.425815;8.686682
8503305;5;47.425997;8.687212
8503305;6;47.425979;8.687293
8503306;1;47.420077;8.619290
8503306;2;47.419962;8.619335
8503306;3;47.420017;8.619497
8503307;2;47.438461;8.626270
8503307;3;47.438394;8.626252
8503308;3;47.447829;8.582522
8503308;4;47.447781;8.582576
8503309;1;47.442489;8.571266
8503309;2;47.442422;8.571329
8503310;2;47.431230;8.558178
8503310;3;47.431066;8.558304
8503311;3;47.453703;8.533501
8503311;4;47.453746;8.533582
8503312;1;47.470259;8.510477
8503312;2;47.470223;8.510387
8503312;3;47.470192;8.510298
8503313;5;47.487077;8.503417
8503313;6;47.487053;8.503506
8503314;1;47.478128;8.489520
8503315;2;47.481704;8.460163
8503315;3;47.481735;8.460235
8503316;1;47.490076;8.447559
8503317;1;47.497996;8.411447
8503318;1;47.505698;8.381749
8503319;1;47.511007;8.369864
8503320;G;46.244938;6.142824
8503320;H;46.245367;6.143354
8503322;C;46.987188;9.057102
8503322;D;46.987292;9.057192
8503330;A;46.220580;6.034855
8503330;E;46.220511;6.034909
8503331;K;46.228497;6.123429
8503331;L;46.228448;6.123510
8503331;M;46.227105;6.122297
8503331;N;46.227515;6.122944
8503332;F;46.189793;6.148726
8503332;G;46.190042;6.148860
8503333;A;46.187299;6.147180
8503333;I;46.187268;6.147693
8503340;1;47.429929;8.561744
8503340;2;47.429905;8.561861
8503400;1;47.523996;8.535774
8503400;2;47.524033;8.535846
8503400;3;47.523984;8.536052
8503400;4;47.524385;8.536007
8503400;5;47.524166;8.536430
8503400;6;47.524203;8.536493
8503401;1;47.548898;8.523898
8503401;2;47.548892;8.523988
8503402;1;47.572758;8.514825
8503402;2;47.572546;8.515337
8503402;3;47.572612;8.514852
8503403;3;47.582623;8.514071
8503403;4;47.582593;8.514151
8503404;3;47.603191;8.542736
8503404;4;47.603142;8.542799
8503408;6;47.570164;8.327913
8503408;7;47.570218;8.327922
8503409;1;47.588070;8.296005
8503409;2;47.588119;8.296085
8503410;1;47.600701;8.277454
8503411;1;47.609357;8.240048
8503413;1;47.566564;8.418858
8503414;1;47.568436;8.352643
8503415;1;47.565369;8.373790
8503419;T;46.201284;5.981378
8503419;U;46.201340;5.981271
8503420;1;47.625524;8.566191
8503421;1;47.654886;8.575372
8503421;2;47.654868;8.575003
8503421;3;47.654934;8.574976
8503423;2;47.683826;8.624842
8503423;3;47.683838;8.624923
8503424;1;47.696972;8.631624
8503424;1A-C;47.696972;8.631624
8503424;1D;47.696972;8.631624
8503424;2;47.698483;8.632729
8503424;3;47.698520;8.632657
8503424;3AB;47.698520;8.632657
8503424;3CD;47.698520;8.632657
8503424;4;47.697244;8.631498
8503424;4AB;47.697244;8.631498
8503424;4CD;47.697244;8.631498
8503424;5;47.697250;8.631453
8503424;6;47.698870;8.632639
8503425;1;47.692147;8.646159
8503425;2;47.692171;8.646240
8503426;1;47.683469;8.661897
8503427;2;47.679580;8.687167
8503427;3;47.679623;8.687176
8503428;1;47.685235;8.752645
8503429;1;47.666787;8.770414
8503461;1;47.745584;8.704460
8503461;2;47.745488;8.704451
8503461;3;47.745427;8.704451
8503462;1;47.717150;8.664413
8503462;2;47.717071;8.664467
8503495;A;47.697673;8.632478
8503495;B;47.697969;8.632774
8503495;C;47.697915;8.632891
8503495;D;47.698242;8.633241
8503495;E;47.698798;8.633555
8503495;F;47.698852;8.633448
8503495;G;47.699221;8.633798
8503495;H;47.698882;8.633385
8503495;R;47.697232;8.632181
8503501;1;47.575018;8.256577
8503501;2;47.575030;8.256676
8503502;1;47.520666;8.240695
8503503;1;47.491763;8.253820
8503503;2;47.491702;8.253775
8503503;3;47.491642;8.253730
8503503;4;47.491575;8.253703
8503504;1;47.475864;8.307431
8503504;2;47.475985;8.307359
8503504;2AB;47.475985;8.307359
8503504;3;47.475997;8.307260
8503504;4;47.476009;8.307153
8503504;4CD;47.476009;8.307153
8503504;5;47.476022;8.307054
8503504;5AB;47.476022;8.307054
8503505;1;47.460081;8.315112
8503505;3;47.460111;8.314806
8503505;4;47.460075;8.314761
8503505;5;47.459783;8.315085
8503506;3;47.433527;8.354072
8503506;4;47.433588;8.354117
8503506;5;47.433448;8.354727
8503506;6;47.433509;8.354772
8503508;1;47.405214;8.405338
8503508;3;47.404539;8.405886
8503508;4;47.404564;8.405967
8503508;5;47.404552;8.406084
8503508;6;47.404576;8.406165
8503508;11;47.404801;8.405464
8503508;12;47.404783;8.405392
8503509;1;47.399183;8.446859
8503509;3;47.399262;8.446436
8503509;4;47.399316;8.446427
8503511;1;47.450842;8.331057
8503511;2;47.450897;8.331120
8503512;1;47.398629;8.421436
8503512;2;47.398623;8.421876
8503512;3;47.398678;8.421894
8503521;1;47.147762;6.984186
8503525;1;47.455835;8.401584
8503526;3;47.437118;8.471338
8503526;4;47.437166;8.471392
8503527;1;47.453284;8.436510
8503528;1;47.455112;8.388513
8503528;2;47.455046;8.388558
8503529;2;47.445818;8.357422
8503529;3;47.445891;8.357404
8503530;1;47.152484;6.997041
8503531;1;47.151104;6.992307
8503532;1;47.153401;7.000814
8503561;A;47.409269;8.761565
8503561;B;47.409330;8.760389
8503579;A;47.359115;8.450982
8503579;B;47.359054;8.450811
8503579;C;47.359413;8.450874
8503579;D;47.359529;8.450739
8503601;1;47.146289;6.985928
8503602;1;47.148819;6.991327
8503603;1;47.149839;6.994552
8503640;A;47.175675;8.900795
8503640;B;47.175474;8.900445
8503651;1;47.365601;8.540894
8503651;2;47.365723;8.541110
8503651;3;47.365236;8.541307
8503651;6;47.365948;8.542367
8503667;2;47.225632;8.813075
8503668;1;47.218030;8.776639
8503670;1;47.230140;8.675345
8503670;2;47.229560;8.675992
8503677;1;47.322548;8.551773
8503702;A;47.522874;8.537759
8503702;B;47.522850;8.537822
8503702;C;47.522807;8.537903
8503702;D;47.522765;8.537930
8503702;E;47.522838;8.538154
8503715;A;47.191836;8.882973
8503715;B;47.191751;8.883152
8503715;C;47.192300;8.882640
8503715;D;47.192245;8.882586
8503718;A;46.786015;7.077224
8503718;B;46.786028;7.077332
8503718;C;46.786046;7.077440
8503718;D;46.786052;7.077557
8503718;E;46.786071;7.077664
8503776;A;47.500084;8.253119
8503776;B;47.500266;8.253182
8503776;C;47.500163;8.253254
8503776;D;47.499945;8.252535
8503798;A;47.229329;8.674986
8503798;B;47.229304;8.674914
8503798;C;47.229286;8.674851
8503798;D;47.229268;8.674779
8503798;E;47.229255;8.674725
8503798;F;47.229225;8.674653
8503855;A;47.261637;8.595772
8503855;B;47.261589;8.596078
8503855;C;47.261558;8.596365
8503855;D;47.261479;8.596257
8503855;E;47.261522;8.595943
8503855;F;47.261570;8.595620
8503885;A;47.482651;8.494424
8503885;B;47.482560;8.494110
8503885;C;47.481777;8.493041
8503885;D;47.481783;8.492816
8504000;1;46.514716;6.658034
8504000;2;46.514778;6.658079
8504003;1;46.509795;6.699132
8504003;2;46.509746;6.699078
8504007;1;46.508225;6.785694
8504007;2;46.508608;6.785766
8504010;1;46.512911;6.678462
8504010;2;46.512868;6.678390
8504011;2;46.496860;6.722462
8504011;3;46.496767;6.722363
8504012;1;46.493545;6.765527
8504012;2;46.493496;6.765608
8504012;3;46.493403;6.765608
8504013;1;46.481076;6.778552
8504014;1;46.543047;6.838012
8504014;2;46.542639;6.837581
8504014;3;46.542163;6.837239
8504014;3AB;46.542663;6.837500
8504014;3CD;46.542163;6.837239
8504014;11;46.541595;6.837635
8504014;12;46.541607;6.837697
8504016;1;46.557157;6.829038
8504017;1;46.570912;6.814799
8504018;1;46.609970;6.811287
8504018;2;46.609810;6.811449
8504020;1;46.572066;6.836979
8504020;2;46.572319;6.837194
8504021;1;46.621317;6.850004
8504021;2;46.621638;6.850454
8504023;1;46.693715;6.912078
8504023;2;46.693579;6.911683
8504023;3;46.693825;6.911943
8504023;4;46.694023;6.912123
8504023;6;46.693924;6.911844
8504024;1;46.720313;6.960219
8504024;2;46.720276;6.960309
8504025;3;46.749140;7.000400
8504025;4;46.749195;7.000382
8504026;1;46.751349;7.034932
8504026;2;46.751294;7.035165
8504027;1;46.765664;7.064639
8504027;2;46.765713;7.064819
8504028;4;46.782441;7.062115
8504030;1;46.789730;7.116642
8504030;2;46.789669;7.116633
8504040;1;46.470726;6.824196
8504060;1;46.525132;6.854774
8504061;1;46.523778;6.877349
8504062;1;46.528352;6.896106
8504062;2;46.528364;6.896232
8504063;1;46.573962;6.926855
8504063;2;46.573962;6.926954
8504064;1;46.587601;6.924996
8504064;2;46.587601;6.924996
8504065;1;46.619102;6.990501
8504065;2;46.619102;6.990501
8504066;1;46.618103;7.020496
8504067;1;46.608143;7.064693
8504070;1;46.484150;7.040600
8504070;2;46.483983;7.040537
8504070;3;46.483971;7.040564
8504072;1;46.517776;7.055054
8504073;1;46.528043;7.061342
8504074;1;46.543485;7.072805
8504074;3;46.543800;7.072939
8504075;1;46.564902;7.085300
8504077;1;46.582928;7.073164
8504077;2;46.582971;7.073236
8504078;1;46.594096;7.059905
8504079;1;46.605428;7.061135
8504086;1;46.618936;7.054632
8504086;2;46.619059;7.053877
8504086;3;46.619004;7.053814
8504086;4;46.619072;7.053518
8504086;5;46.619016;7.053464
8504086;7;46.618862;7.053500
8504088;1;46.604002;7.099673
8504089;1;46.605780;7.109330
8504089;2;46.605693;7.109698
8504100;1;46.803032;7.150877
8504100;2;46.802559;7.150392
8504100;3;46.802577;7.150248
8504100;4;46.801108;7.149116
8504100;4A-D;46.801108;7.149116
8504100;4AB;46.801108;7.149116
8504100;4E-H;46.801895;7.149619
8504100;5;46.801126;7.149000
8504100;5A-D;46.801126;7.149000
8504100;5E-H;46.801883;7.149503
8504100;51;46.803149;7.151048
8504100;143;46.803149;7.151048
8504101;1;46.851594;7.190403
8504101;2;46.850931;7.189424
8504102;1;46.863241;7.253114
8504102;2;46.863063;7.253321
8504102;3;46.863007;7.253276
8504103;1;46.888381;7.320102
8504103;2;46.888283;7.320012
8504103;3;46.888080;7.321180
8504104;1;46.905188;7.357247
8504104;2;46.905163;7.357121
8504104;3;46.905182;7.357040
8504105;1;46.925891;7.377019
8504105;2;46.925959;7.376974
8504106;1;46.937362;7.395138
8504106;2;46.937344;7.395255
8504108;1;46.943686;7.407310
8504108;2;46.943661;7.407265
8504108;3;46.944207;7.406187
8504108;4;46.944256;7.406124
8504113;1;46.872030;7.281088
8504113;2;46.872085;7.281357
8504115;1;46.893943;7.351920
8504115;2;46.893949;7.351821
8504117;1;46.914595;7.362350
8504117;2;46.914645;7.362269
8504120;1;46.667824;6.802295
8504121;1;46.708180;6.842620
8504121;2;46.708137;6.842710
8504122;1;46.758156;6.893842
8504123;1;46.835287;6.960237
8504124;2;46.854524;6.985398
8504125;1;46.868468;7.011189
8504126;1;46.884660;7.040914
8504126;2;46.884685;7.040869
8504127;1;46.908324;7.074556
8504128;1;46.925499;7.115762
8504128;2;46.925198;7.115259
8504128;3;46.925155;7.115295
8504128;4;46.924989;7.115115
8504129;1;46.950671;7.152853
8504130;2;46.800917;6.746833
8504131;1;46.817247;6.786790
8504131;2;46.817302;6.786727
8504132;1;46.844455;6.842989
8504132;2;46.844393;6.842926
8504133;1;46.816098;6.889701
8504134;1;46.819767;6.940141
8504134;2;46.819829;6.940348
8504134;3;46.819774;6.940438
8504134;4;46.819817;6.940626
8504134;5;46.819774;6.940698
8504135;1;46.828748;6.957632
8504136;1;46.818520;6.977835
8504137;1;46.828840;7.011108
8504138;1;46.831778;7.065187
8504138;2;46.831710;7.065196
8504139;1;46.816878;7.106698
8504140;1;46.938037;7.133207
8504141;1;46.735283;6.870378
8504176;A;46.525737;6.634040
8504176;B;46.526201;6.634481
8504176;C;46.525570;6.634543
8504176;D;46.525539;6.634894
8504176;E;46.524674;6.634660
8504177;A;46.563099;6.632783
8504177;B;46.563099;6.632783
8504177;D;46.562734;6.634301
8504177;E;46.563525;6.633987
8504181;1;46.816780;7.129964
8504181;2;46.816718;7.129964
8504182;1;46.823253;7.111010
8504182;2;46.823197;7.111091
8504183;1;46.842028;7.136100
8504183;2;46.841936;7.135732
8504184;1;46.867786;7.122418
8504184;2;46.867761;7.122311
8504185;1;46.900689;7.150545
8504186;1;46.911233;7.115340
8504186;2;46.911300;7.115403
8504188;1;46.964184;7.119562
8504188;2;46.963823;7.120020
8504191;1;46.890493;7.309987
8504192;1;46.894201;7.299647
8504192;2;46.894244;7.299665
8504194;1;46.901284;7.242038
8504200;1;46.781685;6.640499
8504200;2;46.781697;6.640751
8504200;3;46.781789;6.640814
8504200;3AB;46.781789;6.640814
8504200;3D;46.781396;6.642152
8504200;13;46.781765;6.639655
8504200;14;46.781783;6.639430
8504201;1;46.805756;6.640481
8504201;2;46.805947;6.641245
8504201;3;46.805898;6.641281
8504203;1;46.850845;6.723171
8504203;2;46.850900;6.723108
8504205;2;46.899222;6.781005
8504205;3;46.899259;6.780951
8504206;1;46.930265;6.811988
8504206;2;46.929707;6.811521
8504208;2;46.959549;6.834949
8504208;3;46.959605;6.834895
8504209;1;46.967709;6.848899
8504209;2;46.967832;6.848926
8504209;3;46.967869;6.848873
8504215;1;46.941993;6.675201
8504215;2;46.942030;6.675165
8504218;1;46.969413;6.838389
8504219;1;46.979705;6.877798
8504219;2;46.979742;6.877313
8504219;3;46.979791;6.877304
8504220;1;46.984130;6.903822
8504220;2;46.983989;6.903688
8504221;1;46.996654;6.935344
8504221;1AB;46.996654;6.935344
8504221;1CD;46.996654;6.935344
8504221;2;46.996924;6.935901
8504221;3;46.996979;6.935865
8504221;4;46.997077;6.935910
8504221;5;46.997132;6.935865
8504221;5A-D;46.997132;6.935865
8504221;5E-G;46.997132;6.935865
8504221;6;46.997187;6.935811
8504221;6AB;46.997187;6.935811
8504221;7;46.997243;6.935776
8504222;1;47.014609;6.982048
8504222;2;47.014658;6.981913
8504223;1;47.038766;7.023586
8504223;2;47.039458;7.024089
8504223;3;47.039440;7.024161
8504224;1;47.051945;7.039720
8504224;2;47.051902;7.039782
8504225;1;47.056621;7.065807
8504225;2;47.056817;7.066750
8504225;3;47.056878;7.066732
8504226;1;47.062808;7.095343
8504226;2;47.062759;7.095424
8504228;2;47.092931;7.155342
8504228;3;47.092907;7.155369
8504229;1;47.114314;7.196206
8504229;2;47.113776;7.195496
8504231;1;46.985325;6.898774
8504237;1;47.047263;6.874690
8504237;2;47.047336;6.874627
8504252;A;47.059234;6.901801
8504252;B;47.059461;6.902286
8504252;C;47.059289;6.902125
8504261;A;46.990258;6.929110
8504261;B;46.990227;6.929281
8504261;C;46.989939;6.929622
8504261;D;46.989608;6.929281
8504261;E;46.989645;6.928194
8504261;F;46.989884;6.928122
8504261;G;46.990037;6.928903
8504261;H;46.990135;6.928903
8504267;A;46.658921;7.073541
8504267;B;46.659273;7.073649
8504267;C;46.658582;7.073038
8504268;3;47.008698;6.960973
8504269;1;47.026588;6.957479
8504270;A;46.826683;6.527383
8504270;B;46.826640;6.527222
8504271;A;46.827475;6.532306
8504271;B;46.827537;6.532216
8504273;A;46.837604;6.565176
8504273;B;46.837683;6.565095
8504275;A;46.847355;6.578812
8504275;B;46.847386;6.578713
8504277;A;46.856662;6.605007
8504277;B;46.856920;6.604657
8504285;1;46.923167;6.635505
8504285;2;46.923167;6.635505
8504286;3;46.912024;6.610316
8504288;1;46.888424;6.553686
8504288;2;46.888332;6.553758
8504290;A;46.824119;6.520844
8504290;B;46.824150;6.520269
8504293;1;46.795296;6.580168
8504293;2;46.795382;6.580150
8504294;1;46.803819;6.553785
8504294;2;46.803746;6.553866
8504295;1;46.788771;6.524257
8504295;2;46.788740;6.524311
8504298;1;46.819442;6.500775
8504299;A;46.828914;6.538621
8504299;B;46.829086;6.539008
8504300;1;47.132718;7.243143
8504300;1BC;47.132718;7.243143
8504300;1CD;47.132718;7.243143
8504300;2;47.132590;7.243287
8504300;2AB;47.132590;7.243287
8504300;2CD;47.132590;7.243287
8504300;3;47.132529;7.243242
8504300;4;47.132467;7.243188
8504300;4AB;47.132467;7.243188
8504300;4CD;47.132467;7.243188
8504300;5;47.132431;7.243071
8504300;6;47.132467;7.242712
8504300;6AB;47.132467;7.242712
8504300;6CD;47.132467;7.242712
8504300;7;47.132406;7.242667
8504300;7AB;47.132406;7.242667
8504300;7CD;47.132406;7.242667
8504300;9;47.132223;7.242856
8504300;9AB;47.132223;7.242856
8504300;9CD;47.132223;7.242856
8504300;10;47.132168;7.242730
8504300;10AB;47.132168;7.242730
8504300;10CD;47.132168;7.242730
8504300;11;47.132315;7.242550
8504301;1;47.169501;7.257372
8504303;1;47.189559;7.224611
8504304;1;47.195077;7.168421
8504304;2;47.195010;7.168439
8504304;2AB;47.195010;7.168439
8504304;2CD;47.195010;7.168439
8504304;3;47.194937;7.168457
8504305;1;47.193191;7.144122
8504306;1;47.189394;7.108036
8504307;2;47.175449;7.068250
8504307;3;47.175376;7.068259
8504308;1;47.172805;7.053922
8504309;1;47.160254;7.019669
8504310;1;47.151556;7.000706
8504310;3;47.151446;7.000751
8504311;1;47.141316;6.970091
8504314;1;47.098802;6.825894
8504314;2;47.098753;6.825956
8504314;3;47.098680;6.825983
8504314;4;47.098588;6.825992
8504314;4AB;47.098588;6.825992
8504314;4CD;47.098588;6.825992
8504314;5;47.098515;6.826028
8504314;6;47.098435;6.826055
8504315;1;47.077242;6.784562
8504316;1;47.057619;6.745458
8504316;2;47.058439;6.746896
8504316;3;47.057772;6.745503
8504317;1;47.049803;6.726073
8504321;1;47.090998;6.812149
8504325;2;46.965766;6.865419
8504350;1;47.142746;7.245335
8504352;1;47.149607;7.239164
8504353;1;47.136324;7.235642
8504354;1;47.137344;7.227890
8504355;1;47.139110;7.214460
8504381;1;47.099762;6.833691
8504382;1;47.087078;6.844075
8504383;1;47.069551;6.834922
8504384;1;47.050905;6.818536
8504386;1;47.022853;6.780160
8504387;1;47.010095;6.755187
8504388;1;46.999087;6.735281
8504391;1;47.058598;6.725911
8504398;1;46.989584;6.927888
8504398;2;46.989584;6.927888
8504400;1;46.975794;7.193062
8504400;3;46.975978;7.192981
8504400;3A;46.975978;7.192981
8504400;4;46.976395;7.191247
8504400;6;46.976303;7.191122
8504400;6A;46.976303;7.191122
8504400;6B;46.976303;7.191122
8504401;1;46.999313;7.206150
8504402;1;47.025670;7.235310
8504403;1;47.040309;7.261927
8504404;1;47.044153;7.278438
8504407;B;46.316553;6.937680
8504407;D;46.317223;6.938605
8504408;Q;46.321498;6.962042
8504408;R;46.321361;6.961952
8504408;S;46.321901;6.962617
8504409;I;46.319370;6.964998
8504409;J;46.319568;6.964710
8504410;1;47.001286;7.462736
8504410;2;47.001917;7.463158
8504410;3;47.001862;7.463212
8504410;21;47.001311;7.462494
8504410;22;47.000857;7.462323
8504411;1;47.021438;7.451983
8504411;2;47.021499;7.452037
8504412;2;47.041772;7.386002
8504412;3;47.041699;7.386002
8504413;3;47.058047;7.339281
8504413;4;47.058108;7.339362
8504414;1;47.076459;7.306286
8504414;2;47.076367;7.306456
8504414;3;47.076385;7.306528
8504414;4;47.076110;7.306771
8504414;5;47.076128;7.306852
8504415;1;47.098545;7.318431
8504415;2;47.098050;7.318045
8504415;3;47.097230;7.317470
8504416;2;47.123764;7.277495
8504416;3;47.123709;7.277459
8504418;S;46.312334;6.967396
8504418;T;46.312514;6.967522
8504419;1;47.144884;7.272635
8504419;2;47.144835;7.272698
8504420;U;46.310100;6.963920
8504422;S;46.310510;6.937851
8504424;E;46.303386;6.941902
8504425;K;46.299737;6.948810
8504429;B;46.295541;6.978958
8504429;P;46.295510;6.978904
8504430;B;46.292692;6.978670
8504430;V;46.292729;6.978598
8504432;A;46.291152;6.987878
8504432;B;46.291047;6.987357
8504432;C;46.290898;6.987231
8504433;C;46.287794;6.993555
8504433;D;46.287720;6.993726
8504434;Y;46.291525;6.995954
8504434;Z;46.291575;6.995963
8504435;B;46.294597;6.989585
8504435;T;46.294566;6.989540
8504436;Y;46.297695;6.988165
8504436;Z;46.297651;6.988147
8504438;Q;46.288843;7.003985
8504439;W;46.280593;7.009249
8504441;1;47.111551;7.300734
8504441;2;47.111575;7.300815
8504442;G;46.278258;7.011090
8504443;A;46.276607;7.012653
8504444;M;46.277886;7.008314
8504445;U;46.273757;7.009231
8504446;P;46.272813;7.012429
8504447;J;46.283324;6.996565
8504459;A;46.288117;6.933350
8504459;F;46.288036;6.933179
8504461;1;47.123862;7.242047
8504461;2;47.123844;7.242299
8504462;1;47.096313;7.214128
8504462;2;47.096313;7.214128
8504463;1;47.066504;7.198533
8504463;3;47.066504;7.198533
8504473;W;46.275247;6.940707
8504473;X;46.275228;6.940878
8504476;Q;46.272180;6.944561
8504476;R;46.271950;6.944911
8504478;G;46.268143;6.951981
8504478;H;46.268566;6.951936
8504480;1;47.012025;6.984806
8504481;3;47.009293;7.010443
8504481;4;47.009336;7.010443
8504482;1;47.009140;7.058054
8504482;2;47.009029;7.058306
8504483;2;46.999638;7.100023
8504483;3;46.999577;7.099997
8504483;4;46.999522;7.099952
8504483;11;46.999914;7.100347
8504484;1;46.993211;7.142738
8504484;2;46.993113;7.142702
8504486;1;46.942048;7.234618
8504486;2;46.942110;7.234690
8504487;2;46.934338;7.296737
8504487;3;46.934443;7.296683
8504488;1;46.941355;7.335184
8504488;2;46.941410;7.334951
8504489;4;46.946029;7.389820
8504489;5;46.946071;7.389811
8504494;O;46.260113;6.956769
8504494;P;46.260356;6.956563
8504494;Q;46.259238;6.957874
8504494;R;46.259523;6.957685
8504496;Y;46.269497;6.945774
8504496;Z;46.269342;6.945998
8504497;O;46.265380;6.946169
8504497;P;46.265510;6.946214
8504498;W;46.263244;6.948011
8504498;X;46.263157;6.948145
8504500;I;46.247398;6.961566
8504500;J;46.247287;6.961593
8504501;G;46.246982;6.964962
8504501;H;46.246740;6.965330
8504502;U;46.281077;6.946358
8504502;V;46.281723;6.945702
8504503;M;46.256318;6.944319
8504507;E;46.238234;6.960255
8504507;F;46.238216;6.960389
8504508;V;46.240931;6.947813
8504509;1;46.980912;6.905287
8504510;2;46.974195;6.878894
8504511;1;46.949555;6.839018
8504511;2;46.949555;6.839018
8504512;B;46.242186;6.947687
8504512;O;46.242167;6.947840
8504513;K;46.244280;6.945163
8504513;L;46.244224;6.945316
8504578;1;47.126484;7.003365
8504578;2;47.126551;7.003275
8504660;B;46.333061;6.963489
8504660;L;46.333135;6.963408
8504661;A;46.343095;6.961135
8504661;B;46.343009;6.960551
8504676;A;46.084040;7.403591
8504677;A;46.181154;7.404409
8504677;B;46.181192;7.404525
8504678;A;46.112514;7.396809
8504678;B;46.112669;7.397007
8504679;A;46.185639;7.386209
8504679;B;46.185303;7.386038
8504685;A;46.155311;7.391590
8504685;B;46.155461;7.391724
8504686;A;46.181969;7.372536
8504687;A;46.285119;7.013174
8504687;M;46.285404;7.012977
8504688;B;46.281636;7.018367
8504688;O;46.281450;7.018483
8504689;C;46.283939;7.026056
8504689;D;46.284318;7.026649
8504691;B;46.259983;7.069867
8504691;N;46.260014;7.069939
8504760;A;47.042513;7.097257
8504760;S;47.042874;7.097167
8504760;V;47.042152;7.097697
8504764;A;47.098563;6.824492
8504764;B;47.098606;6.824438
8504764;C;47.098631;6.824384
8504764;D;47.098698;6.824331
8504764;E;47.098716;6.824286
8504769;A;46.850415;7.189720
8504769;B;46.850451;7.189648
8504769;C;46.850488;7.189577
8504774;A;46.781107;6.639861
8504774;B;46.781168;6.639861
8504774;C;46.781488;6.639736
8504774;D;46.781531;6.639826
8504774;E;46.780824;6.640805
8504774;R;46.780953;6.641056
8504775;A;46.570800;6.827008
8504812;M;46.225751;6.057017
8504812;N;46.225695;6.056747
8504812;R;46.225471;6.056522
8504813;A;46.224588;6.057906
8504813;B;46.224215;6.057484
8504813;K;46.223737;6.057322
8504813;L;46.223569;6.057636
8504873;A;46.696894;7.138049
8504873;B;46.697153;7.138561
8504873;C;46.696382;7.137726
8504873;D;46.696715;7.137546
8504881;K;46.803149;7.150069
8504881;L;46.803198;7.150114
8504881;M;46.803266;7.150167
8504881;N;46.803315;7.150221
8504881;O;46.803383;7.150284
8504881;P;46.803432;7.150320
8504881;Q;46.803592;7.150500
8504881;R;46.803641;7.150554
8504881;S;46.803697;7.150626
8504881;T;46.803746;7.150697
8504881;U;46.803795;7.150760
8504881;V;46.803850;7.150823
8504881;Y;46.803906;7.150994
8504950;1;47.119730;7.001101
8504950;2;47.119767;7.001227
8504951;1;47.127089;7.045792
8504952;1;47.131618;6.997157
8504952;2;47.131673;6.997391
8504953;1;47.127419;7.007398
8504953;2;47.127413;7.007039
8504961;A;46.486946;6.860066
8504961;B;46.487280;6.859742
8504961;C;46.487274;6.860694
8504964;A;46.470367;6.845171
8504964;B;46.470355;6.845369
8504967;A;46.470658;6.839800
8504967;B;46.470776;6.839764
8504967;C;46.471017;6.839755
8504967;D;46.470949;6.839377
8505000;2;47.047459;8.309991
8505000;3;47.048059;8.310018
8505000;3B;47.048059;8.310018
8505000;3B-D;47.048059;8.310018
8505000;3CD;47.048059;8.310018
8505000;4;47.048334;8.310081
8505000;4B;47.048334;8.310081
8505000;4B-D;47.048334;8.310081
8505000;4CD;47.048334;8.310081
8505000;5;47.048291;8.310198
8505000;5B;47.048291;8.310198
8505000;5B-D;47.048291;8.310198
8505000;6;47.048242;8.310315
8505000;6B;47.048242;8.310315
8505000;6B-D;47.048242;8.310315
8505000;6CD;47.048242;8.310315
8505000;7;47.048242;8.310440
8505000;7B;47.048242;8.310440
8505000;7CD;47.048242;8.310440
8505000;8;47.048512;8.310512
8505000;8B;47.048512;8.310512
8505000;8CD;47.048512;8.310512
8505000;9;47.048512;8.310638
8505000;9B;47.048512;8.310638
8505000;10;47.048695;8.310719
8505000;10B;47.048695;8.310719
8505000;10B-D;47.048695;8.310719
8505000;11;47.048695;8.310845
8505000;11B;47.048695;8.310845
8505000;11B-D;47.048695;8.310845
8505000;12;47.048861;8.310944
8505000;12B;47.048861;8.310944
8505000;12BC;47.048861;8.310944
8505000;13;47.049081;8.310997
8505000;13B;47.049081;8.310997
8505000;13BC;47.049081;8.310997
8505000;14;47.048940;8.311132
8505000;14B;47.048940;8.311132
8505000;14BC;47.048940;8.311132
8505000;15;47.048652;8.311312
8505001;2;47.050085;8.383168
8505002;1;47.083334;8.433007
8505002;2;47.083377;8.432935
8505003;2;47.091616;8.462840
8505003;3;47.091573;8.463046
8505004;2;47.049295;8.550354
8505004;3;47.049234;8.550282
8505004;4;47.049148;8.550309
8505004;5;47.048934;8.550300
8505004;6;47.048873;8.550165
8505004;8;47.048812;8.550156
8505005;1;47.047624;8.607388
8505005;2;47.047581;8.607307
8505006;2;47.025449;8.632334
8505006;3;47.025431;8.632235
8505007;2;46.999528;8.610541
8505007;4;47.000287;8.611457
8505007;5;46.999834;8.611125
8505011;1;47.067673;8.409210
8505018;1;47.045176;8.374427
8505057;A;47.531688;9.349926
8505057;B;47.531742;9.349890
8505063;11/12;47.048677;8.547802
8505064;2;47.040162;8.530330
8505068;1;47.053586;8.474221
8505068;3AB;47.053102;8.473206
8505069;1;47.055220;8.484175
8505069;2;47.055103;8.484211
8505074;1;47.043951;8.466586
8505074;2;47.043988;8.466657
8505084;A;47.012968;8.645171
8505084;B;47.012992;8.645305
8505084;C;47.013795;8.645512
8505085;PARKPL;46.981206;8.619632
8505093;Ersatz;46.975120;8.758287
8505094;A/B;47.026729;8.632163
8505094;C;47.026851;8.632109
8505094;D;47.026925;8.632073
8505095;Hauptl;47.021089;8.653633
8505098;A;46.999552;8.610002
8505098;B;46.999687;8.610244
8505111;1;46.949046;8.620665
8505111;2;46.948745;8.620611
8505112;1;46.901665;8.624375
8505112;2;46.900394;8.624465
8505112;3;46.900388;8.624554
8505113;1;46.876058;8.631364
8505113;3;46.875739;8.631579
8505113;4;46.876027;8.631148
8505114;1;46.820382;8.650327
8505114;2;46.818815;8.651576
8505114;4;46.818784;8.651504
8505119;1;46.665586;8.588828
8505119;11;46.665789;8.588550
8505119;13;46.665857;8.588146
8505121;A;46.760483;8.650022
8505121;B;46.760532;8.648863
8505122;A;46.727457;8.622866
8505122;B;46.727857;8.623189
8505151;A;47.501037;9.243772
8505151;B;47.501152;9.243772
8505152;A;47.500685;9.235615
8505152;B;47.500800;9.235615
8505153;B;47.524573;9.201632
8505153;Bfpl;47.524306;9.201515
8505163;1;46.598626;8.503461
8505163;3;46.598447;8.503551
8505165;4;46.636956;8.592970
8505165;5;46.636919;8.592997
8505165;6;46.636962;8.593428
8505170;1;46.642291;8.609103
8505173;1;46.656739;8.709041
8505174;1;46.669852;8.742854
8505174;2;46.669846;8.742961
8505176;1;46.681076;8.769677
8505193;J;46.309920;6.945226
8505195;G;46.314766;6.939306
8505195;H;46.315169;6.940492
8505201;2;46.527375;8.609445
8505201;3;46.527319;8.609445
8505202;2;46.510691;8.690742
8505202;3;46.510741;8.690760
8505204;2;46.483000;8.790545
8505204;3;46.482944;8.790500
8505205;1;46.440699;8.840015
8505207;2;46.380142;8.906562
8505209;2;46.349569;8.975122
8505209;3;46.349575;8.975194
8505212;1;46.222972;9.041579
8505212;2;46.222972;9.041507
8505212;3;46.222966;9.041400
8505213;1;46.195365;9.029560
8505213;2;46.195862;9.030287
8505213;3;46.195819;9.030359
8505213;4;46.195595;9.030234
8505213;6;46.195514;9.030225
8505214;1;46.173130;9.002368
8505214;2;46.174306;9.004111
8505214;3;46.174349;9.004048
8505214;4;46.174381;9.003940
8505214;5;46.174424;9.003886
8505216;3;46.123635;8.925526
8505216;4;46.123666;8.925616
8505217;1;46.094407;8.928913
8505217;2;46.094451;8.928841
8505218;2;46.057684;8.930530
8505218;3;46.056593;8.930098
8505219;1;46.039722;8.932120
8505219;2;46.039722;8.932120
8505226;1;46.625513;8.016718
8505277;A;46.486575;8.952610
8505277;B;46.487329;8.951523
8505300;1;46.005633;8.946645
8505300;2;46.005658;8.946529
8505300;3;46.005640;8.946403
8505300;4;46.004741;8.946573
8505300;4A-C;46.004741;8.946573
8505300;4DE;46.004741;8.946573
8505301;1;45.989408;8.946888
8505301;2;45.989346;8.946906
8505302;3;45.955794;8.948541
8505302;4;45.955844;8.948613
8505303;3;45.932320;8.974376
8505303;4;45.932363;8.974430
8505304;1;45.902597;8.978859
8505304;2;45.902841;8.979119
8505304;3;45.902816;8.979209
8505304;11;45.902791;8.978976
8505305;1;45.869036;8.978428
8505305;2;45.869205;8.978509
8505305;3;45.869237;8.978446
8505305;4;45.869212;8.978284
8505305;4AB;45.869212;8.978284
8505305;4CD;45.869212;8.978284
8505305;5;45.869249;8.978221
8505306;1;45.847647;9.003670
8505306;2;45.847597;9.003599
8505307;1;45.831876;9.031967
8505307;1F-H;45.831876;9.031967
8505307;4;45.831657;9.032057
8505307;4E-H;45.831657;9.032057
8505307;4F-H;45.831657;9.032057
8505307;5;45.832865;9.028994
8505307;6;45.832045;9.030791
8505307;11;45.831087;9.033917
8505350;1;47.081554;8.633843
8505380;A;46.004716;8.947274
8505380;B;46.005721;8.947085
8505386;A;46.037670;8.964064
8505386;B;46.037159;8.963471
8505386;C;46.036997;8.963677
8505386;D;46.036991;8.964109
8505390;1;46.008616;8.904712
8505390;2;46.008616;8.904712
8505391;11;46.004173;8.947750
8505393;1;45.993246;8.923828
8505393;2;45.993246;8.923828
8505394;1;46.012172;8.909033
8505394;2;46.012172;8.909033
8505396;1;45.981662;8.884051
8505396;2;45.981624;8.884060
8505398;1;45.969969;8.860353
8505400;1;46.172334;8.802816
8505400;2;46.172427;8.802331
8505400;3;46.172477;8.802439
8505401;1;46.177391;8.851559
8505401;2;46.177373;8.850741
8505402;1;46.178573;8.868106
8505402;2;46.178648;8.868124
8505404;1;46.152673;8.941624
8505404;2;46.152692;8.942899
8505404;3;46.152748;8.942908
8505405;1;46.151248;8.887339
8505406;2;46.145199;8.850220
8505407;1;46.135015;8.806930
8505408;1;46.117128;8.776702
8505410;1;46.122203;8.785362
8505412;1;46.175139;8.886674
8505412;2;46.175202;8.886701
8505415;1;46.159020;8.969552
8505415;2;46.159082;8.969507
8505417;1;46.173964;8.819273
8505417;2;46.173858;8.819354
8505429;A;46.784797;6.642035
8505429;B;46.784871;6.642044
8505429;C;46.785868;6.640068
8505429;D;46.785714;6.640490
8505447;A;47.080043;8.268633
8505447;B;47.080001;8.268507
8505470;11;46.172626;8.802762
8505470;21;46.172589;8.802771
8505492;1;46.184587;8.729549
8505492;2;46.184500;8.729711
8505533;A;47.043633;9.431188
8505533;B;47.043774;9.430936
8505649;A;46.181664;8.858233
8505649;C;46.181764;8.858431
8505657;A;46.881603;8.642098
8505657;B;46.881400;8.641703
8505658;A;46.876844;8.681858
8505659;A;46.877071;8.677061
8505659;B;46.877077;8.677780
8505660;A;46.879134;8.697632
8505661;A;46.876322;8.711960
8505661;B;46.876322;8.711960
8505664;A;46.792473;8.669102
8505664;B;46.792301;8.669066
8505667;A;46.769639;8.671222
8505667;B;46.769756;8.670907
8505667;C;46.769657;8.670916
8505668;A;46.861423;8.629100
8505699;A;46.908753;8.979092
8505699;B;46.908753;8.979092
8505739;A;46.906704;8.944112
8505739;B;46.906704;8.944112
8505740;A;46.908575;8.960327
8505740;B;46.908575;8.960327
8505741;A;46.915344;8.977655
8505741;B;46.915344;8.977655
8505752;A;46.872269;8.837123
8505752;B;46.872269;8.837123
8505772;A;46.872527;8.728741
8505772;B;46.872527;8.728741
8505774;A;46.863622;8.769021
8505774;B;46.863622;8.769021
8505775;A;46.871428;8.758206
8505775;B;46.871428;8.758206
8505776;A;46.889811;8.900571
8505776;B;46.889811;8.900571
8505778;A;46.768931;8.689907
8505778;B;46.768857;8.690015
8505779;A;46.649025;8.499185
8505780;A;46.910570;8.561511
8505780;B;46.910521;8.561609
8505861;1;46.045409;8.735586
8505861;2;46.045409;8.735586
8505862;1;46.098706;8.736952
8505880;A;46.868597;8.875184
8505880;B;46.868597;8.875184
8505888;A;46.022309;8.886620
8505888;B;46.022334;8.886629
8505888;C;46.022390;8.885919
8505888;D;46.022415;8.885793
8505890;A;46.875432;8.663442
8505890;B;46.875438;8.663523
8505892;A;46.881842;8.643617
8505892;B;46.881695;8.643733
8505892;C;46.881775;8.643787
8505893;A;46.864635;8.654657
8505893;B;46.864678;8.654468
8505896;A;46.766445;8.710820
8505915;A;46.768094;8.698216
8505915;B;46.768076;8.698234
8505916;A;46.767325;8.705313
8505916;B;46.767282;8.705304
8505919;A;46.277600;7.026164
8505927;A;47.059595;8.278038
8505928;A;47.061425;8.279961
8505928;B;47.061444;8.280077
8505996;A;46.897024;8.921816
8505996;B;46.897024;8.921816
8505997;A;46.900836;8.928203
8505997;B;46.900836;8.928203
8506000;1;47.501674;8.724959
8506000;2;47.501699;8.724860
8506000;3;47.500467;8.723791
8506000;4;47.500461;8.723674
8506000;5;47.500503;8.723558
8506000;5A-D;47.500503;8.723558
8506000;5E-H;47.500503;8.723558
8506000;6;47.500570;8.723495
8506000;7;47.500570;8.723378
8506000;7A-D;47.500570;8.723378
8506000;8;47.500588;8.723279
8506000;8A-C;47.500588;8.723279
8506000;8D-F;47.500588;8.723279
8506000;9;47.500618;8.723198
8506001;4;47.498943;8.750840
8506001;5;47.499210;8.750166
8506001;6;47.499083;8.750938
8506001;7;47.499144;8.750965
8506002;1;47.486877;8.767225
8506002;2;47.486901;8.767324
8506003;1;47.464684;8.760389
8506003;2;47.464684;8.760496
8506004;1;47.458520;8.773639
8506005;1;47.444725;8.796842
8506005;2;47.444670;8.796788
8506006;1;47.441511;8.819345
8506007;1;47.437264;8.843752
8506008;1;47.418053;8.848513
8506008;2;47.418084;8.848612
8506009;1;47.394750;8.853840
8506009;2;47.394427;8.853894
8506010;1;47.461569;8.999089
8506010;2;47.461794;9.000149
8506011;1;47.461429;8.958611
8506011;2;47.461356;8.958602
8506012;1;47.474206;8.916929
8506012;2;47.474164;8.916893
8506013;1;47.488394;8.902278
8506013;2;47.488334;8.902224
8506014;2;47.498628;8.863587
8506014;3;47.498694;8.863605
8506015;1;47.498755;8.795073
8506015;2;47.498895;8.794821
8506016;3;47.507081;8.759948
8506016;4;47.507051;8.760029
8506017;2;47.525076;8.775552
8506017;3;47.525052;8.775624
8506018;2;47.535254;8.789225
8506018;3;47.535187;8.789260
8506019;2;47.547867;8.846025
8506019;3;47.547940;8.846016
8506020;1;47.535539;8.739314
8506020;2;47.535612;8.739368
8506021;1;47.552700;8.752672
8506022;2;47.569400;8.757487
8506022;3;47.569376;8.757415
8506023;2;47.614674;8.723971
8506023;3;47.614716;8.724115
8506024;1;47.635531;8.788497
8506024;2;47.635519;8.788389
8506025;2;47.661263;8.818626
8506025;3;47.661306;8.818608
8506035;1;47.500175;8.810218
8506035;2;47.500242;8.810245
8506036;1;47.529013;8.753121
8506038;1;47.517038;8.760865
8506039;1;47.676084;8.613110
8506041;1;47.520702;8.587876
8506042;1;47.515904;8.647452
8506042;2;47.515813;8.647497
8506043;1;47.506705;8.680277
8506044;4;47.489608;8.709571
8506045;1;47.544696;8.695099
8506045;2;47.544672;8.694991
8506046;1;47.565351;8.684607
8506046;2;47.565369;8.684706
8506047;1;47.593674;8.676720
8506047;2;47.593620;8.677025
8506048;1;47.630931;8.656175
8506048;2;47.630912;8.656085
8506049;1;47.667071;8.613730
8506049;2;47.667029;8.613622
8506083;A;46.228951;7.374962
8506083;B;46.228920;7.374737
8506085;A;46.227602;7.367021
8506085;B;46.227671;7.366922
8506087;A;46.226857;7.362457
8506087;B;46.226906;7.362296
8506100;1;47.558465;8.896843
8506100;2;47.558508;8.896744
8506100;3;47.558550;8.896681
8506100;11;47.557416;8.895917
8506100;12;47.557307;8.895944
8506101;2;47.577164;8.943726
8506101;3;47.577097;8.943762
8506102;1;47.582436;8.974556
8506102;2;47.582502;8.974565
8506103;2;47.588113;9.015402
8506103;3;47.588028;9.015510
8506104;1;47.582702;9.062285
8506104;2;47.582635;9.062232
8506105;1;47.566491;9.105566
8506105;3;47.566564;9.105036
8506105;3CD;47.566564;9.105036
8506105;4;47.566515;9.105000
8506105;4AB;47.566703;9.104497
8506105;4CD;47.566515;9.105000
8506105;5;47.566848;9.103922
8506105;5AB;47.566848;9.103922
8506105;5CD;47.566709;9.104273
8506106;2;47.548856;9.150150
8506106;3;47.549395;9.149072
8506107;1;47.551299;9.225554
8506107;2;47.551360;9.225509
8506108;1;47.553306;9.270973
8506108;2;47.553239;9.270964
8506109;1;47.550650;9.300600
8506109;2;47.550723;9.300608
8506118;1;47.663012;9.109177
8506119;1;47.643109;9.196107
8506121;1;47.563721;9.379346
8506121;2;47.563545;9.379454
8506121;2A;47.563545;9.379454
8506121;2B;47.563545;9.379454
8506121;3;47.564369;9.379516
8506121;4;47.564042;9.379633
8506121;5;47.564654;9.379687
8506122;1;47.586035;9.339874
8506123;1;47.595552;9.317497
8506124;1;47.608599;9.292685
8506125;1;47.621667;9.265430
8506125;2;47.621026;9.267092
8506126;1;47.633443;9.227351
8506127;1;47.640634;9.213355
8506128;1;47.649186;9.182121
8506128;3;47.648708;9.182983
8506131;1;47.652786;9.168448
8506131;1A;47.652786;9.168448
8506131;1B;47.652786;9.168448
8506131;2;47.652841;9.168556
8506131;3;47.652901;9.168583
8506131;3A;47.652901;9.168583
8506131;3B;47.652901;9.168583
8506132;1;47.659739;9.132650
8506133;1;47.670253;9.085381
8506134;1;47.673744;9.052494
8506135;1;47.673121;9.022095
8506135;2;47.673054;9.022041
8506136;1;47.664446;8.981239
8506137;1;47.644072;8.913947
8506138;1;47.645482;8.876720
8506139;1;47.656477;8.854218
8506139;2;47.656084;8.854784
8506139;3;47.655842;8.855044
8506143;1;47.632075;9.236172
8506148;1;47.687521;8.731822
8506168;1;47.509266;9.024736
8506174;1;47.520472;8.932856
8506174;2;47.520442;8.932793
8506177;1;47.492334;8.974960
8506177;2;47.492406;8.974987
8506181;1;47.475718;9.034420
8506182;1;47.498106;9.020801
8506183;1;47.521582;9.034033
8506183;2;47.521612;9.034195
8506184;1;47.532701;9.068448
8506185;1;47.552300;9.062007
8506188;1;47.481267;9.030952
8506190;2;47.556131;9.084869
8506193;1;47.572218;9.169625
8506193;2;47.572146;9.169661
8506194;1;47.582496;9.173937
8506194;2;47.582690;9.173784
8506195;1;47.611179;9.168385
8506196;1;47.626523;9.189415
8506197;1;47.642480;9.161998
8506198;1;47.653712;9.139603
8506198;2;47.653724;9.139514
8506200;1;47.299379;9.086477
8506200;2;47.299330;9.086351
8506200;2AB;47.299330;9.086351
8506200;2CD;47.299330;9.086351
8506200;3;47.299312;9.086297
8506200;3AB;47.299312;9.086297
8506200;3CD;47.299312;9.086297
8506200;4;47.299251;9.086199
8506200;5;47.299239;9.086154
8506201;1;47.319650;9.083001
8506201;2;47.319491;9.083279
8506202;1;47.343796;9.078608
8506203;1;47.359017;9.075347
8506203;2;47.359030;9.075455
8506204;1;47.384897;9.071116
8506205;1;47.409543;9.068574
8506206;1;47.462352;9.040941
8506206;2;47.462273;9.041067
8506206;3;47.462134;9.041624
8506206;4;47.462128;9.040879
8506206;5;47.462115;9.040322
8506206;6;47.462049;9.040277
8506206;11;47.462905;9.040465
8506206;12;47.462862;9.040429
8506208;3;47.437258;9.131501
8506208;4;47.437258;9.131581
8506209;1;47.416278;9.188328
8506209;2;47.416315;9.188382
8506210;1;47.411768;9.253061
8506210;3;47.411683;9.254130
8506210;4;47.411616;9.254130
8506210;11;47.411221;9.253501
8506211;2;47.441827;9.251857
8506212;1;47.477163;9.250563
8506212;2;47.477042;9.250644
8506213;1;47.491866;9.241194
8506214;1;47.505704;9.248434
8506215;3;47.500928;9.234519
8506216;1;47.524706;9.201722
8506216;2;47.524755;9.201803
8506217;1;47.538662;9.183998
8506217;2;47.538959;9.182444
8506217;3;47.538899;9.182408
8506229;A;46.983682;8.305706
8506231;A;46.983609;8.309273
8506233;A;46.987831;8.310387
8506235;A;46.984975;8.311815
8506237;A;46.992016;8.304098
8506240;A;46.990662;8.306865
8506242;A;46.995466;8.306668
8506244;A;46.993303;8.307449
8506246;A;46.997432;8.311536
8506247;A;46.987616;8.313019
8506263;2;47.458174;9.395884
8506264;A;47.502378;9.441869
8506264;B;47.502038;9.441608
8506280;2;47.375688;9.279112
8506281;1;47.357593;9.286208
8506281;2;47.357271;9.285984
8506283;1;47.317792;9.285436
8506283;2;47.317762;9.285544
8506286;2;47.328516;9.409799
8506286;3;47.328424;9.409718
8506286;3/4;47.328424;9.409718
8506286;3A;47.328424;9.409718
8506286;4;47.328376;9.409736
8506289;1;47.285731;9.428816
8506290;1;47.390152;9.276686
8506290;1AB;47.390152;9.276686
8506290;1CD;47.390152;9.276686
8506290;2;47.390237;9.276597
8506290;3;47.390280;9.276561
8506290;11;47.389812;9.277297
8506290;12;47.389733;9.277414
8506290;30;47.390164;9.276812
8506291;1;47.385129;9.243116
8506292;2;47.372519;9.200285
8506292;3;47.372458;9.200330
8506293;2;47.363818;9.142101
8506294;1;47.337624;9.130432
8506294;2;47.337630;9.130378
8506297;1;47.263631;9.120945
8506298;1;47.248906;9.168242
8506299;1;47.226632;9.197706
8506300;1;47.403852;9.301327
8506300;2;47.404041;9.300806
8506301;1;47.407148;9.329642
8506301;2;47.406886;9.329337
8506302;1;47.423001;9.369141
8506302;1A-D;47.423001;9.369141
8506302;2;47.423019;9.369024
8506302;2E-H;47.423019;9.369024
8506302;3;47.423104;9.369015
8506302;4;47.423232;9.369024
8506302;5;47.423268;9.368952
8506302;5AB;47.423268;9.368952
8506302;5C-E;47.423268;9.368952
8506302;6;47.422837;9.368270
8506302;6A-D;47.422837;9.368270
8506302;7;47.422788;9.368081
8506302;11;47.422114;9.368710
8506302;12;47.422077;9.368764
8506303;1;47.434444;9.392892
8506303;3;47.434548;9.392821
8506303;4;47.434614;9.392776
8506304;1;47.474625;9.414326
8506304;2;47.474546;9.414254
8506305;1;47.473957;9.467542
8506305;2;47.474024;9.467524
8506306;1;47.478578;9.493953
8506306;2;47.478511;9.493926
8506307;1;47.492995;9.463734
8506307;2;47.492947;9.463635
8506308;1;47.510467;9.433245
8506309;1;47.544193;9.382759
8506311;1;47.477928;9.505083
8506311;2;47.477892;9.505496
8506311;3;47.477825;9.505505
8506311;4;47.477813;9.506251
8506311;5;47.477746;9.506260
8506312;1;47.480684;9.535671
8506312;2;47.480745;9.535635
8506313;1;47.467132;9.590881
8506313;2;47.467132;9.590998
8506313;11;47.467108;9.590827
8506314;1;47.453223;9.638555
8506314;2;47.453126;9.639426
8506314;3;47.453187;9.639453
8506314;3AB;47.453187;9.639453
8506314;3BC;47.453187;9.639453
8506314;54;47.453217;9.638258
8506316;1;47.435611;9.641402
8506317;1;47.410674;9.627838
8506317;2;47.410546;9.627838
8506318;1;47.392372;9.586354
8506319;1;47.374265;9.556637
8506319;1A;47.374265;9.556637
8506319;1C;47.374265;9.556637
8506319;2;47.374332;9.556808
8506319;3;47.374307;9.556880
8506322;1;47.475524;9.489884
8506322;2;47.475572;9.489533
8506361;2;47.425171;9.403870
8506362;1;47.422557;9.415359
8506362;2;47.422557;9.415287
8506364;1;47.416054;9.436425
8506366;1;47.410953;9.442713
8506366;2;47.410911;9.442623
8506373;1;47.392171;9.367416
8506373;2;47.392220;9.367488
8506375;1;47.390140;9.390197
8506375;2;47.390158;9.390215
8506375;3;47.390195;9.390260
8506378;1;47.360873;9.451139
8506378;2;47.360679;9.450816
8506378;3;47.360733;9.451148
8506381;1;47.348318;9.432463
8506381;2;47.348349;9.432418
8506392;3;47.407926;9.338095
8506392;4;47.407956;9.338059
8506393;2;47.462583;9.388850
8506393;3;47.462595;9.388913
8506394;1;47.485656;9.391823
8506394;2;47.485632;9.391761
8506395;2;47.503944;9.358810
8506395;3;47.503962;9.358828
8506396;1;47.517675;9.337143
8506397;1;47.531488;9.349863
8506398;1;47.538802;9.375744
8506445;A;47.449518;9.651419
8506450;A;47.373900;9.556296
8506452;A;47.386412;9.553233
8506452;B;47.386217;9.552361
8506453;A;47.392536;9.569816
8506453;B;47.392025;9.568801
8506454;A;47.398088;9.583515
8506454;B;47.398015;9.583165
8506455;A;47.403682;9.600484
8506455;B;47.404357;9.600996
8506456;A;47.406722;9.605694
8506456;B;47.406838;9.606233
8506458;A;47.425335;9.608542
8506461;A;47.382142;9.661947
8506461;B;47.383158;9.660087
8506462;A;47.402837;9.635429
8506462;B;47.402758;9.635581
8506463;A;47.385427;9.655461
8506463;B;47.385664;9.655299
8506463;C;47.385664;9.656997
8506512;Y;46.218771;6.030408
8506516;J;46.215216;6.032924
8506518;X;46.199661;6.017778
8506518;Y;46.199692;6.018191
8506543;A;46.337384;7.520669
8506651;A;47.444160;9.340368
8506651;B;47.444202;9.340449
8506664;A;47.484011;9.092963
8506664;B;47.484114;9.092927
8506665;A;47.481874;9.078365
8506665;B;47.481650;9.077332
8506670;A;47.489851;9.099449
8506670;B;47.489881;9.099287
8506672;A;47.467429;9.050760
8506672;B;47.467326;9.050661
8506680;A;47.491108;9.119535
8506743;A;47.552269;8.877798
8506744;A;47.552245;8.867926
8506744;B;47.552233;8.868151
8506752;A;47.425511;9.612998
8506752;B;47.425450;9.613213
8506796;A;47.444646;9.535096
8506796;B;47.444785;9.535356
8506852;B;47.429838;8.961989
8506852;C;47.429455;8.962006
8506875;A;47.631536;8.656229
8506875;B;47.631748;8.656157
8506875;C;47.631905;8.656103
8506899;B;47.499386;8.723908
8506899;C;47.498986;8.723881
8506899;D;47.499374;8.723692
8506899;E;47.499053;8.723639
8506899;F;47.500078;8.724258
8506899;G;47.499939;8.723944
8506899;H;47.500424;8.724573
8506899;J;47.500309;8.724285
8507000;1;46.948463;7.438140
8507000;1A-D;46.948414;7.437988
8507000;1E-H;46.948463;7.438140
8507000;2;46.948457;7.437835
8507000;2A-D;46.948359;7.437539
8507000;2E-H;46.948457;7.437835
8507000;3;46.948396;7.437287
8507000;4;46.948445;7.437251
8507000;4F-H;46.948445;7.437251
8507000;5;46.948506;7.437206
8507000;5A-C;46.948506;7.437206
8507000;5E-H;46.948506;7.437206
8507000;6;46.948561;7.437143
8507000;7;46.948567;7.436829
8507000;7A-D;46.948567;7.436829
8507000;8;46.948641;7.436775
8507000;9;46.948929;7.437574
8507000;10;46.949083;7.437763
8507000;12;46.949211;7.437781
8507000;12A-C;46.949211;7.437781
8507000;12D-F;46.949291;7.437709
8507000;13;46.949291;7.437718
8507000;13A-C;46.949610;7.438320
8507000;13AB;46.949291;7.437718
8507000;13D-F;46.949610;7.438320
8507000;21;46.949653;7.439892
8507000;22;46.949561;7.439847
8507000;23;46.949512;7.439829
8507000;24;46.949438;7.439820
8507000;49;46.948224;7.433334
8507000;50;46.948310;7.433559
8507002;1;46.956858;7.481583
8507002;2;46.956723;7.481718
8507003;1;46.934271;7.505478
8507003;2;46.934124;7.505577
8507003;3;46.934075;7.505523
8507005;1;46.899633;7.545211
8507005;2;46.899652;7.545309
8507006;1;46.874468;7.559054
8507006;2;46.873368;7.559278
8507006;3;46.873356;7.559170
8507007;2;46.840983;7.568944
8507007;3;46.841936;7.568558
8507008;1;46.819423;7.575313
8507008;2;46.819411;7.575214
8507009;2;46.794251;7.582742
8507009;3;46.794263;7.582832
8507050;A;46.937203;7.476346
8507050;B;46.937264;7.476804
8507050;C;46.936816;7.476633
8507050;D;46.937221;7.475645
8507052;A;46.934866;7.497914
8507052;B;46.935081;7.498336
8507060;A;46.943790;7.449513
8507060;B;46.943557;7.449998
8507060;C;46.943882;7.448857
8507060;D;46.943692;7.448543
8507061;A;46.941208;7.463437
8507061;B;46.941263;7.463949
8507061;C;46.941404;7.465341
8507061;D;46.940840;7.463185
8507062;A;46.931645;7.485553
8507062;B;46.931547;7.485760
8507062;C;46.931357;7.486164
8507063;1;46.929958;7.562431
8507063;3;46.930069;7.562395
8507063;4;46.930106;7.562431
8507064;1;46.946636;7.556359
8507065;1;46.953019;7.546208
8507065;2;46.952964;7.547717
8507066;1;46.956833;7.524181
8507067;1;46.958041;7.513482
8507068;1;46.969947;7.496980
8507068;2;46.969898;7.496881
8507069;1;46.973410;7.484026
8507069;2;46.973330;7.483999
8507070;2;46.775029;7.572852
8507070;3;46.775053;7.572861
8507072;1;46.789607;7.520633
8507072;2;46.789743;7.520507
8507074;1;46.838095;7.501732
8507074;2;46.838138;7.501858
8507075;1;46.858554;7.496055
8507075;2;46.858603;7.496216
8507076;1;46.888897;7.498606
8507076;2;46.888878;7.498516
8507076;3;46.888854;7.498444
8507077;1;46.908839;7.472196
8507077;2;46.908827;7.471899
8507078;1;46.928787;7.444986
8507078;2;46.928689;7.444941
8507079;1;46.935945;7.429786
8507079;2;46.935878;7.429678
8507083;1;46.924652;7.415072
8507083;2;46.924689;7.414928
8507084;1;46.910349;7.401157
8507085;1;46.900928;7.400806
8507085;2;46.900879;7.400699
8507086;2;46.886484;7.388104
8507086;3;46.886502;7.388077
8507087;1;46.876353;7.367784
8507087;2;46.876347;7.367569
8507088;1;46.841923;7.347096
8507089;1;46.819018;7.342506
8507089;2;46.818968;7.342182
8507092;1;46.895134;7.493189
8507092;2;46.895109;7.493063
8507093;1;46.915761;7.466204
8507093;2;46.915878;7.465979
8507094;1;46.773103;7.594798
8507094;2;46.773017;7.594492
8507096;1;46.974575;7.476103
8507096;2;46.973949;7.477046
8507100;1;46.754138;7.630452
8507100;2;46.754193;7.630227
8507100;3;46.754119;7.630173
8507100;4;46.754218;7.629886
8507100;5;46.754181;7.629823
8507100;16;46.755904;7.628026
8507100;18;46.755861;7.628197
8507110;A;46.948199;7.447492
8507110;B;46.948586;7.447627
8507110;C;46.948028;7.448687
8507110;D;46.947930;7.448687
8507110;E;46.947813;7.447483
8507110;F;46.946912;7.447914
8507110;G;46.946777;7.447725
8507110;H;46.947341;7.446854
8507110;K;46.946961;7.447977
8507176;A;46.712800;7.701482
8507176;B;46.712898;7.701374
8507176;C;46.712886;7.701904
8507180;A;46.754968;7.630542
8507180;B;46.754870;7.630613
8507180;C;46.754433;7.630820
8507180;D;46.754907;7.630245
8507180;E;46.754907;7.630173
8507180;F;46.754944;7.630101
8507180;G;46.754999;7.630012
8507180;H;46.755042;7.629949
8507180;I;46.755098;7.629895
8507180;K;46.755147;7.629805
8507180;L;46.755184;7.629742
8507180;M;46.755264;7.629598
8507180;X;46.753738;7.628628
8507180;Z;46.755430;7.629967
8507197;A;46.614678;6.238925
8507197;B;46.614561;6.238845
8507212;A;46.623434;6.251565
8507212;B;46.623427;6.251673
8507214;A;46.630405;6.259299
8507214;B;46.630362;6.259326
8507218;A;46.660062;6.300451
8507218;B;46.660013;6.300451
8507220;A;46.665574;6.316567
8507220;B;46.665956;6.315336
8507221;B;46.463394;7.123425
8507221;Z;46.463431;7.123505
8507264;A;47.164395;8.515059
8507264;B;47.164249;8.515292
8507264;C;47.164151;8.514996
8507265;A;46.783579;6.644272
8507265;B;46.783752;6.644173
8507270;1;46.490416;7.280261
8507270;2;46.490447;7.280378
8507272;1;46.517424;7.312215
8507272;2;46.517498;7.312215
8507290;3;46.552777;7.374737
8507290;4;46.552783;7.374773
8507290;5;46.552777;7.374881
8507290;6;46.553438;7.374908
8507290;7;46.553426;7.375052
8507290;8;46.552783;7.375088
8507290;12;46.553432;7.375339
8507292;1;46.627240;7.389928
8507292;2;46.627370;7.390072
8507295;1;46.658811;7.495624
8507295;2;46.658829;7.495642
8507296;1;46.659162;7.555604
8507296;2;46.659051;7.555649
8507297;1;46.659902;7.579400
8507297;2;46.659871;7.579427
8507298;1;46.675689;7.635554
8507298;2;46.675769;7.635464
8507318;A;46.392907;6.250837
8507327;A;47.475536;9.463671
8507327;B;47.475281;9.463437
8507345;F;46.197361;6.199903
8507345;G;46.195819;6.200055
8507347;G;46.202789;6.169629
8507347;H;46.202900;6.170141
8507355;O;46.203765;6.175549
8507355;P;46.203914;6.175064
8507361;1;46.574827;7.974480
8507361;2;46.574932;7.974300
8507361;3;46.574901;7.974920
8507364;1;46.547439;7.982609
8507364;3;46.547563;7.982394
8507372;1;46.605125;7.920581
8507372;2;46.604903;7.920958
8507372;3;46.604971;7.920590
8507373;1;46.575636;7.938897
8507374;3;46.584971;7.960178
8507374;11;46.584916;7.960250
8507374;21;46.584805;7.960331
8507375;1;46.600102;8.001869
8507376;1;46.622477;8.023572
8507378;1;46.596417;7.890882
8507379;1;46.564087;7.897269
8507380;2;46.624556;8.032565
8507380;3;46.624408;8.032816
8507381;2;46.629998;8.003567
8507382;1;46.635932;7.975198
8507382;2;46.635901;7.975171
8507383;2;46.637165;7.949255
8507384;2;46.598102;7.908049
8507384;3;46.598102;7.908094
8507384;4;46.598225;7.908283
8507387;1;46.652336;7.911400
8507388;2;46.666215;7.869745
8507388;2AB;46.666215;7.869745
8507388;2CD;46.666215;7.869745
8507388;3;46.665728;7.869601
8507389;1;46.632576;7.899892
8507389;1AB;46.632576;7.899892
8507389;1CD;46.632576;7.899892
8507389;2;46.632601;7.899937
8507403;A;46.797769;7.683875
8507403;B;46.797849;7.683964
8507403;C;46.797972;7.683821
8507414;F;46.245926;6.152067
8507414;Q;46.246435;6.151627
8507414;R;46.245591;6.151187
8507416;Y;46.216732;6.036176
8507416;Z;46.216875;6.036005
8507417;A;46.721311;6.537067
8507417;B;46.721262;6.536555
8507418;W;46.214408;6.233464
8507418;X;46.214495;6.233473
8507420;C;46.220126;6.239941
8507420;D;46.220033;6.239689
8507422;S;46.229952;6.265578
8507422;T;46.229908;6.265444
8507424;U;46.232965;6.267995
8507424;V;46.233034;6.267932
8507426;I;46.229958;6.259641
8507426;J;46.229871;6.259739
8507428;K;46.227671;6.255553
8507428;L;46.227416;6.256425
8507430;H;46.244820;6.193498
8507446;A;46.290339;7.521037
8507446;B;46.290346;7.521324
8507470;2;46.301164;7.909693
8507470;3;46.301251;7.909729
8507471;1;46.306954;7.880767
8507471;2;46.306029;7.881881
8507472;2;46.312086;7.844394
8507472;3;46.312036;7.844377
8507473;2;46.322596;7.764516
8507473;3;46.322621;7.764516
8507474;1;46.367573;7.754994
8507474;2;46.367579;7.755129
8507475;1;46.495400;7.671388
8507475;2;46.495425;7.671235
8507478;1;46.588595;7.651400
8507478;2;46.588583;7.651535
8507478;3;46.588577;7.651589
8507480;1;46.625143;7.689857
8507480;2;46.625186;7.689714
8507481;1;46.638504;7.691043
8507481;2;46.638479;7.690899
8507483;1;46.686597;7.679778
8507483;1AB;46.686597;7.679778
8507483;1CD;46.686597;7.679778
8507483;2;46.686542;7.679679
8507483;2AB;46.686542;7.679679
8507483;2CD;46.686542;7.679679
8507483;3;46.686511;7.679626
8507483;3AB;46.686511;7.679626
8507483;3CD;46.686511;7.679626
8507483;4;46.686456;7.679536
8507483;5;46.686419;7.679473
8507492;1;46.690572;7.869377
8507492;1B;46.690572;7.869377
8507492;2;46.690726;7.869790
8507492;2A;46.690726;7.869790
8507492;2B;46.690726;7.869790
8507492;3;46.690763;7.869907
8507492;4;46.690880;7.869862
8507492;5;46.690899;7.869736
8507492;7;46.691053;7.869799
8507492;8;46.691083;7.869700
8507493;1;46.682629;7.851464
8507493;2;46.682641;7.851258
8507537;A;47.546424;8.893115
8507537;B;47.547764;8.892899
8507550;1;46.594485;7.932340
8507552;1;46.608909;8.011328
8507555;1;46.609174;7.913637
8507590;A;47.460026;8.315714
8507590;B;47.460087;8.315812
8507590;C;47.459431;8.316854
8507590;D;47.459601;8.316774
8507599;A;47.111936;9.249027
8507599;B;47.111972;9.249207
8507625;A;47.109013;9.242326
8507625;B;47.108946;9.242191
8507627;A;47.107748;9.240269
8507629;A;47.102489;9.254848
8507647;X;46.310218;6.173519
8507659;A;46.769590;6.652537
8507659;B;46.769036;6.653390
8507659;C;46.768759;6.653498
8507703;A;47.121081;7.241634
8507713;A;46.834248;7.559835
8507713;B;46.834211;7.559727
8507713;C;46.834635;7.559350
8507713;D;46.834537;7.559584
8507785;R;46.949040;7.438751
8507785;S;46.949003;7.438643
8507785;T;46.948960;7.438581
8507785;U;46.948923;7.438518
8507785;V;46.948892;7.438446
8507785;Y;46.948733;7.438832
8507851;A;46.493582;7.559826
8507851;B;46.493638;7.559799
8507851;C;46.493693;7.559772
8507851;D;46.493520;7.559700
8507853;A;46.490508;7.566321
8507853;B;46.490490;7.566635
8507853;C;46.489377;7.565261
8507853;D;46.489878;7.565890
8507860;A;46.658903;7.696199
8507860;B;46.658632;7.696029
8507891;A;46.741230;7.520121
8507891;B;46.741211;7.520076
8507915;A;46.637523;8.592934
8507925;B;46.457738;7.114684
8507925;Q;46.457676;7.114891
8507929;E;46.426082;7.140762
8507929;F;46.425958;7.141076
8507931;A;46.437282;7.124565
8507931;L;46.437381;7.124682
8508001;3;47.018829;7.498759
8508001;4;47.018786;7.498813
8508003;1;47.049197;7.544249
8508003;2;47.049607;7.545866
8508004;1;47.063316;7.580577
8508004;2;47.063206;7.580532
8508005;1;47.060813;7.620489
8508005;1B;47.060813;7.620489
8508005;1CD;47.060813;7.620489
8508005;2;47.060813;7.621774
8508005;3;47.060868;7.621774
8508005;4;47.060917;7.622178
8508005;4A;47.060917;7.622178
8508005;4AB;47.060917;7.622178
8508005;4BC;47.060917;7.622178
8508005;4C;47.060917;7.622178
8508005;5;47.060978;7.622017
8508005;11;47.060795;7.619726
8508006;1;47.105320;7.663662
8508006;2;47.105388;7.663627
8508008;1;47.187563;7.700745
8508008;2;47.187740;7.700700
8508036;V;46.199761;5.984990
8508036;W;46.199773;5.984864
8508038;X;46.196378;5.991700
8508038;Y;46.195993;5.992634
8508051;1;46.968647;7.444312
8508051;2;46.968666;7.444204
8508052;1;46.972644;7.450061
8508052;2;46.972681;7.450025
8508053;1;46.984283;7.457373
8508054;1;46.978841;7.457436
8508054;2;46.978822;7.457544
8508054;3;46.978847;7.457652
8508054;4;46.978816;7.457742
8508054;5;46.978804;7.457822
8508054;6;46.978767;7.457912
8508055;1;46.991624;7.456969
8508056;1;47.015883;7.484386
8508056;2;47.015926;7.484332
8508057;1;47.020446;7.497824
8508057;2;47.020483;7.497690
8508058;1;47.028848;7.500654
8508058;2;47.028866;7.500555
8508059;2;47.047587;7.507760
8508059;3;47.047569;7.507850
8508060;1;47.080074;7.511632
8508060;2;47.080123;7.511524
8508061;1;47.086656;7.522259
8508061;2;47.086644;7.522178
8508062;1;47.095824;7.518737
8508063;1;47.110254;7.524199
8508064;1;47.130090;7.534557
8508064;2;47.130133;7.534503
8508066;3;47.162985;7.526804
8508068;1;47.183533;7.555613
8508068;2;47.184235;7.555981
8508070;1;46.997120;7.461694
8508070;2;46.997108;7.461604
8508071;1;47.018615;7.493719
8508071;2;47.018676;7.493692
8508075;A;46.958550;7.454526
8508075;B;46.958801;7.454948
8508075;C;46.959415;7.454804
8508077;A;47.003516;7.444815
8508077;C;47.002977;7.444312
8508080;2;47.039642;7.629464
8508080;3;47.039654;7.629517
8508081;1;47.051407;7.619384
8508081;2;47.051364;7.619268
8508084;1;47.083230;7.580487
8508084;2;47.082900;7.581062
8508085;1;47.095500;7.559512
8508085;2;47.095646;7.559449
8508086;1;47.129534;7.553628
8508086;2;47.129534;7.553466
8508087;2;47.152295;7.555927
8508087;3;47.152332;7.555766
8508088;1;47.170368;7.565243
8508089;1;47.180542;7.566231
8508093;W;46.224738;6.030364
8508099;W;46.234817;6.128028
8508100;1;47.217359;7.784764
8508100;2;47.216980;7.783911
8508100;3;47.217109;7.783983
8508100;4;47.217731;7.784773
8508100;5;47.217774;7.784719
8508100;13;47.216730;7.783821
8508100;14;47.216505;7.783570
8508101;3;47.251461;7.813609
8508101;4;47.251827;7.815100
8508102;1;47.265624;7.832492
8508102;2;47.265484;7.832447
8508103;1;47.306019;7.877740
8508103;4;47.306177;7.877668
8508108;E;46.216353;6.104618
8508108;F;46.216490;6.104573
8508109;G;46.219057;6.103028
8508109;H;46.218547;6.102687
8508113;E;46.227093;6.209829
8508113;F;46.227037;6.209622
8508128;J;46.176116;6.066799
8508128;K;46.175979;6.066179
8508128;L;46.176073;6.066161
8508128;M;46.176041;6.066790
8508130;A;46.177814;6.072998
8508130;B;46.177889;6.072998
8508130;H;46.178548;6.073689
8508130;I;46.178268;6.072755
8508130;J;46.178324;6.072665
8508130;K;46.178442;6.073680
8508132;F;46.179606;6.078235
8508132;G;46.179593;6.077579
8508132;H;46.179668;6.077543
8508132;I;46.179543;6.078235
8508134;D;46.174947;6.060457
8508134;E;46.174984;6.060448
8508134;F;46.174841;6.060089
8508134;G;46.174922;6.059164
8508134;I;46.175127;6.061598
8508181;1;47.205343;7.780183
8508182;1;47.189492;7.788582
8508183;2;47.167046;7.795724
8508183;3;47.167046;7.795589
8508184;1;47.154561;7.790469
8508186;1;47.137271;7.813465
8508187;1;47.114491;7.842607
8508187;2;47.114589;7.842598
8508187;3;47.114619;7.842598
8508200;2;46.915025;7.565665
8508200;3;46.915007;7.565513
8508201;1;46.882260;7.580955
8508201;2;46.882309;7.581044
8508202;2;46.880424;7.620894
8508202;3;46.880381;7.620983
8508202;4;46.880332;7.621019
8508202;5;46.880510;7.621630
8508202;6;46.880461;7.621684
8508203;1;46.899394;7.662647
8508203;2;46.899351;7.662728
8508204;1;46.900179;7.699335
8508205;1;46.920026;7.726113
8508205;2;46.919983;7.726185
8508206;1;46.947666;7.747269
8508207;1;46.939227;7.784100
8508207;2;46.938687;7.784854
8508207;2A;46.938687;7.784854
8508207;2BC;46.938687;7.784854
8508207;3;46.938454;7.785133
8508208;2;46.921161;7.847027
8508208;3;46.920811;7.847691
8508210;1;46.915479;7.936517
8508210;2;46.916246;7.936625
8508211;2;46.950560;8.014886
8508211;3;46.950591;8.014814
8508212;1;46.978179;8.046830
8508213;2;46.993842;8.062299
8508213;3;46.993922;8.062290
8508215;1;47.055550;8.079151
8508215;2;47.055403;8.079591
8508215;2AB;47.055403;8.079591
8508215;2CD;47.055403;8.079591
8508215;3;47.055348;8.079573
8508215;3AB;47.055348;8.079573
8508215;3CD;47.055348;8.079573
8508216;1;47.057062;8.101780
8508217;2;47.038203;8.142842
8508218;2;47.038558;8.181353
8508218;3;47.038619;8.181335
8508219;1;47.053500;8.257296
8508219;2;47.053469;8.257188
8508248;F;46.223899;6.205939
8508248;G;46.223874;6.205760
8508251;1;46.772998;7.615153
8508251;2;46.773066;7.614938
8508253;1;46.791133;7.605892
8508253;2;46.791102;7.605802
8508254;1;46.818341;7.610761
8508255;1;46.839263;7.617803
8508255;2;46.839828;7.617884
8508261;1;46.924615;7.626706
8508261;2;46.924584;7.626697
8508262;1;46.947549;7.618836
8508262;2;46.947556;7.618792
8508264;1;46.994394;7.656754
8508265;2;47.016214;7.655281
8508265;3;47.016140;7.655227
8508265;4;47.016116;7.655209
8508265;5;47.016049;7.655146
8508265;133;47.016263;7.655326
8508266;1;47.005060;7.682302
8508266;2;47.005090;7.682320
8508267;1;46.996783;7.710519
8508267;2;46.996734;7.710519
8508272;1;47.025443;7.737145
8508272;2;47.025559;7.737243
8508288;Z;46.237160;6.135682
8508290;E;46.274657;6.160943
8508290;F;46.274757;6.160763
8508293;1;47.136794;7.926375
8508293;2;47.136843;7.926366
8508294;1;47.140063;7.970150
8508294;2;47.139984;7.970204
8508295;1;47.122725;7.996722
8508295;2;47.122774;7.996839
8508295;3;47.122805;7.996884
8508297;1;47.083365;8.041054
8508297;2;47.083463;8.041170
8508300;J;46.278885;6.974870
8508300;Y;46.278948;6.973496
8508300;Z;46.278550;6.974367
8508301;2;46.703954;7.900171
8508302;1;46.716384;7.928737
8508303;2;46.736656;7.958930
8508303;3;46.736649;7.958813
8508304;1;46.752636;7.990002
8508305;1;46.754815;8.039751
8508305;2;46.754747;8.039625
8508306;1;46.745545;8.090263
8508306;2;46.745502;8.090308
8508308;1;46.727334;8.183931
8508308;2;46.727297;8.183913
8508308;3;46.727229;8.183895
8508308;13;46.727001;8.185072
8508309;1;46.757664;8.138593
8508309;2;46.757572;8.138548
8508310;1;46.786600;8.163746
8508310;2;46.786643;8.163808
8508311;1;46.814247;8.175469
8508312;1;46.836190;8.186123
8508312;2;46.836436;8.186356
8508312;3;46.836393;8.186482
8508312;4;46.836374;8.186527
8508312;5;46.836288;8.186608
8508312;52;46.836534;8.186320
8508313;1;46.871207;8.238782
8508313;2;46.871262;8.238728
8508314;1;46.894581;8.247594
8508314;2;46.894581;8.247648
8508316;1;46.940447;8.275316
8508317;1;46.954847;8.277868
8508317;2;46.954840;8.277912
8508318;1;46.982303;8.309919
8508318;2;46.982487;8.309883
8508318;3;46.982493;8.309785
8508319;1;47.018217;8.306811
8508319;2;47.018021;8.306757
8508319;3;47.018015;8.306668
8508320;1;46.994057;8.312641
8508320;2;46.994057;8.312551
8508321;1;47.035026;8.303263
8508321;2;47.035081;8.303173
8508323;1;46.900321;8.249193
8508323;2;46.900296;8.249238
8508327;1;46.860692;8.218606
8508329;1;46.757467;8.020024
8508332;F;46.283144;7.005251
8508334;P;46.275359;7.011773
8508336;G;46.272161;6.999969
8508359;1;46.702260;8.232512
8508384;1;46.928468;8.395457
8508390;2;46.976291;8.336429
8508390;3;46.976248;8.336321
8508391;1;46.958323;8.366504
8508391;2;46.958292;8.366486
8508392;1;46.933829;8.392061
8508392;2;46.933841;8.392115
8508394;1;46.907624;8.394738
8508394;2;46.907839;8.394711
8508394;3;46.907906;8.394604
8508395;1;46.705777;8.229403
8508396;1;46.870807;8.372523
8508399;1;46.819497;8.401485
8508399;2;46.819546;8.401485
8508399;3;46.819608;8.401494
8508450;A;47.050452;8.309210
8508450;B;47.050905;8.309542
8508450;C;47.050905;8.309731
8508450;D;47.050911;8.309794
8508450;E;47.050917;8.309866
8508450;F;47.050935;8.309982
8508450;G;47.050746;8.309910
8508450;H;47.050617;8.309919
8508450;J;47.050991;8.310387
8508450;K;47.050997;8.310494
8508450;L;47.051009;8.310593
8508450;M;47.051015;8.310692
8508450;N;47.049840;8.312417
8508450;P;47.051021;8.310800
8508450;Q;47.051015;8.310917
8508450;R;47.050660;8.310629
8508450;S;47.050666;8.310719
8508450;T;47.050672;8.310827
8508450;U;47.050678;8.310926
8508450;V;47.050697;8.311033
8508450;W;47.050648;8.311060
8508450;X;47.049870;8.311833
8508450;Y;47.050427;8.310979
8508450;Z;47.051131;8.310378
8508463;1;47.031419;8.433222
8508463;2;47.031419;8.433222
8508470;1;46.993321;8.605447
8508492;1;47.051486;8.310108
8508492;2;47.051266;8.311195
8508492;3;47.051401;8.312237
8508492;4;47.051388;8.312354
8508492;7;47.051168;8.310162
8508864;A;46.901591;8.522712
8508892;A;47.094344;7.595867
8508892;B;47.094380;7.595328
8508896;A;46.958575;8.366441
8508896;B;46.958593;8.366379
8508896;C;46.958636;8.366280
8508896;D;46.958654;8.366208
8508896;E;46.958673;8.366127
8508896;F;46.958673;8.367376
8508954;A;47.049105;7.639111
8508954;B;47.048897;7.639291
8509000;1;46.853597;9.530128
8509000;2;46.853597;9.529975
8509000;4;46.854187;9.530541
8509000;5;46.853707;9.529580
8509000;7;46.853769;9.529427
8509000;8;46.853855;9.529418
8509000;9;46.853535;9.528664
8509000;10;46.853603;9.528592
8509000;10DE;46.853603;9.528592
8509000;11;46.853818;9.528834
8509000;11A;46.853818;9.528834
8509000;11AB;46.853818;9.528834
8509000;11CD;46.853818;9.528834
8509000;12;46.853873;9.528772
8509000;12AB;46.853873;9.528772
8509000;12C;46.853873;9.528772
8509000;12CD;46.853873;9.528772
8509000;13;46.853941;9.528745
8509000;13A;46.853941;9.528745
8509000;13B;46.853941;9.528745
8509000;14;46.853996;9.528682
8509002;2;46.965588;9.554221
8509002;3;46.966477;9.553933
8509002;4;46.966471;9.553826
8509002;5;46.966777;9.554481
8509002;6;46.966784;9.554598
8509002;6AB;46.966784;9.554598
8509002;8;46.967433;9.554652
8509002;8B;46.967433;9.554652
8509003;1;47.004184;9.528556
8509003;2;47.004129;9.528493
8509004;3;47.010646;9.504104
8509004;4;47.010714;9.504140
8509014;G;46.302188;6.944157
8509015;B;46.234873;6.948684
8509015;Q;46.234898;6.948559
8509018;B;46.228578;6.961881
8509018;N;46.228535;6.961925
8509019;B;46.226304;6.951792
8509019;C;46.226235;6.951640
8509023;I;46.262772;7.003814
8509023;J;46.263014;7.003913
8509029;A;46.989357;8.421742
8509029;B;46.989424;8.419873
8509030;A;46.983308;8.412525
8509031;A;46.989357;8.405419
8509031;B;46.989345;8.405347
8509032;A;46.993499;8.409632
8509032;B;46.993462;8.409579
8509033;A;46.993781;8.399814
8509050;1;46.850304;9.514839
8509050;2;46.850482;9.514713
8509053;1;46.918878;9.559260
8509054;1;46.934854;9.559503
8509055;1;46.949647;9.564668
8509057;1;46.977645;9.573831
8509057;2;46.977566;9.573867
8509059;1;46.980514;9.645849
8509060;1;46.967955;9.687953
8509060;2;46.967936;9.687818
8509060;3;46.967832;9.687827
8509060;3CD;46.967832;9.687827
8509064;1;46.914240;9.771595
8509064;2;46.914301;9.771622
8509065;1;46.907403;9.810366
8509067;1;46.883635;9.875117
8509067;2;46.883580;9.875108
8509068;1;46.869334;9.880839
8509068;1B;46.869334;9.880839
8509068;2;46.869395;9.880732
8509068;2AB;46.869395;9.880732
8509068;2C;46.869395;9.880732
8509068;2CD;46.869395;9.880732
8509068;2D;46.869395;9.880732
8509068;3;46.869266;9.880678
8509068;3AB;46.869266;9.880678
8509068;3B;46.869266;9.880678
8509068;3BC;46.869266;9.880678
8509068;3C;46.869266;9.880678
8509068;3CD;46.869266;9.880678
8509068;3D;46.869266;9.880678
8509073;1;46.791797;9.821218
8509073;1A;46.791797;9.821218
8509073;1AB;46.791797;9.821218
8509073;1BC;46.791797;9.821218
8509073;1C;46.791797;9.821218
8509073;2;46.791699;9.821182
8509073;2A;46.791699;9.821182
8509073;2B;46.791699;9.821182
8509073;3;46.791576;9.821218
8509156;1;46.798039;9.703242
8509156;2;46.797978;9.703063
8509157;1;46.783832;9.679320
8509157;2;46.784121;9.679293
8509168;2;46.807398;9.310535
8509171;1;46.775373;9.207974
8509171;1A;46.775373;9.207974
8509171;1B;46.775373;9.207974
8509171;2;46.775459;9.207983
8509171;3;46.775533;9.207983
8509171;3C;46.775533;9.207983
8509176;1;46.742535;8.990429
8509179;1;46.704940;8.854981
8509179;1AB;46.704940;8.854981
8509179;2;46.704878;8.854963
8509179;2A;46.704878;8.854963
8509179;2AB;46.704878;8.854963
8509179;3;46.704810;8.855026
8509179;3A;46.704810;8.855026
8509179;3AB;46.704810;8.855026
8509179;3BC;46.704810;8.855026
8509180;2;46.843017;9.481359
8509180;3;46.842906;9.481305
8509181;1;46.833099;9.452990
8509181;2;46.833173;9.453241
8509182;1;46.828582;9.429660
8509182;2;46.828563;9.430011
8509183;3;46.823763;9.413051
8509183;4;46.823824;9.413356
8509184;1;46.810485;9.397312
8509184;2;46.810411;9.397384
8509185;1;46.799552;9.399288
8509185;2;46.799466;9.399333
8509189;1;46.698151;9.440701
8509189;2;46.698255;9.440728
8509189;3;46.698225;9.440880
8509194;1;46.671122;9.651940
8509194;2;46.671072;9.651338
8509195;1;46.675239;9.682312
8509195;2;46.675251;9.682069
8509195;3;46.675344;9.682096
8509198;2;46.588243;9.777210
8509198;3;46.588237;9.777057
8509199;1;46.559733;9.845536
8509250;2;46.549762;9.888520
8509250;3;46.549725;9.888655
8509251;1;46.533759;9.873383
8509251;2;46.533580;9.873267
8509251;3;46.533555;9.873410
8509251;3CD;46.533555;9.873410
8509251;4;46.533957;9.873904
8509251;5;46.534006;9.874120
8509251;5AB;46.534006;9.874120
8509253;1;46.497911;9.846003
8509253;2;46.497818;9.845922
8509253;3;46.497855;9.846227
8509253;6;46.497670;9.846173
8509253;7;46.497627;9.846317
8509255;1;46.490644;9.896218
8509255;3;46.490570;9.896174
8509255;4;46.490558;9.896021
8509257;1;46.587027;9.938188
8509260;1;46.637788;10.021740
8509262;1;46.698144;10.089931
8509262;2;46.698108;10.089868
8509262;2BC;46.698108;10.089868
8509264;1;46.769627;10.110907
8509264;2;46.769657;10.110844
8509268;1;46.793888;10.286626
8509268;2;46.793925;10.286465
8509268;2A;46.793925;10.286465
8509268;2B;46.793925;10.286465
8509269;3;46.764852;10.102921
8509269;4;46.764766;10.103047
8509315;T;46.202024;6.210548
8509315;U;46.202061;6.210089
8509319;V;46.203547;6.213377
8509319;W;46.204219;6.214114
8509321;X;46.206109;6.218147
8509321;Y;46.206531;6.218417
8509321;Z;46.206152;6.218372
8509361;1;46.324575;10.054358
8509361;1AB;46.324575;10.054358
8509361;1CD;46.324575;10.054358
8509368;1;46.233407;10.141863
8509368;2;46.233444;10.141737
8509369;3;46.215819;10.165677
8509369;4;46.215906;10.165695
8509400;1;47.322786;9.571406
8509400;2;47.322780;9.571513
8509401;1;47.286743;9.536335
8509401;2;47.286736;9.536057
8509402;1;47.242028;9.502855
8509404;1;47.167901;9.478870
8509404;2;47.168774;9.478673
8509404;3;47.169727;9.478511
8509404;4;47.169764;9.478717
8509406;1;47.124974;9.494070
8509411;2;47.044931;9.444761
8509411;3;47.044839;9.445309
8509411;4;47.044900;9.445354
8509411;4AB;47.044900;9.445354
8509411;4CD;47.044900;9.445354
8509411;5;47.045212;9.444608
8509411;6;47.045451;9.445857
8509411;7;47.045212;9.446198
8509412;3;47.053757;9.418225
8509412;4;47.053812;9.418270
8509413;3;47.096870;9.347869
8509413;4;47.096906;9.347923
8509414;2;47.119809;9.312188
8509414;3;47.119724;9.312520
8509414;4;47.119657;9.312511
8509416;1;47.114161;9.256151
8509416;2;47.114216;9.256133
8509417;1;47.113293;9.214712
8509417;2;47.113354;9.214703
8509418;1;47.117994;9.171799
8509418;2;47.117841;9.173021
8509507;A;46.290526;6.977287
8509507;W;46.290482;6.977278
8509508;B;46.288607;6.970406
8509508;X;46.288564;6.970415
8509509;A;46.166629;7.210786
8509509;B;46.166648;7.211046
8509620;A;47.154659;9.510419
8509620;B;47.155129;9.510464
8509623;A;47.241351;9.524972
8509623;B;47.241210;9.525376
8509641;A;46.183387;7.389092
8509641;B;46.183194;7.389101
8509642;A;46.179543;7.387368
8509642;B;46.179680;7.387475
8509673;A;47.038356;9.411739
8509673;B;47.038429;9.411775
8509674;A;47.007216;9.363266
8509674;B;47.007185;9.363311
8509675;A;47.037456;9.395938
8509675;B;47.037438;9.396126
8509678;A;47.041833;9.433173
8509678;B;47.042347;9.432454
8509730;A;46.828059;9.409260
8509730;B;46.827801;9.408496
8509730;C;46.827586;9.408281
8509867;A;46.461785;9.189837
8509867;B;46.461903;9.189918
8509873;A;46.945121;10.362211
8509873;B;46.945783;10.362534
8509881;A;46.430156;9.765020
8509881;B;46.430348;9.765064
8509881;C;46.430236;9.765190
8509963;A;47.037407;9.408092
8509963;B;47.037340;9.408200
8509964;A;47.031236;9.431053
8509964;B;47.031266;9.431161
8509965;A;46.989197;9.343162
8509965;B;46.989295;9.343260
8509978;A;47.044459;9.416653
8509978;B;47.044417;9.416653
8509979;A;47.041142;9.417111
8509979;B;47.041154;9.417147
8509983;A;46.819724;9.265314
8509983;B;46.819878;9.265170
8509983;C;46.820081;9.265143
8509983;D;46.820069;9.265098
8509985;A;47.138786;9.521738
8509985;B;47.138108;9.521702
8509991;A1;47.168347;9.508407
8509991;A2;47.168494;9.508595
8509991;B1;47.168371;9.508829
8509991;B2;47.168158;9.508937
8509991;C1;47.168090;9.508685
8509991;C2;47.168133;9.508335
8510057;A;47.519143;9.423857
8510057;B;47.519198;9.423723
8510069;W;46.301400;7.050544
8510069;X;46.301350;7.050643
8510070;A;46.303274;7.055153
8510070;B;46.303485;7.054820
8510071;M;46.298154;7.057461
8510071;N;46.298092;7.057533
8510072;K;46.297924;7.054632
8510072;L;46.297409;7.054596
8510105;X;46.875886;8.630798
8510105;Y;46.875726;8.630726
8510105;Z;46.875604;8.630771
8510115;A;47.417275;8.378820
8510115;B;47.417324;8.378865
8510115;C;47.417008;8.379422
8510115;D;47.417591;8.378730
8510154;X;46.261095;6.143452
8510154;Y;46.261287;6.143551
8510164;A;46.162417;7.390386
8510203;A;47.429054;8.359812
8510203;B;47.429097;8.359848
8510205;A;46.692039;6.340363
8510205;B;46.691687;6.339923
8510218;E;46.246982;6.141108
8510219;F;46.237762;6.148438
8510220;W;46.264790;6.148654
8510220;Z;46.264846;6.148285
8510221;F;46.264523;6.146498
8510221;G;46.264504;6.146291
8510224;B;46.303516;7.050778
8510224;G;46.303566;7.050751
8510225;B;46.304155;7.046161
8510225;I;46.304155;7.046223
8510226;Q;46.302678;7.040411
8510226;R;46.302660;7.040447
8510263;A;47.383158;8.050666
8510263;B;47.383164;8.050738
8510264;A;47.372805;8.047531
8510264;B;47.372324;8.047171
8510265;A;47.368947;8.044584
8510265;B;47.369033;8.044683
8510266;A;47.364725;8.042141
8510266;B;47.364993;8.042689
8510267;A;47.361305;8.045446
8510267;B;47.361524;8.045114
8510282;A;47.547685;9.278034
8510288;E;46.245764;6.935722
8510288;F;46.245528;6.935847
8510290;G;46.239670;6.930080
8510290;H;46.240266;6.930745
8510291;K;46.236296;6.926631
8510291;L;46.234500;6.925184
8510292;D;46.229386;6.918725
8510293;U;46.234357;6.918151
8510293;V;46.234979;6.919480
8510294;C;46.238483;6.853517
8510294;D;46.238234;6.853616
8510295;A;46.239782;6.853580
8510299;I;46.231381;6.927700
8510299;J;46.231381;6.927538
8510300;S;46.222612;6.910973
8510300;T;46.222674;6.910901
8510319;E;46.331578;6.956482
8510319;F;46.331504;6.956500
8510321;I;46.245007;6.982138
8510321;J;46.244814;6.982254
8510325;W;46.340013;6.932236
8510328;U;46.345656;6.934446
8510329;E;46.251827;7.110642
8510330;B;46.232443;7.008027
8510330;C;46.232443;7.008081
8510331;A;46.230598;7.014845
8510331;E;46.230610;7.014818
8510332;I;46.247852;7.012528
8510332;J;46.247870;7.012716
8510333;1;47.155862;7.008144
8510334;1;47.155508;7.009554
8510335;1;47.157102;7.016902
8510336;1;47.157347;7.013004
8510337;1;47.156895;7.014145
8510338;1;47.153706;7.012438
8510404;O;46.247777;6.997723
8510405;M;46.245988;7.000634
8510407;A;46.236830;7.009446
8510407;Y;46.236787;7.009455
8510408;B;46.233854;7.013731
8510408;G;46.233860;7.013785
8510409;C;46.225247;7.016822
8510409;I;46.225210;7.016768
8510410;K;46.230511;7.027161
8510423;A;46.711481;6.384578
8510423;B;46.711149;6.383743
8510424;A;46.715781;6.396077
8510424;B;46.715910;6.395996
8510446;C;46.506364;6.482396
8510446;D;46.506444;6.482333
8510461;1;47.006610;7.060183
8510469;A;47.195261;8.712320
8510469;B;47.195303;8.712113
8510470;1;46.674160;7.872880
8510470;1AB;46.674160;7.872880
8510470;1CD;46.674160;7.872880
8510475;Q;46.237160;6.928805
8510475;R;46.237042;6.928894
8510480;A;46.311862;7.490611
8510543;E;46.528234;6.601405
8510560;A;46.984387;8.307683
8510561;A;46.987243;8.312722
8510562;A;46.995117;8.313108
8510568;A;46.196042;7.339505
8510569;A;46.196838;7.336235
8510569;B;46.196876;7.336478
8510570;A;46.191951;7.337906
8510571;A;46.193941;7.338787
8510572;A;46.193275;7.336244
8510573;A;46.195750;7.344150
8510573;B;46.195875;7.343916
8510576;A;46.291258;7.093592
8510577;A;46.290463;7.102718
8510577;E;46.290346;7.102503
8510578;A;46.289402;7.099215
8510578;Y;46.289625;7.099547
8510579;W;46.288961;7.096062
8510579;X;46.288961;7.095685
8510580;V;46.288558;7.098766
8510580;W;46.288521;7.098981
8510581;S;46.287167;7.097526
8510581;T;46.287105;7.097445
8510582;Q;46.286714;7.094544
8510582;R;46.286633;7.094634
8510583;B;46.284821;7.097814
8510583;O;46.284920;7.097814
8510584;M;46.282195;7.104892
8510585;G;46.282964;7.086082
8510585;H;46.282921;7.086028
8510586;O;46.291165;7.062932
8510586;P;46.291283;7.062851
8510587;E;46.290867;7.059159
8510587;F;46.291003;7.059258
8510588;G;46.292636;7.055692
8510588;H;46.292661;7.055755
8510589;S;46.297850;7.052682
8510589;T;46.298228;7.053006
8510590;B;46.300835;7.035300
8510590;S;46.300798;7.035300
8510591;A;46.301195;7.028985
8510591;W;46.301214;7.029021
8510592;B;46.302424;7.027098
8510592;U;46.302368;7.027071
8510607;A;47.130157;9.485913
8510607;B;47.130237;9.486012
8510608;D;46.137144;6.036077
8510608;F;46.137138;6.036409
8510608;G;46.137163;6.036301
8510612;A;46.196055;7.352046
8510612;B;46.196092;7.351722
8510616;A;47.475426;7.744646
8510616;B;47.475906;7.744816
8510616;C;47.477278;7.745032
8510616;D;47.477248;7.745472
8510625;J;46.321095;7.026613
8510625;K;46.321057;7.026550
8510626;C;46.290730;7.098245
8510626;D;46.290625;7.098460
8510627;Q;46.226670;6.915303
8510627;R;46.226645;6.915177
8510633;1;47.058671;6.723764
8510651;1;46.967648;6.848864
8510670;1;46.406611;6.208841
8510678;J;46.189177;6.177831
8510678;K;46.189401;6.177579
8510679;S;46.187287;6.176897
8510679;T;46.186870;6.176394
8510680;A;46.307978;7.483703
8510682;K;46.235786;6.133293
8510685;A;46.309970;7.486937
8510704;L;46.330945;7.137115
8510705;B;46.295677;7.061656
8510705;I;46.295578;7.061656
8510706;A;46.307463;7.095676
8510706;B;46.307407;7.095801
8510716;A;46.465102;6.073357
8510717;A;46.454465;6.112191
8510717;B;46.454372;6.112218
8510718;A;46.451054;6.126771
8510718;B;46.450986;6.126690
8510719;A;46.445936;6.147270
8510719;B;46.445954;6.147091
8510720;A;46.448535;6.159811
8510734;A;47.009427;9.366257
8510734;B;47.009305;9.366221
8510745;A;46.874891;7.562818
8510745;B;46.874719;7.562818
8510745;C;46.875241;7.562782
8510750;A;47.480630;9.465683
8510750;B;47.480557;9.465701
8510753;A;46.203976;6.886934
8510753;L;46.203839;6.886736
8510754;B;46.200780;6.886862
8510754;S;46.200811;6.886754
8510755;B;46.209559;6.889881
8510755;N;46.209596;6.889961
8510759;A;47.477224;8.998676
8510759;B;47.476823;8.999376
8510763;A;47.415902;8.162120
8510763;B;47.415847;8.162102
8510764;C;47.088650;8.248951
8510764;D;47.088852;8.248753
8510771;W;46.248970;6.955494
8510771;Y;46.248951;6.955350
8510772;A;47.138303;7.209825
8510772;B;47.138316;7.209816
8510774;A;47.484139;9.460500
8510774;B;47.484114;9.460347
8510775;A;47.486069;9.455289
8510775;B;47.485930;9.455469
8510776;A;47.474273;9.483317
8510776;B;47.474309;9.483263
8510780;Z;46.279612;7.081473
8510781;A;46.279693;7.077997
8510781;W;46.279748;7.077997
8510782;B;46.279655;7.074987
8510782;V;46.279649;7.075050
8510783;A;46.276303;7.069247
8510783;Q;46.276253;7.069301
8510784;B;46.274372;7.065717
8510784;P;46.274347;7.065807
8510785;A;46.273906;7.060659
8510785;B;46.273862;7.060740
8510786;B;46.280090;7.069095
8510786;T;46.280140;7.069166
8510790;B;46.273962;7.063839
8510790;N;46.273906;7.063857
8510801;A;46.710902;6.527365
8510801;B;46.710896;6.527267
8510819;A;46.302231;6.975553
8510819;B;46.302231;6.975409
8510820;M;46.250293;7.020055
8510820;N;46.250349;7.020055
8510820;Y;46.250486;7.020828
8510820;Z;46.250579;7.020819
8510829;A;47.155924;7.268368
8510829;B;47.155875;7.267973
8510830;A;47.158923;7.269275
8510830;B;47.158886;7.269437
8510869;U;46.220288;6.910129
8510869;V;46.220263;6.910066
8510870;A;46.238937;6.919130
8510870;B;46.238843;6.919229
8510897;K;47.099095;6.824016
8510928;A;46.794466;6.619128
8510928;B;46.794282;6.619649
8510929;A;46.792701;6.579477
8510929;B;46.792621;6.579387
8510930;A;46.647200;6.281254
8510930;B;46.646688;6.280535
8510953;A;47.551154;9.062438
8511001;A;46.577482;6.432009
8511028;1;46.942183;6.676351
8511060;Z;46.251231;7.000319
8511061;C;46.276955;7.071098
8511062;A;46.278960;7.088489
8511063;A;46.311267;7.017217
8511063;K;46.311298;7.017235
8511064;A;46.310187;7.007021
8511064;B;46.310187;7.006886
8511065;A;46.301896;7.038264
8511066;A;46.315926;7.019121
8511066;L;46.315815;7.019085
8511067;G;46.260089;7.033368
8511067;H;46.260449;7.033099
8511068;A;46.266367;7.022274
8511068;T;46.266330;7.022158
8511091;A;47.411956;9.645274
8511091;B;47.411999;9.644996
8511092;A;47.415981;9.644654
8511094;A;47.417810;9.635994
8511094;B;47.417822;9.635994
8511095;A;47.410497;9.628134
8511103;O;46.310565;6.967387
8511104;Y;46.215595;6.900310
8511104;Z;46.215937;6.900571
8511105;Y;46.197075;6.886341
8511105;Z;46.198331;6.887195
8511106;Y;46.317837;6.975445
8511106;Z;46.318340;6.975769
8511107;Y;46.181322;6.873918
8511107;Z;46.179767;6.872534
8511108;Y;46.356464;7.107956
8511108;Z;46.356662;7.107551
8511109;Y;46.355342;7.132668
8511109;Z;46.355608;7.132435
8511110;Y;46.355695;7.142020
8511110;Z;46.355801;7.142065
8511111;C;46.253262;7.007326
8511111;y;46.252970;7.007695
8511112;Y;46.355119;7.147868
8511112;Z;46.355131;7.148209
8511113;Y;46.254884;7.027871
8511113;Z;46.254933;7.027718
8511115;Y;46.256343;7.030036
8511115;Z;46.256679;7.030314
8511116;Z;46.252803;7.023613
8511117;Y;46.271018;7.047598
8511117;Z;46.271093;7.047697
8511118;Y;46.288328;7.067963
8511118;Z;46.288241;7.067963
8511119;Y;46.270764;7.051407
8511119;Z;46.270820;7.051577
8511120;Y;46.272621;7.049942
8511120;Z;46.272670;7.050625
8511121;Y;46.277743;7.067657
8511121;Z;46.277855;7.067621
8511122;A;46.175040;6.870630
8511127;Y;46.343052;7.038992
8511127;Z;46.343362;7.039001
8511129;Q;46.203553;6.892369
8511129;R;46.203491;6.892504
8511130;A;46.209969;6.867297
8511130;E;46.209988;6.867054
8511141;E;46.251312;6.144656
8511141;F;46.251206;6.144575
8511186;P;46.201228;6.126097
8511187;A;46.188717;6.151933
8511188;G;46.168203;6.106208
8511200;A;46.170051;7.397141
8511200;B;46.169964;7.396953
8511201;A;46.178324;7.400285
8511201;B;46.178169;7.400115
8511202;A;46.180215;7.398111
8511202;B;46.179979;7.398264
8511203;A;46.177939;7.396755
8511203;B;46.178013;7.397033
8511295;1;47.161299;6.896214
8511295;2;47.161262;6.896313
8511296;A;47.194552;6.921546
8511296;R;47.194559;6.921681
8511297;1;47.203342;6.936836
8511297;2;47.203281;6.936925
8511323;C;46.176141;8.884365
8511323;D;46.176278;8.884383
8511344;C;46.523506;6.519119
8511344;D;46.523642;6.518975
8511344;E;46.523729;6.518688
8511368;A;46.867694;8.769093
8511404;A;46.307606;6.171642
8511425;A;46.145454;8.850238
8511429;D;47.362784;8.367169
8511429;E;47.362370;8.366648
8511443;A;46.613117;6.236931
8511443;B;46.614216;6.236599
8511517;A;46.734575;6.504710
8511517;B;46.734729;6.504863
8511541;A;47.385378;9.554724
8511541;B;47.385311;9.554670
8511548;A;47.391697;9.666393
8511548;B;47.391660;9.666178
8511549;A;47.388455;9.661579
8511549;B;47.388492;9.661471
8511575;A;47.059669;9.455137
8511575;B;47.059008;9.454418
8511579;R;46.380279;6.241117
8511579;S;46.380223;6.241234
8511614;C;46.270379;6.128145
8511614;D;46.270143;6.128415
8511615;E;46.272472;6.128505
8511615;F;46.272956;6.129196
8511616;Q;46.224924;6.136535
8511616;R;46.224999;6.135862
8511617;M;46.199580;6.148357
8511618;H;46.198424;6.147495
8511619;J;46.179133;6.164698
8511619;K;46.179133;6.164841
8511620;L;46.176296;6.162317
8511620;M;46.176303;6.162470
8511620;N;46.175724;6.162946
8511620;O;46.176209;6.161491
8511621;A;46.211971;6.152750
8511621;B;46.210759;6.151843
8511624;J;46.235022;6.096596
8511626;N;46.236955;6.090632
8511626;O;46.236930;6.090712
8511627;H;46.238116;6.093219
8511627;I;46.238272;6.092770
8511628;S;46.231517;6.149561
8511628;T;46.232195;6.149318
8511665;S;46.230424;6.130696
8511665;T;46.230809;6.131433
8511716;K;46.140039;6.040434
8511716;L;46.140107;6.040523
8511721;U;46.257759;6.959410
8511721;V;46.257840;6.959437
8511722;W;46.260275;6.961126
8511756;A;46.329004;7.507697
8511759;A;46.984779;8.303487
8511760;A;46.987659;8.312300
8511761;A;46.989749;8.303586
8511764;1;46.599170;8.503893
8511771;Y;46.254033;6.959060
8511771;Z;46.254530;6.959320
8511773;A;47.427049;9.623562
8511846;A;46.527418;6.602986
8511846;B;46.527888;6.601944
8511875;C;46.536694;6.577626
8511875;D;46.537183;6.577923
8511975;A;46.227944;7.372213
8511975;B;46.228081;7.372285
8512050;W;46.209801;5.986508
8512050;Z;46.209739;5.986508
8512054;J;46.222985;6.068605
8512054;K;46.222805;6.068847
8512055;S;46.224215;6.064167
8512055;T;46.224178;6.063889
8512056;F;46.225328;6.060116
8512056;G;46.225204;6.060026
8512112;J;46.183617;6.165129
8512112;K;46.183424;6.164778
8512117;A;47.047489;9.433290
8512117;B;47.047447;9.433263
8512118;A;47.048659;9.427091
8512118;B;47.048671;9.427190
8512119;A;47.043192;9.422133
8512121;A;47.039513;9.421809
8512132;Q;46.275030;6.156954
8512132;R;46.274974;6.156873
8512150;Ri Bhf Wiesend;47.539099;8.821851
8512150;Ri Gundetswil;47.539044;8.821770
8512152;A;46.307866;6.967711
8512152;B;46.307754;6.967702
8512155;Bondo, Strada Cantonale;46.336937;9.552963
8512175;Y;46.354815;7.122203
8512175;Z;46.354926;7.122544
8512176;Y;46.355509;7.126407
8512176;Z;46.355726;7.126461
8512177;Y;46.318495;6.988417
8512177;Z;46.318625;6.988507
8512191;1;46.245901;6.931805
8512263;A;46.769264;7.104003
8512263;B;46.769270;7.104335
8512273;A;46.197976;6.882676
8512274;A;46.193580;6.881347
8512275;A;46.192355;6.878185
8512304;A;46.330245;6.157062
8512304;B;46.330195;6.157053
8512360;A;46.245441;7.014998
8512361;A;46.249305;7.005269
8512391;C;46.768488;7.102018
8512414;Engelberg, Studentenweg;46.820081;8.389106
8512521;A;46.781113;6.649887
8512521;B;46.781605;6.650057
8512527;A;47.219811;7.199135
8512545;A;46.510698;9.861597
8512545;B;46.510617;9.861624
8512569;A;46.854782;8.641694
8512569;B;46.854666;8.641676
8512660;A;46.387857;6.222396
8512661;A;46.400410;6.208607
8512661;B;46.400459;6.208688
8512662;A;46.400410;6.218911
8512662;B;46.400261;6.218956
8512663;A;46.388632;6.232619
8512665;A;46.386172;6.234425
8512666;A;46.382491;6.233994
8512667;A;46.383024;6.243480
8512671;A;46.382547;6.216270
8512672;A;46.396389;6.245528
8512672;B;46.396352;6.245573
8512675;A;47.488000;9.559395
8512675;B;47.488188;9.559000
8512710;A;46.426224;6.255508
8512710;B;46.426243;6.255760
8512711;B;46.493242;6.259155
8512775;A;46.111443;7.498193
8512776;A;46.080196;7.508353
8515296;11;46.319022;7.987451
8515296;12;46.318985;7.987451
8515296;14;46.318892;7.986813
8515992;1;47.188466;8.517736
8515992;2;47.188478;8.517637
8515993;1;47.183143;8.517107
8515993;2;47.183149;8.517017
8515993;3;47.183155;8.516918
8515994;1;47.156577;8.512382
8515995;1;47.182367;8.471410
8515995;2;47.182312;8.471446
8515996;1;47.173733;8.450218
8515996;2;47.173587;8.450236
8515997;1;47.104862;8.373799
8515997;2;47.104911;8.373736
8516154;1;46.944072;7.375240
8516154;2;46.944005;7.375276
8516155;1;46.185962;6.124830
8516155;2;46.185956;6.124956
8516161;1;46.966753;7.466006
8516161;2;46.966796;7.465647
8516161;3;46.966863;7.465665
8516161;5;46.966949;7.465719
8516161;6;46.967807;7.465638
8516161;7;46.967746;7.465665
8516176;1;47.582011;8.249086
8516187;1;47.173813;8.507297
8516187;2;47.173752;8.507261
8516218;1;47.501516;8.769165
8516218;2;47.501577;8.769129
8516219;1;47.428149;8.276242
8516219;2;47.428094;8.276287
8516270;1;47.521218;9.425025
8516271;1;47.500813;9.442264
8516272;1;46.192181;6.153541
8516272;2;46.192193;6.153451
8516273;1;46.201421;6.166593
8516273;2;46.201502;6.166494
8516274;1;46.196571;6.197333
8516274;2;46.196633;6.197333
8516283;1;46.222575;6.144665
8516350;1;47.093689;8.356650
8516350;2;47.093518;8.356264
8516351;1;47.026741;8.302365
8516351;2;47.026747;8.302266
8516353;1;47.180761;8.280598
8516444;1;46.989780;7.199287
8516450;2;47.314759;8.113036
8516450;3;47.314772;8.113081
8516764;1;47.583550;7.652164
8516764;2;47.583072;7.651975
8517010;1;47.569521;7.633461
8517112;1;47.108475;8.504773
8517131;1;47.530287;7.709647
8517131;2;47.530329;7.709575
8517142;1;46.174318;6.129295
8517142;2;46.174374;6.129340
8517336;1;47.053904;8.337327
8517336;2;47.053837;8.337300
8517376;1;47.401968;8.400964
8517377;1;47.353979;8.350281
8517377;2;47.353960;8.350398
8517409;A;47.535715;7.626508
8517409;B;47.535466;7.626930
8517410;A;47.533240;7.629670
8517410;B;47.532961;7.630065
8517411;A;47.524658;7.655928
8517411;B;47.524688;7.655658
8517412;A;47.528904;7.641160
8517412;B;47.528989;7.640890
8517413;A;47.530808;7.637342
8517413;B;47.530535;7.637863
8517414;E;47.521230;7.691950
8517414;F;47.521218;7.691708
8517414;G;47.520939;7.691879
8517415;A;47.521461;7.686318
8517415;B;47.521449;7.686120
8517416;A;47.521479;7.679437
8517416;B;47.521442;7.679203
8517417;A;47.521018;7.670301
8517417;B;47.521006;7.670220
8517484;1;46.315337;6.986216
8517485;1;46.353283;7.100697
8517519;1;45.849837;8.944597
8517519;2;45.849680;8.944364
8517527;1;47.162294;8.515229
8518452;1;46.526584;6.602563
8518452;2;46.526646;6.602599
8518452;3;46.526732;6.602671
8518452;4;46.526800;6.602716
8518459;1;47.187343;8.479728
8518475;1;45.877217;8.983135
8518475;2;45.877217;8.983045
8518749;1;47.072684;7.296530
8518771;1;47.158410;7.294617
8518771;2;47.158361;7.294679
8518924;1;47.680227;8.615949
8518963;1;47.208883;7.521423
8518963;2;47.208822;7.521423
8519077;1;46.446883;6.147252
8519133;1;46.815593;7.156438
8519133;2;46.815563;7.156519
8519685;1;47.393570;8.062811
8530006;3;46.993560;6.927251
8530011;1;47.028799;6.789539
8530012;1;47.014591;6.766811
8530023;3;46.997022;6.927197
8530064;1;46.250573;7.020630
8530066;2;46.252685;7.023262
8530067;1;46.254846;7.027413
8530225;1;47.005023;6.745252
8530246;1;46.256511;7.030090
8530260;1;47.055771;6.738712
8530303;1;46.110091;7.064612
8530334;1;46.108827;7.007847
8530355;1;46.291587;6.996744
8530366;1;46.276129;6.961692
8530378;1;46.236035;6.924726
8530430;1;46.232226;6.921465
8530463;1;46.197193;6.886997
8530523;1;46.253126;7.007614
8530699;1;46.204666;6.148645
8530700;2;46.205307;6.155113
8530701;4;46.217733;6.151861
8530709;1;46.984485;6.912069
8530710;1;46.979784;6.895199
8530711;1;46.967863;6.869336
8530712;1;46.960635;6.863704
8530713;1;46.951394;6.842863
8530749;A;46.536589;6.579360
8530749;B;46.536318;6.579692
8530749;F;46.538771;6.576952
8530749;G;46.538400;6.577797
8530749;K;46.538023;6.579468
8530749;L;46.538196;6.579522
8530760;1;46.721250;8.198627
8530774;A;47.077058;8.300577
8530774;B;47.076991;8.300640
8530777;A;47.522280;7.610195
8530777;B;47.522061;7.609934
8530783;1;46.599453;6.222055
8530799;1;46.723165;8.189958
8530800;1;46.708371;8.225873
8530801;1;46.711999;8.217896
8530812;A;47.361883;8.560460
8530812;B;47.361695;8.560918
8530812;C;47.361677;8.560792
8530812;D;47.361920;8.560531
8557099;B;46.340987;7.018088
8557099;M;46.340857;7.018205
8570000;A;46.384914;6.236931
8570000;B;46.383557;6.235305
8570000;C;46.383576;6.235494
8570000;D;46.384449;6.235072
8570001;A;46.385063;6.230859
8570001;B;46.385441;6.230625
8570002;A;46.388750;6.223897
8570002;B;46.388006;6.224112
8570005;A;46.398136;6.205589
8570005;B;46.397721;6.205328
8570006;A;46.400503;6.175109
8570006;B;46.400311;6.175423
8570007;A;46.407490;6.176466
8570007;B;46.407385;6.176304
8570069;A;46.514110;6.490858
8570069;B;46.514123;6.490921
8570069;C;46.513881;6.491927
8570069;D;46.513906;6.491999
8570070;A;46.517893;6.488397
8570070;B;46.517949;6.488495
8570076;A;46.546883;6.449958
8570076;B;46.546469;6.449464
8570082;A;46.508119;6.477266
8570082;B;46.508231;6.477311
8570082;D;46.508027;6.476934
8570084;A;46.510852;6.494622
8570084;B;46.510827;6.494550
8570084;C;46.510778;6.494469
8570084;D;46.510722;6.494388
8570084;E;46.510673;6.494307
8570084;F;46.510982;6.494415
8570084;Y;46.510413;6.494379
8570084;Z;46.510092;6.494577
8570093;A;46.566798;6.511214
8570093;B;46.567262;6.510235
8570109;A;46.611939;6.507971
8570109;B;46.612229;6.508043
8570109;C;46.611951;6.508088
8570109;D;46.612235;6.508115
8570111;A;46.596460;6.392358
8570112;A;46.599034;6.373340
8570112;B;46.599503;6.373960
8570112;C;46.599546;6.373906
8570119;A;46.537584;6.337201
8570129;A;46.605675;6.523215
8570129;B;46.605391;6.523080
8570129;C;46.605650;6.523476
8570142;A;46.659156;6.516676
8570142;B;46.658928;6.516873
8570161;A;46.668372;6.324697
8570161;B;46.668946;6.324966
8570207;A;46.637079;6.664898
8570207;B;46.637159;6.664898
8570207;C;46.637467;6.665140
8570207;D;46.637461;6.665023
8570237;A;46.722617;6.531354
8570237;B;46.722303;6.531588
8570239;A;46.781703;6.633043
8570239;B;46.781839;6.633178
8570240;A;46.778861;6.627060
8570240;B;46.778800;6.627393
8570248;A;46.729193;6.532477
8570248;B;46.728664;6.532261
8570288;A;46.775816;6.648072
8570288;B;46.775373;6.648395
8570289;A;46.772266;6.649509
8570289;B;46.772365;6.649599
8570289;C;46.772586;6.649779
8570290;A;46.765935;6.650884
8570290;B;46.765898;6.651019
8570290;C;46.766944;6.651450
8570318;A;46.778369;6.659023
8570318;B;46.778658;6.658618
8570335;A;46.786464;6.583259
8570335;B;46.786415;6.583133
8570336;A;46.784053;6.575210
8570336;B;46.783481;6.574437
8570338;A;46.670542;6.800579
8570338;B;46.670542;6.800579
8570390;A;46.757541;6.780699
8570390;B;46.757652;6.780538
8570390;C;46.756913;6.782649
8570390;D;46.756926;6.782819
8570420;A;46.572931;6.780592
8570420;B;46.572894;6.780457
8570450;A;46.576321;6.853032
8570465;A;46.693197;6.911952
8570465;B;46.693388;6.912500
8570581;A;46.398911;6.926253
8570581;B;46.399264;6.926244
8570581;C;46.398737;6.926208
8570581;D;46.398378;6.926020
8570581;E;46.398229;6.924708
8570581;F;46.399152;6.926676
8570583;N;46.384034;6.922400
8570583;O;46.384115;6.922606
8570593;A;46.337080;6.891462
8570593;B;46.335033;6.890635
8570600;A;46.316646;6.964189
8570600;B;46.316398;6.964342
8570600;C;46.316218;6.964450
8570600;D;46.316019;6.964540
8570600;E;46.315833;6.964647
8570600;F;46.315660;6.964746
8570601;O;46.317744;6.969903
8570601;P;46.317267;6.970208
8570602;I;46.329389;6.961036
8570602;J;46.329575;6.960883
8570603;G;46.331497;6.958799
8570603;H;46.331473;6.958943
8570604;B;46.336447;6.964405
8570604;C;46.336385;6.964405
8570605;A;46.346525;6.962159
8570605;I;46.346549;6.962096
8570606;B;46.351863;6.961153
8570606;M;46.351938;6.961180
8570607;A;46.296807;6.993384
8570607;B;46.296770;6.993420
8570607;Z;46.296459;6.992828
8570608;B;46.297893;6.999421
8570608;J;46.297875;6.999574
8570609;B;46.303038;7.000302
8570609;O;46.303032;7.000230
8570610;B;46.306718;7.001901
8570610;R;46.306706;7.002044
8570611;A;46.308853;7.008288
8570611;T;46.308735;7.008189
8570612;A;46.310981;7.011036
8570612;U;46.311049;7.011009
8570613;A;46.310342;7.015753
8570613;H;46.310268;7.015860
8570615;A;46.323607;7.028841
8570616;K;46.318030;6.925445
8570616;L;46.317961;6.925490
8570618;A;46.474482;7.132408
8570619;X;46.471326;7.125787
8570620;B;46.382429;7.086288
8570620;N;46.382367;7.086369
8570621;I;46.375649;7.078671
8570621;J;46.375606;7.078697
8570622;A;46.365131;7.071718
8570622;H;46.365094;7.071771
8570623;Y;46.363519;7.060165
8570623;Z;46.363817;7.060057
8570624;A;46.360481;7.060237
8570624;W;46.360543;7.060282
8570626;B;46.357338;7.043394
8570626;U;46.357406;7.043331
8570627;S;46.352986;7.034204
8570627;T;46.353327;7.034608
8570628;A;46.349420;7.031060
8570628;Q;46.349464;7.031024
8570629;B;46.346047;7.026559
8570629;P;46.346165;7.026712
8570630;K;46.342215;7.014037
8570630;L;46.342426;7.014594
8570631;G;46.346444;7.017001
8570631;H;46.346463;7.017262
8570632;B;46.354697;7.055251
8570632;H;46.354716;7.055341
8570633;B;46.348552;7.050239
8570633;I;46.348509;7.050230
8570634;A;46.343672;7.050652
8570634;L;46.343635;7.050580
8570635;A;46.346816;7.052853
8570635;M;46.346822;7.052790
8570636;A;46.349538;7.059716
8570636;O;46.349582;7.059716
8570637;A;46.251299;7.001002
8570638;K;46.251070;7.012168
8570638;L;46.251126;7.012276
8570639;Q;46.253598;7.006805
8570639;R;46.254020;7.006662
8570640;A;46.267063;7.006060
8570640;C;46.266951;7.005997
8570641;E;46.270807;7.016031
8570641;F;46.270118;7.015339
8570641;G;46.270050;7.015519
8570642;S;46.270155;7.017621
8570642;T;46.270211;7.017612
8570643;A;46.265268;7.026595
8570643;U;46.265293;7.026595
8570644;B;46.266566;7.027520
8570644;H;46.266485;7.027538
8570645;C;46.271826;7.027296
8570646;E;46.258672;7.031015
8570646;F;46.258654;7.031087
8570646;Y;46.259318;7.031078
8570646;Z;46.259281;7.030997
8570647;B;46.264529;7.036971
8570647;J;46.264510;7.037007
8570648;A;46.263983;7.058620
8570648;K;46.264038;7.058575
8570649;B;46.255660;7.089944
8570649;D;46.255666;7.090025
8570816;A;46.303919;7.453286
8570816;B;46.304503;7.453403
8570817;A;46.306464;7.456987
8570817;B;46.306364;7.456987
8570818;A;46.307680;7.459790
8570818;B;46.307469;7.459520
8570889;C;46.228864;7.370560
8570889;D;46.229057;7.370587
8570891;A;46.226043;7.398291
8570891;B;46.226229;7.397016
8570893;A;46.220729;7.399612
8570893;B;46.220828;7.399630
8570894;A;46.211579;7.398318
8570894;B;46.211716;7.398668
8571014;A;46.172682;7.218134
8571014;B;46.172334;7.217990
8571074;A;46.312266;7.822422
8571075;A;46.293567;7.881405
8571075;B;46.293573;7.881306
8571075;C;46.293573;7.881216
8571075;D;46.293579;7.881136
8571075;E;46.293586;7.881037
8571075;F;46.293586;7.880947
8571075;G;46.293586;7.880857
8571075;H;46.293586;7.880767
8571075;I;46.293592;7.880686
8571075;J;46.293586;7.880588
8571075;K;46.293598;7.880507
8571075;L;46.293604;7.880417
8571075;M;46.293604;7.880318
8571075;O;46.293660;7.883112
8571202;A;47.125353;7.240682
8571202;B;47.124883;7.240736
8571216;A;47.056505;7.261927
8571216;B;47.057068;7.262906
8571217;A;47.060263;7.267910
8571217;B;47.060318;7.268287
8571220;A;47.044453;7.278106
8571220;B;47.043823;7.277962
8571220;C;47.044227;7.278258
8571236;1;47.066590;7.198919
8571279;A;46.349420;7.175653
8571279;B;46.349358;7.175796
8571280;A;46.350549;7.166562
8571280;B;46.350456;7.166562
8571310;A;46.683177;7.851689
8571310;B;46.683356;7.851707
8571310;C;46.683516;7.851770
8571310;D;46.683695;7.851797
8571310;E;46.683609;7.851904
8571310;F;46.683362;7.851868
8571310;G;46.683122;7.851824
8571310;H;46.683861;7.851437
8571318;CAR;46.598966;7.908498
8571323;A;46.666110;7.869422
8571323;B;46.666091;7.869242
8571323;C;46.665481;7.869044
8571342;A;46.947838;7.427486
8571342;B;46.947832;7.427271
8571342;C;46.948347;7.427406
8571342;D;46.948641;7.427217
8571359;A;46.956018;7.426372
8571359;B;46.955558;7.427325
8571359;C;46.956134;7.425708
8571364;A;46.987665;7.386883
8571364;B;46.987629;7.386631
8571364;C;46.987574;7.386963
8571392;A;47.000428;7.462063
8571392;B;47.001280;7.462377
8571392;D;47.000122;7.461892
8571393;A;46.941447;7.430981
8571393;B;46.941061;7.431071
8571393;C;46.940723;7.431915
8571393;D;46.940723;7.431744
8571412;A;46.932817;7.422591
8571412;B;46.932780;7.422357
8571412;C;46.932161;7.423067
8571412;D;46.932320;7.422698
8571413;A;46.926591;7.417695
8571413;B;46.926357;7.417407
8571413;C;46.926357;7.416671
8571413;D;46.926124;7.416635
8571414;A;46.923548;7.415341
8571414;B;46.923498;7.415063
8571414;C;46.922707;7.415224
8571415;A;46.920738;7.413140
8571415;B;46.920333;7.413859
8571415;C;46.920713;7.413347
8571436;A;46.939951;7.390269
8571436;B;46.939662;7.389784
8571436;C;46.939969;7.390754
8571436;D;46.940742;7.392201
8571479;A;47.138004;7.370542
8571479;B;47.138212;7.370964
8571537;Z;47.061211;7.749254
8571575;A;47.114467;7.842948
8571575;B;47.114473;7.843308
8571575;D;47.114454;7.843748
8571575;Z;47.114791;7.844924
8571620;A;46.872797;7.559700
8571620;B;46.872717;7.559727
8571620;C;46.872625;7.559754
8571620;D;46.872533;7.559781
8571620;E;46.872447;7.559808
8571632;A;46.889351;7.498462
8571632;E;46.889443;7.499001
8571632;F;46.889676;7.498588
8571723;A;46.929836;7.562853
8571723;B;46.929848;7.562934
8571723;C;46.929866;7.563006
8571772;B;47.104929;7.663465
8571784;A;46.826769;6.479845
8571784;B;46.826775;6.479746
8571786;A;46.829584;6.495251
8571786;B;46.830118;6.494712
8571787;A;46.822374;6.501341
8571787;B;46.822472;6.501413
8571849;A;46.996232;6.934338
8571849;C;46.997040;6.937428
8571849;D;46.996048;6.933709
8571849;E;46.996232;6.934338
8571849;F;46.996354;6.935758
8571957;A;47.280880;7.380891
8571957;B;47.280990;7.381277
8571957;C;47.281270;7.381636
8571957;D;47.280472;7.380549
8571965;A;47.362200;7.349162
8571965;B;47.362182;7.349117
8571965;C;47.362169;7.349063
8571965;D;47.362151;7.349010
8571965;E;47.362133;7.348956
8571965;F;47.362072;7.349468
8571965;G;47.362036;7.349297
8571965;H;47.361963;7.348902
8571965;Z;47.362242;7.350312
8572041;Z;47.420156;7.080584
8572111;G;46.854297;9.528412
8572113;A;47.419123;7.502406
8572113;B;47.419062;7.502379
8572113;C;47.418977;7.502352
8572113;D;47.418904;7.502325
8572113;E;47.418844;7.502298
8572113;F;47.418509;7.502325
8572113;G;47.418284;7.502190
8572132;A;47.441426;7.591968
8572162;A;47.474971;7.489380
8572162;B;47.474971;7.489290
8572177;A;47.430251;7.510024
8572177;B;47.430172;7.509799
8572177;C;47.430476;7.509844
8572180;A;47.433466;7.530559
8572180;B;47.433180;7.530523
8572195;A;47.399189;7.438230
8572195;B;47.399055;7.438383
8572195;C;47.398660;7.438302
8572212;5;47.484746;7.730138
8572212;A;47.484436;7.731737
8572212;B;47.484546;7.731791
8572212;D;47.484703;7.731548
8572212;E;47.484594;7.731485
8572212;F;47.484855;7.731297
8572212;G;47.484807;7.731081
8572212;H;47.485013;7.731045
8572212;J;47.485001;7.730811
8572212;K;47.485153;7.730838
8572212;L;47.485134;7.730605
8572212;M;47.485286;7.730650
8572226;A;47.469567;7.691241
8572226;B;47.469694;7.691232
8572236;A;47.490148;7.782941
8572236;B;47.489942;7.782752
8572237;A;47.497590;7.767139
8572237;B;47.497717;7.766439
8572240;A;47.524275;7.747682
8572240;B;47.524172;7.747745
8572240;C;47.524324;7.747610
8572282;A;47.466069;7.848347
8572282;B;47.466014;7.848356
8572282;C;47.465954;7.848329
8572282;D;47.466063;7.848832
8572282;E;47.466002;7.848778
8572313;A;47.561629;7.833417
8572313;B;47.561575;7.833184
8572313;C;47.561496;7.832878
8572351;1;47.386339;7.749065
8572351;2;47.387257;7.749020
8572351;3;47.387257;7.748975
8572351;PAG;47.385737;7.748850
8572352;A;47.351398;7.906387
8572352;B;47.351934;7.906917
8572352;B1;47.351617;7.906881
8572352;B2;47.351818;7.906908
8572352;B4;47.352214;7.906971
8572352;C;47.352920;7.907169
8572352;D;47.352920;7.907070
8572352;D1;47.352554;7.906989
8572352;D2;47.352920;7.907070
8572352;E;47.352634;7.906890
8572352;F;47.352439;7.906702
8572373;A;47.204623;7.543926
8572373;B;47.204440;7.542417
8572373;C;47.204581;7.542040
8572373;D;47.204965;7.542623
8572373;EV;47.204526;7.542273
8572373;F;47.204495;7.543189
8572373;I;47.204495;7.543189
8572390;A;47.416418;8.047486
8572390;B;47.416686;8.047423
8572403;A;47.559562;8.060673
8572403;B;47.559508;8.060556
8572403;C;47.559453;8.060457
8572403;D;47.559399;8.060349
8572403;E;47.559344;8.060233
8572403;F;47.559290;8.060188
8572403;G;47.559241;8.060044
8572452;A;47.494664;8.084640
8572452;B;47.495150;8.084263
8572452;D;47.494986;8.083239
8572455;A;47.488801;8.103469
8572455;B;47.488934;8.103415
8572455;C;47.488485;8.103900
8572464;A;47.481474;8.209344
8572464;B;47.481419;8.209137
8572464;C;47.481559;8.209263
8572464;D;47.481862;8.209649
8572465;A;47.415421;8.163440
8572474;A;47.446608;8.140102
8572474;B;47.446863;8.140614
8572479;A;47.484236;8.206146
8572479;B;47.484151;8.206721
8572479;C;47.484509;8.206981
8572479;D;47.484363;8.206981
8572550;A;47.477333;8.308383
8572550;B;47.477376;8.308401
8572550;C;47.477424;8.308428
8572550;D;47.477467;8.308437
8572550;E;47.477521;8.308464
8572550;F;47.477564;8.308491
8572550;G;47.477630;8.308518
8572550;H;47.477685;8.308545
8572554;A;47.436954;8.297648
8572554;B;47.438011;8.298134
8572554;C;47.436778;8.298690
8572560;A;47.361981;8.366792
8572560;B;47.361537;8.367142
8572586;A;47.511189;8.369783
8572586;B;47.511135;8.369909
8572586;C;47.511068;8.370044
8572745;B;47.287066;7.944368
8572745;D;47.286852;7.944682
8572745;E;47.286743;7.944853
8572745;F;47.286743;7.944646
8572745;G;47.286852;7.944485
8572745;H;47.286913;7.944431
8572745;J;47.287066;7.944242
8572745;K;47.287194;7.944143
8572745;L;47.287309;7.944054
8572748;A;47.541658;7.949354
8572748;B;47.541597;7.949542
8572748;C;47.541543;7.949731
8572760;A;47.192898;7.977103
8572760;B;47.192623;7.977354
8572763;A;47.172121;7.988727
8572763;B;47.171162;7.988871
8572763;C;47.171388;7.988179
8572768;A;47.136806;7.926950
8572768;B;47.136770;7.926321
8572768;C;47.136715;7.925872
8572776;B;47.178930;7.881531
8572776;C;47.178759;7.881621
8572788;A;47.122334;7.997108
8572788;B;47.122230;7.997198
8572788;C;47.122291;7.996973
8572788;D;47.122169;7.997099
8572792;A;47.117572;7.976600
8572792;B;47.117548;7.976456
8572792;C;47.117468;7.976079
8572840;A;47.055526;8.080184
8572840;B;47.055477;8.080166
8572840;D;47.054675;8.083266
8572840;E;47.054675;8.083652
8572897;A;46.894244;8.247316
8572897;B;46.894152;8.247316
8572897;C;46.894066;8.247298
8572897;D;46.894004;8.247298
8572923;1;46.963945;8.356883
8572942;A;46.979472;8.414618
8572942;B;46.979503;8.414771
8572943;A;46.976046;8.418463
8572943;B;46.975991;8.418723
8572944;A;46.973416;8.416612
8572944;B;46.973447;8.415166
8572961;A;47.172640;8.101331
8572961;B;47.172854;8.101385
8573008;A;47.116239;8.195151
8573008;B;47.116288;8.195294
8573022;A;47.048102;8.304826
8573022;B;47.047012;8.303973
8573022;C;47.047545;8.303263
8573022;D;47.048652;8.303514
8573024;A;47.051462;8.300281
8573024;B;47.051615;8.300281
8573024;C;47.052362;8.299733
8573024;D;47.052019;8.300245
8573028;G;47.070555;8.282242
8573028;H;47.070854;8.281874
8573034;A;47.082772;8.247010
8573034;B;47.082815;8.245259
8573034;C;47.083383;8.245564
8573034;D;47.083579;8.247280
8573043;A;47.040248;8.301430
8573043;B;47.040162;8.300999
8573043;C;47.040076;8.301790
8573043;D;47.039715;8.301781
8573045;A;47.034401;8.255437
8573045;B;47.034205;8.255302
8573045;C;47.034432;8.254996
8573045;D;47.034468;8.253559
8573046;A;47.031033;8.251718
8573046;B;47.031187;8.252212
8573046;C;47.031046;8.252616
8573055;A;47.054510;8.311195
8573055;B;47.054755;8.311438
8573055;C;47.054748;8.311770
8573055;D;47.054638;8.312543
8573055;E;47.055697;8.311932
8573081;C;47.141493;8.430285
8573081;D;47.141475;8.430366
8573086;A;46.769534;8.678786
8573086;B;46.769454;8.678786
8573087;A;46.879454;8.638442
8573087;B;46.879147;8.637760
8573088;A;46.875776;8.631777
8573088;C;46.875874;8.631894
8573088;D;46.875720;8.631912
8573088;E;46.875788;8.632010
8573088;F;46.875622;8.632055
8573089;A;46.882954;8.627357
8573089;B;46.883107;8.627025
8573092;A;46.886073;8.605501
8573092;B;46.885913;8.605492
8573093;A;46.889578;8.598809
8573093;B;46.888442;8.600309
8573094;A;46.895815;8.593652
8573094;B;46.895336;8.593688
8573098;A;46.916455;8.591308
8573098;B;46.916455;8.591308
8573099;A;46.912215;8.574087
8573099;B;46.912215;8.574087
8573100;A;46.911098;8.566550
8573100;B;46.911061;8.566568
8573101;A;46.912662;8.551944
8573101;B;46.912662;8.551944
8573102;A;46.912521;8.546024
8573102;B;46.912521;8.546024
8573103;A;46.910797;8.535280
8573103;B;46.910797;8.535280
8573104;A;46.908772;8.529108
8573104;B;46.908772;8.529108
8573105;A;46.905206;8.525425
8573105;B;46.905206;8.525425
8573106;A;46.665870;8.588200
8573107;A;46.668292;8.586861
8573107;B;46.668348;8.586834
8573108;A;46.665876;8.571392
8573108;B;46.665876;8.571446
8573109;A;46.662719;8.552833
8573109;B;46.662738;8.552842
8573110;A;46.659988;8.534094
8573110;B;46.659994;8.534094
8573111;A;46.661511;8.531579
8573111;B;46.661529;8.531588
8573112;A;46.652577;8.516478
8573112;B;46.652601;8.516523
8573113;S;46.901702;8.624132
8573116;A;46.874818;8.650219
8573116;B;46.874523;8.650228
8573116;C;46.875266;8.650588
8573116;D;46.875125;8.650641
8573117;A;46.875014;8.659140
8573117;B;46.874965;8.659391
8573118;A;46.876641;8.671339
8573118;B;46.876347;8.670413
8573119;A;46.878287;8.706355
8573119;B;46.877845;8.707128
8573120;A;46.874578;8.716802
8573120;B;46.874578;8.716802
8573121;A;46.871551;8.726396
8573121;B;46.871274;8.727052
8573122;A;46.871778;8.734023
8573122;B;46.871778;8.734023
8573123;A;46.868590;8.747417
8573123;B;46.868590;8.747417
8573124;A;46.864445;8.760505
8573124;B;46.864445;8.760505
8573125;A;46.864506;8.780214
8573125;B;46.864482;8.780870
8573126;A;46.871108;8.780870
8573126;B;46.871108;8.780870
8573127;A;46.874154;8.828607
8573127;B;46.874154;8.828607
8573128;A;46.872361;8.870675
8573128;B;46.872361;8.870675
8573129;A;46.911110;8.974538
8573129;B;46.911110;8.974538
8573130;A;46.921339;8.999942
8573130;B;46.921339;8.999942
8573131;A;46.925351;8.998074
8573131;Bfpl;46.925351;8.998074
8573167;A;47.294718;8.564745
8573167;B;47.295224;8.564206
8573168;C;47.295870;8.565176
8573178;A;47.276053;8.446850
8573178;B;47.275974;8.446832
8573178;C;47.275712;8.446472
8573178;D;47.275645;8.446481
8573205;E;47.450490;8.563711
8573205;F;47.450423;8.563729
8573205;G;47.450362;8.563711
8573205;H;47.450277;8.563720
8573205;J;47.450004;8.563720
8573205;K;47.449943;8.563756
8573205;L;47.449882;8.563765
8573205;M;47.449828;8.563783
8573205;N;47.449773;8.563801
8573205;O;47.449718;8.563828
8573205;P;47.449658;8.563873
8573205;Q;47.449597;8.563864
8573205;S;47.450229;8.563514
8573205;T;47.450253;8.563855
8573213;A;47.444020;8.570925
8573213;B;47.445022;8.571644
8573213;D;47.444925;8.572219
8573286;A;47.566582;9.105988
8573286;B;47.566679;9.105593
8573286;C;47.566739;9.105396
8573286;D;47.566824;9.105198
8573286;E;47.566903;9.104973
8573290;A;47.548965;9.150132
8573305;A;47.552578;8.885937
8573305;B;47.552494;8.885677
8573375;A;47.558120;8.896834
8573375;B;47.558047;8.896843
8573375;C;47.557992;8.896915
8573375;D;47.557550;8.896358
8573375;E;47.557228;8.895855
8573375;F;47.557301;8.895594
8573375;G;47.557665;8.896142
8573376;A;47.652344;9.169688
8573376;B;47.652344;9.169787
8573376;Bfpl;47.652344;9.169679
8573376;C;47.652369;9.170146
8573376;D;47.652308;9.170425
8573376;Post;47.652266;9.169751
8573404;A;47.647328;9.175698
8573404;B;47.647328;9.175581
8573425;Bfpl;47.538893;9.184016
8573602;A;47.462729;9.041283
8573602;B;47.462717;9.041364
8573602;Bfpl;47.462753;9.041301
8573602;C;47.462711;9.041445
8573602;D;47.462711;9.041525
8573602;E;47.462699;9.041606
8573602;EV;47.462620;9.040097
8573602;F;47.462699;9.041678
8573602;G;47.462869;9.041822
8573602;H;47.462553;9.041930
8573602;N;47.463069;9.040340
8573603;A;47.465814;9.047149
8573603;B;47.465960;9.047194
8573604;A;47.468547;9.053976
8573604;B;47.468656;9.054084
8573605;A;47.475578;9.065268
8573605;B;47.474516;9.062330
8573616;A;47.464551;9.043088
8573616;B;47.464733;9.042963
8573653;B;46.385862;7.089846
8573653;O;46.385806;7.089648
8573718;A;47.356802;8.439573
8573718;B;47.356900;8.438926
8573718;C;47.357003;8.438585
8573718;D;47.357198;8.437363
8573720;A;47.320009;8.423979
8573720;B;47.320076;8.423889
8573726;A;47.326238;8.468364
8573726;B;47.326458;8.468463
8573726;C;47.326013;8.468544
8573726;D;47.326451;8.468526
8573756;A;47.128085;8.744650
8573756;B;47.128538;8.745162
8573794;A;47.182556;8.900310
8573794;B;47.182508;8.900598
8573800;A;47.202896;8.779047
8573800;B;47.202890;8.779163
8573800;C;47.202896;8.779244
8573800;D;47.202878;8.779352
8573800;E;47.202866;8.779442
8573800;F;47.202872;8.779586
8573800;G;47.202847;8.779729
8573887;A;47.099053;9.069903
8573887;B;47.098722;9.069750
8573887;C;47.098661;9.069625
8573887;D;47.098857;9.069723
8573902;Bfpl;47.039568;9.071457
8573925;A;47.462176;9.047176
8573925;B;47.462358;9.046628
8573929;A;47.436006;9.130773
8573929;B;47.435872;9.130710
8573929;C;47.435708;9.130647
8573929;D;47.435477;9.130512
8573945;Bfpl;47.412005;9.253474
8573945;E;47.411993;9.253492
8573965;A;47.462978;9.388248
8573965;B;47.462881;9.388131
8573965;C;47.462893;9.387979
8573965;D;47.463269;9.388095
8573965;E;47.463263;9.388042
8573966;1;47.459850;9.388033
8573966;2;47.459947;9.388221
8573967;2;47.460919;9.381753
8573978;A;47.414984;9.189720
8573978;B;47.415014;9.189586
8573979;Bfpl;47.359516;9.074943
8574008;A;47.299440;9.086729
8574008;B;47.299349;9.086962
8574040;A;47.165593;9.470669
8574041;A;47.167999;9.478295
8574041;B;47.168121;9.478134
8574041;C;47.168304;9.478080
8574041;D;47.168371;9.478152
8574041;E;47.168500;9.478017
8574041;F;47.168561;9.478080
8574041;G;47.168689;9.477945
8574041;H;47.168182;9.478385
8574093;A;47.467952;9.589902
8574093;B;47.467684;9.590306
8574095;A;47.423688;9.370569
8574095;B;47.423572;9.370677
8574095;C;47.423420;9.370605
8574095;D;47.423414;9.370830
8574095;E;47.423408;9.370318
8574095;F;47.423141;9.370219
8574095;G;47.423153;9.370488
8574095;H;47.423129;9.371324
8574095;I;47.423195;9.371459
8574095;J;47.423481;9.371189
8574095;K;47.423937;9.369375
8574095;L;47.424010;9.369671
8574095;X;47.422746;9.369446
8574111;A;47.453339;9.636875
8574111;B;47.453339;9.637324
8574133;A;47.422138;9.619483
8574133;B;47.422223;9.618962
8574134;A;47.420843;9.620903
8574134;B;47.419919;9.621127
8574135;A;47.416029;9.624191
8574135;B;47.415932;9.624119
8574136;A;47.411804;9.625457
8574136;B;47.412528;9.625287
8574137;A;47.410783;9.627739
8574137;B;47.410850;9.627847
8574137;C;47.410923;9.627955
8574137;D;47.410984;9.628053
8574137;E;47.411045;9.628143
8574137;F;47.411105;9.628215
8574137;G;47.411154;9.628233
8574147;A;47.377982;9.541824
8574147;B;47.378438;9.541303
8574147;C;47.378395;9.541186
8574178;A;47.323249;9.571199
8574178;B;47.323346;9.571280
8574240;1;47.455155;9.398857
8574240;2;47.455981;9.398246
8574251;A;47.511256;9.432490
8574251;B;47.511141;9.431870
8574251;C;47.511050;9.431511
8574251;D;47.511116;9.432293
8574251;E;47.511044;9.431933
8574251;F;47.510928;9.431601
8574253;1;47.459194;9.394599
8574254;1;47.463336;9.374360
8574254;2;47.463488;9.374926
8574255;1;47.465686;9.382355
8574255;2;47.465614;9.382535
8574256;1;47.464059;9.384376
8574256;2;47.463664;9.384763
8574266;A;47.476149;9.469204
8574266;B;47.476465;9.469797
8574282;A;47.472943;9.501912
8574282;B;47.472992;9.501804
8574285;A;47.468948;9.487386
8574285;B;47.468863;9.487180
8574288;C;47.470624;9.498435
8574311;A;47.244528;9.472286
8574311;B;47.244516;9.472169
8574345;A;47.207528;9.528475
8574345;B;47.207595;9.527873
8574350;A;47.218067;9.546513
8574350;B;47.218182;9.546531
8574353;A;47.217469;9.569007
8574353;B;47.217615;9.569052
8574353;C;47.217499;9.568495
8574403;A;47.069031;9.506969
8574403;B;47.069692;9.507041
8574406;A;47.062086;9.494851
8574406;B;47.062000;9.494896
8574407;A;47.063542;9.492147
8574407;B;47.063469;9.492237
8574410;A;47.072402;9.480101
8574410;B;47.072390;9.480263
8574411;A;47.056168;9.449118
8574411;B;47.055954;9.449046
8574412;A;47.050960;9.440458
8574412;B;47.051144;9.441123
8574424;C;47.117823;9.549136
8574473;A;47.224534;8.980269
8574473;B;47.224521;8.980521
8574473;C;47.224528;8.980656
8574478;A;47.190231;8.852699
8574478;B;47.190182;8.852250
8574515;A;46.497657;9.845230
8574515;B;46.497490;9.844943
8574515;C;46.497688;9.845014
8574515;D;46.497633;9.844907
8574515;E;46.497565;9.844790
8574515;F;46.497503;9.844673
8574545;A;46.735135;9.444815
8574545;B;46.734969;9.444851
8574545;C;46.735677;9.444815
8574545;D;46.735652;9.444186
8574569;A;46.967556;9.554850
8574569;B;46.967814;9.554796
8574569;C;46.967617;9.554984
8574569;D;46.967826;9.554922
8574614;A;47.045433;9.444465
8574614;B;47.045604;9.444546
8574614;C;47.045751;9.444752
8574614;D;47.045904;9.444932
8574614;E;47.046033;9.445111
8574614;F;47.045880;9.445318
8574614;G;47.045678;9.445156
8574614;H;47.045525;9.444959
8574614;J;47.045390;9.444779
8574614;K;47.045659;9.445318
8574616;A;47.045010;9.437269
8574616;B;47.045304;9.437889
8574678;A;46.829805;9.406825
8574776;A;47.096417;9.347923
8574821;A;47.044814;9.422824
8574821;B;47.044827;9.422438
8574822;A;47.046406;9.419842
8574822;B;47.046345;9.419896
8574823;A;47.039360;9.415341
8574823;B;47.039378;9.415979
8574824;A;47.033905;9.414542
8574824;B;47.033728;9.414775
8574825;A;47.021818;9.379256
8574825;B;47.022112;9.379534
8574827;A;47.000257;9.354786
8574827;B;47.000251;9.354876
8574828;A;46.996434;9.351130
8574828;B;46.996477;9.351229
8574829;A;46.993058;9.346162
8574829;B;46.993064;9.346243
8574861;A;46.793833;10.287120
8574861;B;46.793900;10.287309
8574861;C;46.793943;10.287417
8574861;D;46.793993;10.287534
8574861;E;46.794036;10.287641
8574861;F;46.794072;10.287722
8574861;G;46.794226;10.287893
8574861;H;46.794122;10.287489
8574936;A;46.488263;9.906585
8574936;B;46.487985;9.906711
8574944;A;46.511681;9.857699
8574944;B;46.511693;9.857887
8574946;A;46.498251;9.838627
8574946;B;46.498362;9.839041
8574949;A;46.483829;9.834073
8574949;B;46.483730;9.834136
8574956;A;46.458518;9.811004
8574956;B;46.459428;9.811516
8574974;A;46.533864;9.873159
8574974;B;46.533475;9.872512
8574974;C;46.533679;9.872952
8575112;K;46.852829;9.527810
8575112;L;46.852896;9.527739
8575112;M;46.852860;9.527774
8575112;N;46.852933;9.527694
8575112;O;46.852976;9.527649
8575112;P;46.853013;9.527577
8575112;Q;46.853068;9.527523
8575114;A;47.010236;9.504769
8575114;B;47.010064;9.505308
8575114;D;47.009954;9.505308
8575114;E;47.009899;9.505281
8575120;A;46.775305;9.208208
8575120;B;46.775244;9.208208
8575120;C;46.775170;9.208208
8575120;D;46.775305;9.209106
8575120;E;46.775244;9.209106
8575120;F;46.775176;9.209232
8575120;O;46.775730;9.207013
8575219;G;46.248734;7.015115
8575219;H;46.248647;7.015187
8575224;A;46.224383;9.041696
8575224;B;46.224514;9.041795
8575319;A;46.039884;8.932694
8575319;B;46.040445;8.932191
8575319;C;46.040271;8.932093
8575520;A;46.253138;6.934473
8575573;A;45.869775;8.979515
8575573;B;45.869743;8.979596
8575918;A;47.425414;8.686242
8575918;B;47.425390;8.686332
8575918;C;47.425523;8.686349
8575918;D;47.425390;8.686332
8575918;E;47.425171;8.686233
8576100;A;46.915412;7.564497
8576100;B;46.915344;7.565207
8576100;C;46.915448;7.563976
8576106;A;47.207901;8.707622
8576106;B;47.207852;8.707693
8576106;C;47.207803;8.707756
8576106;D;47.207748;8.707819
8576127;A;47.384295;8.659184
8576127;B;47.384326;8.659463
8576127;C;47.384186;8.659445
8576127;D;47.384198;8.659705
8576127;E;47.384034;8.659768
8576127;F;47.384003;8.660065
8576193;A;47.367256;8.545296
8576193;B;47.366946;8.545467
8576193;C;47.366848;8.545323
8576193;D;47.366970;8.544829
8576193;E;47.367153;8.544604
8576193;F;47.367311;8.545080
8576195;E;47.365534;8.547515
8576195;F;47.365315;8.547721
8576290;A;47.581024;8.513190
8576290;B;47.581211;8.513307
8576290;C;47.581387;8.513451
8576318;A;46.588941;7.651023
8576318;B;46.588614;7.651122
8576318;C;46.588947;7.651185
8576318;D;46.589114;7.651239
8576333;A;46.686197;7.680506
8576333;B;46.686228;7.680551
8576333;C;46.686271;7.680614
8576333;D;46.686345;7.680739
8576333;E;46.687140;7.679617
8576376;A;46.690307;7.869026
8576376;B;46.690245;7.869143
8576376;C;46.690017;7.869206
8576381;A;46.684804;7.861903
8576381;B;46.684755;7.861966
8576381;C;46.684478;7.861471
8576381;E;46.685008;7.861786
8576381;F;46.685001;7.861705
8576391;A;47.133494;7.242981
8576391;B;47.133182;7.243961
8576391;C;47.133409;7.243646
8576391;D;47.133751;7.243628
8576391;E;47.133720;7.243422
8576391;F;47.133726;7.242658
8576391;G;47.133702;7.242335
8576391;J;47.132993;7.244446
8576391;N;47.132859;7.243727
8576391;O;47.133121;7.244500
8576392;A;47.136250;7.246090
8576392;B;47.136458;7.246467
8576392;C;47.137136;7.247230
8576392;D;47.137155;7.247365
8576393;A;47.140363;7.244913
8576393;B;47.140308;7.245191
8576393;C;47.140228;7.244275
8576393;D;47.140772;7.244589
8576395;A;47.151403;7.259465
8576395;B;47.151415;7.259555
8576395;C;47.151641;7.260004
8576395;D;47.151812;7.260373
8576395;E;47.151574;7.260310
8576398;A;47.160865;7.214056
8576398;B;47.160951;7.214092
8576398;C;47.160945;7.214181
8576398;D;47.160841;7.214478
8576400;A;47.153315;7.178473
8576400;B;47.153370;7.178258
8576401;A;47.150847;7.171772
8576403;A;47.173764;7.269374
8576403;B;47.173727;7.269536
8576406;A;47.187410;7.300402
8576406;B;47.187410;7.300231
8576408;A;47.138401;7.245021
8576408;B;47.138701;7.244850
8576410;A;47.134924;7.248991
8576410;B;47.134924;7.248569
8576410;C;47.134924;7.248991
8576410;D;47.134979;7.249332
8576411;A;47.132357;7.251569
8576411;B;47.132205;7.251830
8576414;A;47.126661;7.260472
8576414;B;47.126564;7.260490
8576414;C;47.127707;7.260615
8576419;A;47.123416;7.278896
8576425;A;47.112192;7.302297
8576425;B;47.111337;7.301866
8576425;C;47.111300;7.303276
8576437;A;47.077144;7.305621
8576437;B;47.077046;7.305828
8576437;C;47.076844;7.305872
8576437;D;47.077076;7.305522
8576460;A;46.975316;7.497232
8576460;B;46.975421;7.497294
8576460;C;46.974863;7.497483
8576504;A;47.060458;7.620858
8576504;B;47.060403;7.620373
8576504;C;47.060360;7.621289
8576510;A;46.624242;8.034316
8576510;B;46.624229;8.034406
8576510;C;46.624032;8.034442
8576510;D;46.624137;8.034235
8576510;E;46.623983;8.034298
8576510;F;46.623902;8.034415
8576510;G;46.624254;8.034649
8576510;T;46.625389;8.030813
8576510;U;46.625334;8.030849
8576510;V;46.625309;8.030948
8576510;W;46.625408;8.030903
8576510;Y;46.625291;8.030795
8576510;Z;46.625414;8.030867
8576559;A;46.757184;7.627640
8576559;B;46.757387;7.627496
8576559;C;46.758015;7.626796
8576646;A;46.947568;7.440602
8576646;B;46.947666;7.440629
8576646;C;46.947580;7.440072
8576646;D;46.947666;7.440180
8576646;E;46.948206;7.440009
8576646;F;46.947856;7.439892
8576646;G;46.948604;7.440440
8576646;H;46.949089;7.440296
8576646;I;46.947359;7.440997
8576646;J;46.946795;7.440970
8576646;K1;46.946875;7.440772
8576646;K2;46.946648;7.440871
8576646;L;46.947298;7.440548
8576646;M;46.947378;7.439685
8576646;N;46.947047;7.438967
8576646;Q;46.947592;7.439371
8576646;Z;46.949046;7.440701
8576664;A;46.938914;7.784818
8576664;B;46.938883;7.784908
8576664;C;46.938828;7.785025
8576664;D;46.938767;7.785115
8576664;E;46.938724;7.785213
8576718;A;47.163632;7.358011
8576718;B;47.163895;7.358693
8576723;A;47.143888;7.275366
8576723;B;47.143907;7.275599
8576723;C;47.143577;7.275500
8576723;D;47.143326;7.275905
8576723;E;47.144340;7.274494
8576724;A;47.143955;7.259726
8576724;B;47.143992;7.259924
8576724;C;47.144689;7.261217
8576724;D;47.144921;7.261873
8576725;A;47.138719;7.247787
8576725;B;47.138982;7.247590
8576728;A;46.754876;8.039868
8576728;B;46.754882;8.040066
8576728;C;46.754919;8.039724
8576728;D;46.754962;8.039913
8576761;1;47.132015;7.022382
8576761;2;47.132082;7.022301
8576762;1;47.131814;7.032578
8576762;2;47.131887;7.032470
8576766;1;47.215040;7.068017
8576766;2;47.214985;7.068070
8576767;1;47.212770;7.060857
8576767;2;47.212734;7.061108
8576768;1;47.209200;7.011504
8576768;2;47.208968;7.012078
8576769;1;47.210555;7.005440
8576770;1;47.156327;7.006338
8576770;2;47.155899;7.005952
8576771;1;47.150590;6.992908
8576771;2;47.150548;6.993025
8576772;1;47.151550;7.000158
8576793;E;46.789435;7.520651
8576896;A;47.252632;7.645867
8576896;B;47.252669;7.646082
8576900;A;47.231897;7.655640
8576900;B;47.231836;7.655748
8576900;C;47.232354;7.656287
8576917;B;47.187837;7.701311
8576917;C;47.188027;7.701616
8576917;D;47.187886;7.701886
8576917;E;47.187898;7.702227
8576917;F;47.188753;7.702299
8576917;G;47.188448;7.701320
8576937;A;47.216010;7.782932
8576937;B;47.216126;7.783183
8576937;C;47.215949;7.783138
8576937;D;47.215900;7.782815
8576937;E;47.215565;7.782213
8576964;EV;47.270178;7.694421
8576981;A;46.991979;7.456825
8576981;B;46.992304;7.456996
8576981;C;46.991648;7.457023
8576982;A;46.984087;7.457230
8576982;B;46.983204;7.457221
8576982;C;46.984418;7.457283
8576983;A;46.978657;7.459008
8576983;B;46.978804;7.458442
8576990;A;46.959280;7.464299
8576990;B;46.959261;7.464218
8576990;E;46.957839;7.462763
8576990;F;46.958109;7.463033
8576992;A;46.978982;7.479517
8576992;B;46.979496;7.479238
8576992;C;46.979429;7.479283
8576999;A;46.964129;7.480083
8576999;B;46.963994;7.480110
8576999;C;46.963866;7.480783
8576999;D;46.963553;7.480137
8577002;A;46.954417;7.477118
8577002;B;46.954338;7.477549
8577002;C;46.954491;7.476867
8577003;A;46.956251;7.482993
8577003;B;46.955460;7.480810
8577003;D;46.956410;7.482706
8577013;C;46.935234;7.498354
8577013;D;46.935498;7.498875
8577014;A;46.933400;7.505801
8577014;B;46.933424;7.505721
8577014;C;46.933835;7.504822
8577014;D;46.933713;7.505056
8577030;A;47.020587;7.523552
8577030;B;47.019993;7.523983
8577030;C;47.021799;7.523525
8577069;A;47.222539;8.252373
8577069;B;47.222447;8.252715
8577091;A;47.166753;8.289159
8577091;B;47.166735;8.288710
8577091;C;47.167553;8.288800
8577138;A;47.165415;8.394352
8577138;B;47.164933;8.394478
8577138;C;47.166185;8.394882
8577151;A;47.067208;8.314438
8577151;B;47.067269;8.314689
8577151;C;47.067287;8.314842
8577159;A;47.082980;8.343058
8577159;B;47.082613;8.342699
8577161;A;47.083989;8.342268
8577161;B;47.083934;8.342313
8577161;C;47.084497;8.342879
8577161;D;47.084356;8.342753
8577161;E;47.084674;8.343157
8577161;F;47.084527;8.343031
8577161;G;47.084827;8.343382
8577161;H;47.084717;8.343301
8577172;A;47.111599;8.364528
8577172;B;47.111960;8.365363
8577177;A;47.102954;8.375568
8577177;B;47.103131;8.376089
8577177;C;47.103027;8.376808
8577177;D;47.103241;8.376691
8577205;A;47.083102;8.433168
8577205;B;47.083151;8.433060
8577206;A;47.081395;8.441038
8577206;B;47.081524;8.441091
8577206;C;47.081726;8.441424
8577206;D;47.081120;8.441630
8577234;A;47.077609;8.275604
8577234;B;47.077792;8.275739
8577234;E;47.076997;8.275442
8577234;F;47.076844;8.275200
8577235;A;47.080600;8.272334
8577235;B;47.080667;8.271813
8577235;C;47.081377;8.270492
8577235;D;47.081487;8.272136
8577236;A;47.088069;8.272774
8577236;B;47.088662;8.273062
8577236;C;47.087298;8.272927
8577236;D;47.087182;8.273214
8577237;A;47.091537;8.273466
8577237;B;47.091310;8.273708
8577238;A;47.098031;8.270349
8577238;B;47.097701;8.271256
8577239;A;47.101419;8.264860
8577239;B;47.101780;8.263324
8577240;A;47.100343;8.262731
8577240;B;47.099762;8.261958
8577241;A;47.096808;8.261518
8577241;B;47.096704;8.261276
8577242;A;47.092344;8.253936
8577242;B;47.092423;8.253856
8577244;A;47.109729;8.256488
8577244;B;47.110059;8.256281
8577245;A;47.117279;8.246750
8577245;B;47.117921;8.246409
8577249;A;47.161030;8.220286
8577249;B;47.160883;8.220447
8577250;A;47.176597;8.209003
8577250;B;47.177128;8.209254
8577251;A;47.180132;8.209164
8577251;B;47.179839;8.209254
8577252;A;47.183631;8.208589
8577252;B;47.183765;8.208670
8577253;A;47.191342;8.205930
8577253;B;47.192153;8.205787
8577254;A;47.204422;8.200370
8577254;B;47.204367;8.200738
8577255;A;47.206521;8.192429
8577255;B;47.206564;8.192294
8577257;A;47.126991;8.251394
8577257;B;47.126979;8.252239
8577258;A;47.129980;8.257602
8577269;B;47.071118;8.285404
8577271;A;47.073222;8.287533
8577271;B;47.072788;8.287767
8577273;A;47.074097;8.290067
8577273;B;47.074060;8.290453
8577273;C;47.072708;8.290309
8577273;D;47.073057;8.290309
8577276;A;47.082240;8.284066
8577276;B;47.081848;8.283680
8577276;C;47.081897;8.284183
8577277;A;47.084093;8.287650
8577277;B;47.083720;8.286527
8577278;A;47.085188;8.290192
8577278;B;47.085451;8.290534
8577281;A;46.730806;6.514142
8577281;B;46.730733;6.514169
8577370;A;46.910300;8.623063
8577370;B;46.910693;8.622830
8577371;A;46.902420;8.624806
8577371;B;46.902414;8.624860
8577371;C;46.902438;8.624950
8577372;A;46.898258;8.625147
8577372;B;46.897908;8.625255
8577373;A;46.889787;8.629684
8577373;B;46.890303;8.628893
8577374;A;46.885766;8.635101
8577374;B;46.885631;8.635146
8577375;A;46.884323;8.636924
8577375;B;46.883660;8.637517
8577375;C;46.882868;8.636601
8577375;D;46.882868;8.636789
8577376;A;46.882776;8.641146
8577376;B;46.882665;8.641497
8577377;A;46.877262;8.647066
8577377;B;46.877323;8.646491
8577378;A;46.868719;8.652582
8577378;B;46.868504;8.652600
8577379;A;46.864076;8.648818
8577379;B;46.864125;8.648674
8577380;A;46.857534;8.646913
8577380;B;46.857498;8.646635
8577381;A;46.858769;8.640257
8577381;B;46.858781;8.640158
8577382;A;46.861281;8.642781
8577383;A;46.854868;8.646339
8577383;B;46.854647;8.646177
8577384;A;46.835035;8.645180
8577384;B;46.834887;8.645036
8577385;A;46.826879;8.647946
8577385;B;46.826086;8.648773
8577386;A;46.820376;8.650704
8577386;B;46.820481;8.650588
8577387;A;46.807847;8.664332
8577387;B;46.808296;8.663622
8577388;A;46.801261;8.664215
8577388;B;46.801182;8.664170
8577389;A;46.799263;8.666443
8577389;B;46.798015;8.667143
8577390;A;46.782884;8.670171
8577390;B;46.782448;8.670162
8577391;A;46.775238;8.669820
8577391;B;46.775256;8.668725
8577393;A;46.866429;8.634894
8577393;B;46.866349;8.634759
8577394;A;46.863763;8.632819
8577394;C;46.863579;8.632370
8577395;A;46.874332;8.655591
8577395;B;46.874351;8.655052
8577398;A;47.049148;8.548323
8577398;B;47.049160;8.548602
8577398;C;47.049179;8.548817
8577398;D;47.049197;8.549006
8577398;Z;47.049436;8.548853
8577408;ISAF;47.062674;8.523665
8577463;Ersatz;46.973980;8.762401
8577509;A;47.202219;8.707954
8577509;B;47.202145;8.707595
8577511;A;47.201315;8.707577
8577511;B;47.201456;8.707379
8577512;A;47.200296;8.710227
8577512;B;47.200321;8.710326
8577513;A;47.198856;8.713047
8577513;B;47.198892;8.713119
8577514;A;47.196603;8.714898
8577514;B;47.196756;8.714575
8577515;A;47.196219;8.719488
8577517;A;47.191335;8.715347
8577517;B;47.191323;8.715437
8577518;A;47.190231;8.711592
8577518;B;47.190267;8.711098
8577519;A;47.190713;8.700758
8577519;B;47.190737;8.700435
8577521;A;47.201688;8.711790
8577521;B;47.201761;8.711763
8577522;A;47.198526;8.720351
8577522;B;47.199143;8.719452
8577523;A;47.197348;8.723908
8577523;B;47.197305;8.724043
8577524;A;47.191775;8.720674
8577524;B;47.191000;8.720773
8577525;A;47.189907;8.720881
8577526;A;46.996685;9.077593
8577526;B;46.996783;9.077629
8577526;C;46.996869;9.077665
8577526;D;46.997126;9.077736
8577530;A;47.167956;8.515445
8577530;B;47.168707;8.515831
8577580;A;47.181604;8.461043
8577580;B;47.181549;8.461941
8577580;C;47.182611;8.460800
8577580;D;47.182624;8.460747
8577581;A;47.178185;8.456938
8577581;B;47.177983;8.456533
8577581;C;47.178056;8.456875
8577581;D;47.178307;8.457270
8577604;A;46.475106;6.425811
8577604;B;46.475063;6.425829
8577604;C;46.475131;6.426098
8577612;A;46.845493;6.844893
8577612;B;46.845542;6.844866
8577612;D;46.845039;6.844237
8577612;E;46.845512;6.843968
8577623;A;46.848240;6.852295
8577623;B;46.847920;6.852681
8577623;C;46.848172;6.852223
8577623;D;46.848276;6.851693
8577718;A;46.527882;6.895657
8577718;B;46.527956;6.895324
8577718;C;46.528043;6.895046
8577718;D;46.527666;6.895729
8577725;K;46.619867;7.052763
8577725;L;46.619935;7.052808
8577725;M;46.620009;7.052862
8577727;A;46.603866;7.098865
8577727;B;46.604095;7.098478
8577727;C;46.604144;7.097886
8577737;A;46.582810;7.072858
8577737;B;46.582459;7.073056
8577742;A;46.782780;7.148092
8577742;B;46.781869;7.148784
8577742;C;46.783290;7.148119
8577757;A;46.610346;7.181276
8577757;B;46.610316;7.181734
8577757;C;46.611031;7.179354
8577785;A;46.800007;7.137088
8577785;B;46.799909;7.135687
8577785;C;46.800413;7.137268
8577820;A;46.809390;7.146763
8577820;B;46.809439;7.145829
8577820;C;46.809648;7.145317
8577891;A;46.925486;7.115160
8577891;B;46.925376;7.114720
8577891;C;46.924738;7.114738
8577914;A;47.189223;7.398516
8577914;B;47.189510;7.398444
8577914;C;47.189162;7.399153
8577914;D;47.189113;7.399189
8577934;A;47.152374;7.404310
8577990;A;47.364269;7.950566
8577990;B;47.364336;7.950935
8577990;C;47.364895;7.951069
8577990;D;47.365114;7.950683
8577993;A;47.383219;7.947359
8577993;B;47.383815;7.947988
8577993;C;47.383657;7.946892
8578000;A;47.392743;7.970608
8578000;B;47.393205;7.970689
8578007;A;47.397346;8.008571
8578007;B;47.397377;8.008454
8578024;A;47.319205;7.831755
8578024;B;47.319607;7.832276
8578024;C;47.319753;7.831432
8578037;A;47.350071;7.898581
8578037;B;47.350144;7.898302
8578042;A;47.377665;7.872584
8578042;B;47.378353;7.872287
8578042;C;47.377866;7.871569
8578143;A;47.548080;7.588923
8578143;B;47.547892;7.589569
8578143;D;47.548213;7.589983
8578143;E;47.548189;7.590054
8578143;F;47.548528;7.590414
8578143;G;47.548122;7.590288
8578143;H;47.548431;7.590611
8578143;J;47.548407;7.590683
8578143;K;47.547255;7.590989
8578144;A;47.565685;7.572861
8578144;B;47.566091;7.572870
8578144;C;47.565363;7.573777
8578144;D;47.565739;7.573454
8578144;E;47.565442;7.573274
8578144;F;47.565539;7.573058
8578152;A;47.538220;7.571585
8578152;B;47.537698;7.571522
8578152;C;47.537571;7.571540
8578152;D;47.537455;7.570804
8578152;E;47.537571;7.570831
8578158;A;47.547176;7.552774
8578158;B;47.547461;7.552999
8578158;C;47.546782;7.553349
8578158;D;47.546546;7.553843
8578159;A;47.548171;7.547106
8578159;B;47.548061;7.547456
8578159;C;47.547776;7.546396
8578159;D;47.547655;7.546253
8578169;A;47.564369;7.562261
8578169;B;47.564333;7.562548
8578169;C;47.564460;7.563590
8578169;D;47.563703;7.563375
8578170;A;47.563745;7.556547
8578170;B;47.563581;7.557293
8578170;C;47.563703;7.557580
8578174;A;47.552578;7.544285
8578174;B;47.552718;7.543728
8578174;C;47.553282;7.543091
8578174;D;47.553142;7.543100
8578174;E;47.552530;7.544258
8578176;A;47.527509;7.573256
8578176;B;47.526993;7.573247
8578176;C;47.527606;7.573543
8578176;D;47.527139;7.573337
8578180;A;47.525713;7.603080
8578180;B;47.525671;7.602855
8578186;A;47.525210;7.616195
8578186;B;47.524749;7.616420
8578193;A;47.533234;7.647780
8578193;B;47.533428;7.647780
8578193;C;47.533532;7.647502
8578193;D;47.533610;7.647232
8578194;A;47.533829;7.643127
8578194;B;47.533914;7.642956
8578194;C;47.532846;7.640216
8578218;A;47.494367;7.592965
8578218;B;47.493972;7.592857
8578218;C;47.493329;7.593342
8578218;D;47.493438;7.593217
8578218;E;47.494246;7.593145
8578218;F;47.493669;7.592866
8578220;A;47.489754;7.598553
8578220;B;47.489529;7.597816
8578220;C;47.490221;7.598058
8578240;A;47.391600;7.748940
8578240;B;47.391648;7.748940
8578240;C;47.391965;7.749047
8578240;D;47.392214;7.748948
8578241;A;47.397097;7.749146
8578241;B;47.397115;7.749110
8578241;C;47.396988;7.749002
8578241;D;47.397006;7.749254
8578241;E;47.397073;7.749191
8578250;A;47.427359;7.771191
8578250;B;47.427346;7.771137
8578250;C;47.427067;7.771406
8578250;D;47.426958;7.771002
8578250;E;47.426897;7.770796
8578256;A;47.442440;7.761453
8578256;B;47.442197;7.761992
8578256;C;47.442513;7.760878
8578256;D;47.442252;7.761741
8578256;e;47.442367;7.760995
8578258;A;47.451164;7.750053
8578258;B;47.451164;7.750053
8578258;C;47.451474;7.749991
8578258;D;47.451662;7.749514
8578259;A;47.462747;7.812558
8578259;B;47.462668;7.812756
8578259;C;47.462668;7.812918
8578259;D;47.462589;7.813286
8578259;E;47.462565;7.813052
8578259;F;47.462413;7.813331
8578259;H;47.462389;7.811130
8578267;A;47.491071;7.811157
8578267;B;47.491083;7.811256
8578278;A;47.458125;7.807240
8578278;B;47.457998;7.807087
8578278;C;47.459364;7.807501
8578278;D;47.459407;7.807492
8578296;A;47.423888;7.847826
8578296;B;47.424897;7.847817
8578296;C;47.424527;7.848078
8578306;A;47.555543;7.613797
8578306;B;47.555549;7.614228
8578306;C;47.555585;7.614776
8578306;D;47.556010;7.615423
8578306;E;47.555367;7.615665
8578306;F;47.554991;7.615585
8578351;C;47.522207;7.691807
8578351;D;47.522395;7.691914
8578376;A;47.680990;8.618652
8578376;B;47.680965;8.618051
8578376;D;47.680361;8.618661
8578429;A;47.430452;9.634701
8578429;B;47.430239;9.634620
8578440;A;47.407604;9.629661
8578440;B;47.407762;9.629572
8578441;A;47.406035;9.634072
8578441;B;47.406284;9.633740
8578442;A;47.399456;9.638456
8578442;B;47.400083;9.637656
8578443;A;47.397006;9.640872
8578443;B;47.397729;9.640279
8578445;A;47.388486;9.651733
8578445;B;47.388735;9.651526
8578446;A;47.380482;9.665136
8578446;B;47.380664;9.665010
8578447;A;47.378207;9.669466
8578447;B;47.378785;9.668567
8578453;A;47.410193;9.624478
8578453;B;47.410218;9.624298
8578454;A;47.409604;9.619672
8578454;B;47.409610;9.617319
8578455;A;47.409239;9.614642
8578455;B;47.409160;9.613537
8578456;A;47.407105;9.608767
8578456;B;47.407215;9.608892
8578457;A;47.401901;9.594133
8578457;B;47.401998;9.594259
8578458;A;47.400235;9.587611
8578458;B;47.400508;9.587980
8578459;A;47.396598;9.579715
8578459;B;47.396665;9.579679
8578460;A;47.393655;9.571765
8578460;B;47.393971;9.572493
8578461;A;47.390590;9.566222
8578461;B;47.390316;9.565261
8578462;A;47.382623;9.547771
8578462;B;47.382556;9.547591
8578463;A;47.380457;9.545211
8578463;B;47.380469;9.545049
8578464;A;47.377179;9.538069
8578466;A;47.376589;9.550008
8578466;B;47.376595;9.549819
8578507;A;47.389830;9.276022
8578507;B;47.389842;9.276408
8578507;C;47.389927;9.277666
8578507;E;47.389708;9.276722
8578527;K;47.229914;8.836054
8578567;A;47.119901;9.312107
8578577;A;47.324010;9.087537
8578577;B;47.324034;9.087744
8578578;A;47.320344;9.087393
8578578;B;47.321434;9.087744
8578579;A;47.316398;9.085363
8578579;B;47.317579;9.086666
8578580;A;47.314309;9.084393
8578580;B;47.314424;9.084707
8578581;A;47.307846;9.086315
8578581;B;47.308084;9.086378
8578584;A;47.295681;9.093843
8578584;B;47.295334;9.094553
8578585;A;47.292208;9.097086
8578585;B;47.291581;9.097832
8578586;A;47.286456;9.100832
8578586;B;47.286084;9.101048
8578587;A;47.280594;9.103249
8578587;B;47.280435;9.103581
8578588;A;47.272323;9.111783
8578588;B;47.272348;9.112034
8578589;A;47.269367;9.115160
8578589;B;47.269544;9.115115
8578590;A;47.267185;9.118349
8578590;B;47.266612;9.119239
8578591;A;47.264448;9.120990
8578591;B;47.264423;9.121134
8578592;B;47.261704;9.124566
8578593;B;47.260211;9.126569
8578594;A;47.262076;9.129381
8578601;A;47.462097;9.000356
8578601;B;47.462103;9.000571
8578601;C;47.462207;9.000778
8578678;A;47.466172;8.325793
8578678;B;47.466367;8.325604
8578678;C;47.466191;8.327266
8578678;D;47.465504;8.327302
8578678;E;47.465516;8.326179
8578681;A;47.454341;8.279628
8578681;B;47.454414;8.279601
8578681;C;47.454475;8.279574
8578681;D;47.454523;8.279520
8578688;A;47.419482;8.175010
8578688;B;47.419482;8.175010
8578689;A;47.418345;8.179376
8578689;B;47.418345;8.179376
8578690;A;47.416206;8.181945
8578690;B;47.416206;8.181945
8578691;A;47.412175;8.176142
8578691;B;47.412175;8.176142
8578692;A;47.406941;8.175549
8578692;B;47.406941;8.175549
8578693;A;47.399158;8.178155
8578693;B;47.399158;8.178155
8578694;A;47.398666;8.174202
8578694;B;47.398666;8.174202
8578695;A;47.394592;8.173654
8578695;B;47.394592;8.173654
8578696;A;47.396191;8.179879
8578696;B;47.396191;8.179879
8578697;A;47.392408;8.180643
8578697;B;47.392408;8.180643
8578698;A;47.386114;8.168471
8578698;B;47.386114;8.168471
8578699;A;47.383949;8.168408
8578699;B;47.383949;8.168408
8578700;A;47.384350;8.161679
8578700;B;47.384350;8.161679
8578701;A;47.379016;8.148771
8578701;B;47.379016;8.148771
8578702;A;47.374173;8.143228
8578702;B;47.374173;8.143228
8578703;A;47.346578;8.158958
8578703;B;47.346578;8.158958
8578704;A;47.348221;8.162057
8578704;B;47.348221;8.162057
8578705;A;47.345805;8.187937
8578705;B;47.345805;8.187937
8578706;A;47.329228;8.202786
8578706;B;47.329228;8.202786
8578707;A;47.322591;8.206955
8578708;A;47.323857;8.195923
8578708;B;47.323857;8.195923
8578710;A;47.319376;8.189033
8578710;B;47.319376;8.189033
8578711;A;47.317366;8.186985
8578711;B;47.317366;8.186985
8578716;A;47.312482;8.171830
8578716;B;47.312482;8.171830
8578717;A;47.317622;8.167123
8578717;B;47.317622;8.167123
8578718;A;47.319997;8.161437
8578718;B;47.319997;8.161437
8578719;A;47.321294;8.157610
8578719;B;47.321294;8.157610
8578720;A;47.321659;8.153945
8578720;B;47.321659;8.153945
8578721;A;47.322743;8.146103
8578721;B;47.322743;8.146103
8578722;A;47.323766;8.134586
8578722;B;47.323766;8.134586
8578723;A;47.327365;8.122755
8578723;B;47.327365;8.122755
8578724;A;47.328345;8.119495
8578724;B;47.328345;8.119495
8578726;A;47.389222;8.191899
8578726;B;47.389410;8.192007
8578726;C;47.389514;8.191054
8578728;A;47.390025;8.188359
8578728;B;47.390025;8.188359
8578729;A;47.389891;8.183023
8578729;B;47.389891;8.183023
8578730;A;47.387707;8.181200
8578730;B;47.387707;8.181200
8578732;A;47.386193;8.177104
8578732;B;47.386193;8.177104
8578734;A;47.387276;8.169639
8578734;B;47.387276;8.169639
8578735;A;47.388979;8.170429
8578735;B;47.388979;8.170429
8578736;A;47.390821;8.171220
8578736;B;47.390736;8.171211
8578736;C;47.390645;8.171579
8578736;D;47.390608;8.171453
8578736;E;47.390535;8.171911
8578736;F;47.390389;8.171777
8578737;A;47.390207;8.166216
8578737;B;47.390207;8.166216
8578744;A;47.386461;8.140452
8578744;B;47.386461;8.140452
8578745;2;47.389161;8.163746
8578745;A;47.389161;8.163746
8578747;A;47.387786;8.178433
8578747;B;47.387890;8.178173
8578750;A;47.384076;8.180679
8578750;B;47.384076;8.180679
8578754;A;47.376059;8.184335
8578754;B;47.376059;8.184335
8578755;A;47.368941;8.202732
8578755;B;47.368941;8.202732
8578764;A;47.320112;8.208796
8578764;B;47.320112;8.208796
8578765;A;47.305879;8.222082
8578765;B;47.305879;8.222082
8578767;A;47.296510;8.226942
8578767;B;47.296510;8.226942
8578770;A;47.290435;8.265201
8578770;B;47.290435;8.265201
8578794;A;47.458332;9.023137
8578794;B;47.458593;9.021951
8578794;C;47.458101;9.021412
8578826;A;47.461350;9.041858
8578826;B;47.461247;9.042235
8578833;A;46.490706;8.951694
8578833;B;46.491925;8.952116
8578841;A;46.524816;8.905188
8578841;B;46.524816;8.905188
8578853;A;46.403755;8.973020
8578853;B;46.404814;8.972211
8578881;A;46.172595;8.801028
8578881;S;46.172664;8.802079
8578914;Q;47.477169;8.307171
8578914;R;47.476981;8.307108
8578914;S;47.476768;8.307045
8578914;T;47.476623;8.307009
8578914;U;47.476246;8.306892
8578914;V;47.476034;8.306838
8578951;A;46.175880;8.886746
8578951;B;46.175961;8.886728
8579018;A;46.011261;8.960955
8579018;B;46.011149;8.960821
8579018;C;46.011336;8.959401
8579018;D;46.011841;8.959985
8579033;A;46.253790;6.946843
8579033;B;46.253685;6.946870
8579033;C;46.253635;6.947391
8579034;C;46.244416;6.953966
8579034;D;46.244317;6.954119
8579034;E;46.244068;6.954739
8579034;F;46.244261;6.954631
8579035;M;46.241596;6.964261
8579035;N;46.241472;6.964324
8579036;K;46.240496;6.962599
8579036;L;46.240328;6.962626
8579037;G;46.239521;6.964432
8579037;H;46.239334;6.963659
8579038;C;46.238284;6.956823
8579038;D;46.238092;6.957048
8579039;A;46.238495;6.953904
8579039;B;46.238440;6.953939
8579040;T;46.241006;6.945235
8579041;I;46.245472;6.942989
8579041;J;46.245466;6.943483
8579042;M;46.243963;6.947202
8579042;N;46.243565;6.947606
8579043;B;46.238110;6.947921
8579043;G;46.238160;6.947903
8579044;A;46.235345;6.947058
8579044;L;46.235283;6.947058
8579047;B;46.229858;6.953149
8579047;Y;46.229902;6.952835
8579049;U;46.250691;6.941192
8579049;V;46.250927;6.941642
8579050;C;46.247945;6.936575
8579050;D;46.247846;6.936809
8579053;A;46.227932;6.915617
8579054;E;46.231207;6.919148
8579054;F;46.231145;6.919229
8579057;M;46.240937;6.886943
8579057;N;46.240856;6.886970
8579058;I;46.239098;6.869579
8579058;J;46.239017;6.869606
8579059;B;46.237949;6.860730
8579059;H;46.237924;6.860811
8579061;A;46.255641;6.954541
8579061;B;46.255561;6.954487
8579062;A;46.203752;6.893043
8579062;Y;46.203783;6.892782
8579062;Z;46.203472;6.892899
8579063;B;46.200612;6.884814
8579063;C;46.200712;6.884715
8579064;A;46.189662;6.863776
8579064;B;46.189836;6.864027
8579064;C;46.189718;6.863452
8579065;B;46.185297;6.837096
8579065;C;46.185209;6.837078
8579066;A;46.206357;6.874286
8579066;F;46.206376;6.874052
8579067;B;46.205903;6.865967
8579067;T;46.205984;6.866165
8579071;A;46.827930;6.488864
8579071;B;46.827900;6.488693
8579075;A;46.819368;6.469334
8579075;B;46.819847;6.470969
8579077;A;46.817800;6.463837
8579077;B;46.817837;6.463504
8579088;A;46.711371;6.379476
8579088;B;46.711457;6.379700
8579089;A;46.719211;6.399311
8579089;B;46.718977;6.398960
8579090;A;46.717271;6.388567
8579090;B;46.716199;6.387830
8579091;A;46.722309;6.392223
8579091;B;46.722333;6.392421
8579094;A;46.728756;6.407270
8579094;B;46.728670;6.407333
8579095;A;46.729169;6.413773
8579095;B;46.729119;6.413881
8579096;A;46.733571;6.428641
8579096;B;46.732297;6.428578
8579097;A;46.735714;6.437938
8579097;B;46.735116;6.437264
8579098;A;46.734926;6.443463
8579098;B;46.734599;6.443130
8579099;A;46.740005;6.456192
8579099;B;46.739919;6.456309
8579102;A;46.750636;6.499796
8579102;B;46.750660;6.499634
8579103;A;46.732518;6.510297
8579103;B;46.732401;6.510217
8579114;A;46.296000;7.056087
8579114;B;46.296099;7.055889
8579114;C;46.295733;7.056123
8579115;A;46.733854;6.508869
8579115;B;46.733657;6.509255
8579116;A;46.283591;7.076973
8579116;C;46.283604;7.076919
8579117;C;46.281934;7.115942
8579118;E;46.283784;7.123272
8579119;W;46.292710;7.069966
8579119;X;46.292692;7.070083
8579120;Y;46.306718;7.093071
8579120;Z;46.306644;7.093106
8579121;E;46.317732;7.119194
8579121;F;46.317751;7.119337
8579123;N;46.328948;7.140196
8579124;P;46.339796;7.158477
8579125;A;46.351206;7.155126
8579126;Y;46.300233;7.051982
8579126;Z;46.300326;7.052018
8579127;E;46.302039;7.046861
8579127;F;46.301977;7.046475
8579128;O;46.300866;7.042837
8579128;P;46.300723;7.042657
8579129;M;46.297775;7.039055
8579129;N;46.297794;7.039190
8579130;K;46.295982;7.037132
8579130;L;46.295411;7.035830
8579131;I;46.292822;7.029712
8579131;J;46.292773;7.029748
8579132;K;46.293573;7.001415
8579132;L;46.293716;7.001326
8579146;A;46.605792;6.230859
8579146;B;46.605959;6.231299
8579160;A;46.470145;6.842854
8579160;B;46.470188;6.842863
8579160;C;46.469625;6.841758
8579160;D;46.469656;6.841830
8579174;A;46.462336;6.842297
8579174;B;46.462491;6.842198
8579174;C;46.463085;6.841785
8579174;D;46.463475;6.841300
8579174;E;46.462943;6.841650
8579196;A;46.440253;6.896537
8579196;B;46.440210;6.896043
8579196;C;46.440235;6.894884
8579197;D;46.441615;6.894112
8579198;A;46.443163;6.896375
8579198;B;46.443051;6.896501
8579204;D;46.453363;6.892791
8579204;E;46.453295;6.892198
8579204;F;46.452930;6.892252
8579233;A;46.522084;6.566361
8579233;B;46.522023;6.566990
8579233;D;46.522189;6.563882
8579238;A;46.532511;6.646698
8579238;B;46.533154;6.646976
8579238;C;46.533487;6.647066
8579238;D;46.533110;6.647120
8579239;A;46.543065;6.661520
8579239;B;46.543139;6.661583
8579239;C;46.543189;6.661655
8579239;D;46.543312;6.661601
8579239;E;46.543232;6.661807
8579239;F;46.543158;6.662086
8579254;A;46.519550;6.632944
8579254;B;46.519494;6.633897
8579254;C;46.519346;6.633474
8579254;D;46.519204;6.634481
8579256;A;46.521899;6.666964
8579260;A;46.517127;6.702815
8579260;B;46.517195;6.703139
8579260;C;46.517312;6.702995
8579260;D;46.517251;6.703157
8579284;A;46.823757;6.501135
8579284;B;46.824285;6.501117
8579286;A;46.823216;6.506803
8579286;B;46.823253;6.506713
8579287;A;46.827826;6.534327
8579287;B;46.827949;6.534660
8579289;A;46.778277;6.655079
8579289;B;46.778308;6.654845
8579293;A;46.712054;6.370529
8579293;B;46.712134;6.370457
8579294;A;46.780491;6.637274
8579294;B;46.780658;6.637032
8579295;A;46.777262;6.631435
8579295;B;46.777163;6.631516
8579298;A;46.777957;6.616721
8579298;B;46.777975;6.616919
8579299;A;46.777102;6.610271
8579299;B;46.776985;6.610370
8579302;A;46.778283;6.601656
8579302;B;46.777975;6.600749
8579303;A;46.778677;6.605914
8579303;B;46.778646;6.606085
8579305;A;46.382745;6.229987
8579305;B;46.383185;6.230877
8579306;A;46.382999;6.225541
8579306;B;46.382597;6.226223
8579308;A;46.384034;6.207727
8579308;B;46.383439;6.208113
8579309;A;46.381146;6.204493
8579309;B;46.380948;6.205122
8579310;A;46.374794;6.193363
8579310;B;46.374763;6.193147
8579312;A;46.378537;6.176681
8579312;B;46.378587;6.177292
8579313;A;46.377298;6.170231
8579313;B;46.377583;6.171516
8579314;A;46.373096;6.165569
8579314;B;46.373294;6.166198
8579315;A;46.381419;6.152525
8579316;A;46.351684;6.165030
8579316;B;46.352180;6.165291
8579317;A;46.345260;6.162640
8579317;B;46.344168;6.162425
8579318;A;46.334072;6.156173
8579318;B;46.333972;6.155993
8579319;A;46.345650;6.153046
8579319;B;46.345495;6.152948
8579332;K;46.681951;7.851824
8579332;L;46.681766;7.851680
8579332;M;46.682185;7.851761
8579348;A;46.406220;8.134452
8579348;B;46.406220;8.134389
8579348;C;46.406208;8.134487
8579373;C;46.280996;6.924502
8579373;D;46.280872;6.924798
8579373;G;46.280978;6.925661
8579373;H;46.280953;6.925705
8579373;I;46.281090;6.925705
8579373;J;46.281052;6.925750
8579375;U;46.267907;6.946951
8579375;V;46.267901;6.947067
8579380;J;46.318632;6.926190
8579381;W;46.311999;6.927619
8579381;X;46.312253;6.927673
8579382;Y;46.279450;6.948675
8579382;Z;46.279829;6.948945
8579383;I;46.272763;6.950688
8579383;J;46.273521;6.950643
8579384;A;46.271161;6.951110
8579384;B;46.271093;6.951253
8579384;Y;46.272478;6.951792
8579384;Z;46.272571;6.952547
8579386;K;46.270379;6.947130
8579386;L;46.270379;6.946924
8579409;A;46.291978;7.532050
8579410;A;46.293983;7.532859
8579410;B;46.294399;7.533398
8579454;A;46.298818;7.536066
8579454;B;46.299085;7.536156
8579455;A;46.301412;7.540602
8579455;B;46.300972;7.540647
8579456;A;46.303733;7.539686
8579456;B;46.303702;7.539506
8579457;A;46.307010;7.542345
8579457;B;46.306805;7.542318
8579458;A;46.305167;7.539749
8579458;B;46.304937;7.539524
8579459;A;46.303944;7.526678
8579459;B;46.303671;7.526059
8579460;A;46.309858;7.527065
8579460;B;46.309622;7.526705
8579461;A;46.312340;7.527684
8579461;B;46.311769;7.527370
8579463;A;46.315405;7.518620
8579463;B;46.315033;7.518414
8579464;A;46.310590;7.512063
8579464;B;46.311025;7.513482
8579465;A;46.310938;7.509287
8579465;B;46.310882;7.508892
8579466;A;46.309908;7.505002
8579466;B;46.309709;7.504786
8579467;A;46.312942;7.499612
8579467;B;46.313178;7.499711
8579468;A;46.315945;7.501157
8579468;B;46.315902;7.500537
8579469;A;46.315492;7.493468
8579469;B;46.315908;7.494986
8579470;A;46.313209;7.489380
8579470;B;46.313110;7.489542
8579471;A;46.312359;7.484907
8579471;B;46.312384;7.485473
8579473;A;46.309697;7.473300
8579473;B;46.309629;7.473435
8579474;A;46.292878;7.527451
8579476;A;46.287881;7.511712
8579476;B;46.287701;7.512072
8579477;A;46.291376;7.511182
8579478;A;46.285472;7.505209
8579478;B;46.285547;7.505757
8579479;A;46.282517;7.499019
8579479;B;46.283064;7.499738
8579480;A;46.278345;7.490216
8579480;B;46.278128;7.489452
8579481;A;46.274148;7.479526
8579482;A;46.278178;7.476112
8579482;B;46.278215;7.475501
8579483;A;46.286236;7.483451
8579483;B;46.286093;7.483928
8579484;A;46.284206;7.466958
8579484;B;46.284163;7.466680
8579485;A;46.281679;7.448947
8579485;B;46.281325;7.448669
8579485;C;46.282070;7.448534
8579486;A;46.291190;7.480685
8579486;B;46.291010;7.480217
8579487;A;46.295541;7.477567
8579487;B;46.295535;7.478035
8579488;A;46.293890;7.468162
8579488;B;46.293772;7.468216
8579489;A;46.298216;7.469024
8579489;B;46.298253;7.468692
8579490;A;46.300233;7.470300
8579490;B;46.299432;7.470363
8579491;A;46.302833;7.469617
8579491;B;46.302461;7.469590
8579492;A;46.311496;7.482921
8579493;A;46.320462;7.499846
8579493;B;46.320108;7.499639
8579494;A;46.332422;7.525259
8579494;B;46.332236;7.525493
8579513;A;46.221736;7.389128
8579513;B;46.221723;7.387817
8579516;A;46.210995;7.394249
8579516;B;46.210827;7.394392
8579517;A;46.200302;7.399998
8579517;B;46.199997;7.400034
8579517;C;46.199848;7.400088
8579517;D;46.199792;7.400222
8579518;A;46.202117;7.397051
8579518;B;46.202173;7.397060
8579519;A;46.202832;7.390242
8579519;B;46.202739;7.390251
8579520;A;46.204834;7.384754
8579520;B;46.204747;7.384915
8579521;A;46.202447;7.387143
8579521;B;46.202254;7.387439
8579522;A;46.197690;7.393144
8579522;B;46.197752;7.393198
8579528;A;46.167569;7.396216
8579528;B;46.167662;7.396405
8579528;C;46.167836;7.396333
8579530;A;46.127221;7.389254
8579530;B;46.127327;7.389335
8579531;A;46.119195;7.393719
8579531;B;46.119357;7.393934
8579533;A;46.096968;7.400384
8579533;B;46.097653;7.400726
8579544;A;46.287099;7.706970
8579544;B;46.287130;7.706925
8579545;A;46.294914;7.706072
8579545;B;46.294957;7.706144
8579546;A;46.293679;7.715271
8579554;A;46.315368;7.739444
8579554;B;46.315436;7.739390
8579555;A;46.314772;7.744169
8579555;B;46.314884;7.743873
8579556;A;46.315145;7.746766
8579556;B;46.315213;7.746819
8579557;A;46.315343;7.754311
8579557;B;46.315120;7.753638
8579559;A;46.313693;7.770391
8579559;B;46.313761;7.770418
8579560;A;46.314245;7.779797
8579560;B;46.314338;7.779788
8579561;A;46.311800;7.780991
8579561;B;46.311900;7.780964
8579562;A;46.310578;7.790639
8579562;B;46.310801;7.790406
8579565;A;46.304379;7.794754
8579565;B;46.304416;7.794754
8579592;A;46.904752;6.581785
8579592;B;46.904746;6.582001
8579592;D;46.904813;6.582163
8579625;A;46.996869;6.934374
8579625;B;46.996507;6.933521
8579625;C;46.996740;6.934006
8579627;A;46.998394;6.936907
8579627;B;46.998474;6.937312
8579627;C;46.998486;6.937635
8579627;D;46.998247;6.937437
8579627;E;46.998137;6.937536
8579627;F;46.997849;6.936889
8579657;A;46.941956;6.828292
8579657;B;46.941312;6.827502
8579669;A;46.630824;6.677636
8579669;B;46.630688;6.677546
8579695;A;47.140656;9.485131
8579695;B;47.140772;9.485374
8579696;A;47.115219;9.490557
8579696;B;47.115518;9.490180
8579697;A;47.092907;9.501687
8579697;B;47.092913;9.501858
8579698;A;47.062472;9.459754
8579698;B;47.062086;9.459413
8579719;A;46.825687;6.496733
8579719;B;46.826381;6.496625
8579727;A;47.176237;9.450582
8579727;B;47.176603;9.449648
8579740;A;46.782860;6.572596
8579740;B;46.782817;6.572703
8579746;A;46.960236;7.028850
8579746;B;46.960120;7.028185
8579820;A;46.978197;9.573032
8579820;B;46.978540;9.573014
8579872;A;46.919253;8.996080
8579872;B;46.919253;8.996080
8579880;A;47.059467;9.410553
8579880;B;47.059565;9.410095
8579881;A;47.056682;9.414165
8579881;B;47.056652;9.414156
8579882;A;47.046094;9.424522
8579882;B;47.046106;9.424621
8579883;A;47.049803;9.419824
8579883;B;47.049613;9.419896
8579884;A;47.046051;9.429660
8579884;B;47.046063;9.429562
8579885;A;47.053549;9.417021
8579885;B;47.053420;9.417066
8579886;A;47.039850;9.435185
8579886;B;47.040174;9.434952
8579888;A;47.048291;9.429256
8579888;B;47.048273;9.429292
8579889;A;47.057405;9.401355
8579889;B;47.057362;9.401346
8579890;A;47.050305;9.431996
8579890;B;47.050342;9.431879
8579893;A;47.048812;9.435401
8579893;B;47.048603;9.435949
8579896;A;46.946427;7.437521
8579896;B;46.946850;7.437745
8579896;C;46.946985;7.438140
8579896;D;46.945979;7.438086
8579896;E;46.947157;7.437206
8579896;F;46.947335;7.436128
8579897;A;46.945826;7.434673
8579897;B;46.945887;7.433936
8579897;C;46.945771;7.435697
8579897;D;46.946022;7.432400
8579898;A;46.942392;7.400708
8579898;B;46.942717;7.400959
8579898;C;46.942116;7.400285
8579898;D;46.942238;7.399854
8579900;A;46.941637;7.393737
8579900;B;46.941588;7.393225
8579900;C;46.941551;7.392120
8579900;D;46.941435;7.392317
8579905;A;46.753861;6.488980
8579905;B;46.753836;6.488882
8579906;A;46.729440;6.417879
8579906;B;46.729323;6.418005
8579907;A;46.729138;6.410692
8579907;B;46.729039;6.410791
8579909;A;46.730191;6.388585
8579909;B;46.730252;6.388782
8579910;A;46.713391;6.382126
8579910;B;46.713311;6.382126
8579912;A;46.711950;6.375272
8579912;B;46.711993;6.375290
8579936;A;46.194339;9.027970
8579936;B;46.194376;9.027871
8579936;C;46.194936;9.028338
8579936;D;46.194948;9.028123
8579970;O;46.247684;7.022077
8579970;P;46.248243;7.022535
8579972;M;46.251386;6.955682
8579972;N;46.251473;6.955745
8579973;G;46.254120;6.951550
8579973;H;46.253840;6.951047
8580003;EV;46.907508;8.395493
8580033;A;47.057821;9.405199
8580033;B;47.057821;9.405074
8580068;A;45.845694;9.013947
8580068;B;45.845819;9.013956
8580179;A;46.698280;9.440171
8580179;B;46.698354;9.440135
8580179;C;46.698409;9.440099
8580179;D;46.698453;9.440090
8580179;E;46.698520;9.440063
8580179;F;46.698533;9.440009
8580179;I;46.697917;9.440512
8580201;A;47.105632;9.525008
8580201;B;47.105669;9.525169
8580265;D;47.506529;8.760200
8580265;E;47.506741;8.760874
8580398;A;46.359954;6.977439
8580410;S;46.253896;6.954308
8580410;T;46.253728;6.954568
8580458;A;47.497833;8.732137
8580458;B;47.497462;8.733547
8580458;C;47.498421;8.733843
8580458;D;47.498312;8.733888
8580471;A;46.686961;6.909949
8580471;B;46.686653;6.910704
8580471;C;46.687423;6.909904
8580479;A;47.409829;9.068744
8580479;B;47.409786;9.068448
8580479;Bfpl;47.409829;9.068744
8580522;A;47.390280;8.523368
8580522;B;47.389964;8.523602
8580522;C;47.390444;8.522281
8580522;D;47.390110;8.521868
8580567;A;46.928689;7.451651
8580567;B;46.929167;7.451741
8580567;C;46.929020;7.451561
8580573;A;47.034107;8.277266
8580573;B;47.034076;8.277302
8580573;C;47.034052;8.277391
8580573;D;47.033991;8.277454
8580573;E;47.034254;8.276331
8580603;A;46.399542;6.173196
8580603;B;46.399512;6.173268
8580637;A;47.412054;8.235593
8580637;B;47.412054;8.235593
8580669;B;46.257964;7.001308
8580669;H;46.257915;7.001523
8580684;A;47.478748;9.470660
8580684;B;47.478663;9.470785
8580684;C;47.479233;9.470408
8580684;D;47.479264;9.470687
8580684;E;47.479270;9.469096
8580685;A;47.477497;9.462503
8580685;B;47.477691;9.463976
8580689;A;47.437209;9.405828
8580689;B;47.437312;9.405729
8580689;C;47.436881;9.405738
8580689;D;47.437081;9.406062
8580696;A;45.955875;8.947867
8580696;B;45.955132;8.949008
8580696;C;45.954813;8.947301
8580718;A;47.473732;9.466123
8580718;B;47.473805;9.465934
8580751;A;46.315083;7.742121
8580751;B;46.315200;7.741762
8580770;A;47.044264;9.440782
8580770;B;47.044337;9.440925
8580792;A;46.652441;8.523557
8580792;B;46.652460;8.523557
8580821;A;47.258382;8.181101
8580821;B;47.258107;8.180517
8580821;C;47.257376;8.180436
8580870;A;47.505777;9.427001
8580870;B;47.505989;9.427073
8580882;A;47.126056;9.486191
8580882;B;47.125995;9.486317
8580900;B;46.271062;7.025508
8580900;I;46.271037;7.025427
8580939;A;46.943293;7.406789
8580939;B;46.943195;7.406196
8580939;C;46.943085;7.406619
8580939;E;46.943250;7.406151
8581044;A;46.853566;9.530514
8581044;B;46.853154;9.529733
8581044;C;46.852915;9.529320
8581044;D;46.853111;9.529400
8581044;E;46.853572;9.530245
8581044;F;46.852946;9.528960
8581046;S;46.317980;6.957838
8581046;T;46.317881;6.957883
8581047;U;46.316919;6.954335
8581047;V;46.316907;6.954568
8581048;Q;46.315368;6.949089
8581048;R;46.315244;6.948891
8581050;D;46.319029;6.937563
8581050;E;46.318718;6.937653
8581062;A;47.556137;7.575610
8581062;B;47.555598;7.575879
8581062;D;47.555470;7.575771
8581062;E;47.555119;7.575870
8581062;F;47.554809;7.575960
8581071;A;46.837733;7.501813
8581071;B;46.837038;7.503439
8581273;A;47.204532;8.759571
8581273;B;47.204251;8.759284
8581274;A;47.203616;8.756975
8581274;B;47.203561;8.757146
8581274;C;47.203506;8.757927
8581319;A;46.870936;8.740392
8581319;B;46.870936;8.740392
8581321;A;46.911533;8.557055
8581321;B;46.911533;8.557055
8581394;A;47.468292;9.424863
8581394;B;47.468188;9.425070
8581481;A;47.475366;9.490162
8581481;B;47.475536;9.490809
8581484;A;47.478122;9.517282
8581484;B;47.478086;9.517282
8581486;A;47.479670;9.526723
8581486;B;47.479610;9.527756
8581487;A;47.480624;9.533425
8581487;B;47.480642;9.533748
8581488;A;47.483586;9.543055
8581488;B;47.483131;9.542228
8581489;A;47.488558;9.551122
8581489;B;47.488631;9.551194
8581490;A;47.490391;9.552802
8581491;A;47.490683;9.561695
8581492;A;47.482184;9.570462
8581493;A;47.476677;9.577667
8581493;B;47.476629;9.577559
8581494;A;47.472214;9.583075
8581494;B;47.472008;9.583245
8581508;A;47.485395;9.547510
8581508;B;47.485274;9.547358
8581508;C;47.485626;9.548508
8581509;A;47.490215;9.557140
8581531;A;47.481419;9.537099
8581531;B;47.481413;9.537359
8581534;Kante A;47.195511;8.526467
8581534;Kante B;47.195450;8.526557
8581534;Kante C;47.195108;8.526189
8581608;A;47.042176;9.416563
8581608;B;47.042145;9.416572
8581608;C;47.041588;9.418153
8581622;A;47.477157;9.511380
8581622;B;47.477102;9.511362
8581714;A;46.360556;8.968977
8581714;B;46.360661;8.969112
8581714;C;46.359483;8.969256
8581714;D;46.359899;8.968286
8581717;A;47.640773;9.195964
8581717;B;47.640773;9.195964
8581717;D;47.640773;9.195964
8581719;A;47.438206;8.269899
8581719;B;47.437792;8.270142
8581719;C;47.437865;8.269495
8581719;D;47.437896;8.269720
8581749;I;47.480836;8.210018
8581749;K;47.480587;8.209820
8581749;L;47.480344;8.209641
8581749;M;47.480478;8.209605
8581749;N;47.480697;8.209784
8581749;O;47.480964;8.209973
8581771;A;46.170916;8.856158
8581771;B;46.170959;8.856212
8581771;C;46.170990;8.856248
8581771;D;46.171376;8.856068
8581771;E;46.171196;8.855951
8581772;A;47.047367;9.426265
8581772;B;47.047324;9.426319
8581845;K;46.319593;6.956967
8581845;P;46.319159;6.955826
8581914;B;46.547773;6.552428
8581914;C;46.547662;6.552428
8581931;A;46.977388;9.302621
8581953;A;46.730178;6.525883
8581953;B;46.730129;6.526180
8581988;B;47.165257;9.472851
8581989;A;47.122896;9.487153
8581989;B;47.123165;9.487476
8582000;A;47.060721;9.398085
8582000;B;47.060721;9.398004
8582007;E;46.243410;6.991004
8582051;A;46.777717;6.651809
8582051;B;46.777865;6.652007
8582061;A;46.882518;8.610145
8582061;B;46.882432;8.610154
8582111;A;47.133176;8.241279
8582111;B;47.133494;8.241243
8582114;B;46.235463;7.025670
8582114;C;46.235886;7.025580
8582118;A;47.088466;8.248645
8582118;B;47.088430;8.248565
8582163;A;47.546758;9.298569
8582163;B;47.546582;9.298551
8582182;1;47.451116;7.156528
8582182;2;47.451146;7.156501
8582183;1;47.474200;7.154955
8582237;A;46.343647;6.936027
8582424;O;46.276135;6.949699
8582424;P;46.276340;6.949789
8582425;M;46.276706;6.941183
8582430;A;46.357921;6.973756
8582430;D;46.357884;6.974017
8582434;W;46.252045;6.938390
8582438;B;46.303460;6.932542
8582438;V;46.303597;6.932551
8582439;B;46.290836;6.936746
8582439;P;46.290706;6.936800
8582453;A;47.558817;8.859410
8582639;A;46.104810;7.075886
8582639;B;46.104598;7.075005
8582639;C;46.105651;7.074224
8582709;A;46.841628;9.311478
8582709;B;46.841665;9.311855
8582710;Q;46.259927;6.946528
8582710;R;46.259772;6.946609
8582727;A;47.467575;7.602712
8582727;B;47.467848;7.602829
8582727;E;47.468073;7.602793
8582728;A;47.366021;8.228963
8582728;B;47.366021;8.228963
8583270;K;46.228006;7.358675
8583270;L;46.228168;7.358163
8583286;A;46.230722;7.383658
8583286;B;46.230815;7.383253
8583317;A;47.556768;8.885138
8583317;B;47.556762;8.884024
8583318;A;47.557501;8.907631
8583318;B;47.557568;8.907703
8583319;A;47.564133;8.899106
8583319;B;47.564260;8.899610
8583320;A;47.554397;8.908314
8583320;B;47.554446;8.908413
8583321;A;47.559417;8.913030
8583321;B;47.559684;8.912554
8583323;A;47.551536;8.909320
8583323;B;47.551111;8.909266
8583324;A;47.565242;8.904703
8583324;B;47.565521;8.905431
8583325;A;47.559520;8.879559
8583325;B;47.559380;8.879353
8583325;C;47.561229;8.879559
8583326;B;47.552324;8.881733
8583327;B;47.559593;8.882299
8583327;C;47.561338;8.881634
8583328;A;47.560635;8.893483
8583328;B;47.560550;8.893321
8583329;B;47.559962;8.901739
8583330;A;47.564315;8.902089
8583330;B;47.564484;8.902376
8583331;A;47.565963;8.918654
8583332;A;47.561332;8.911386
8583332;B;47.561375;8.911234
8583333;A;47.548510;8.907137
8583333;B;47.548643;8.907030
8583335;B;47.561151;8.886826
8583337;A;47.545539;8.912644
8583337;B;47.545290;8.912734
8583338;A;47.564975;8.915950
8583339;B;47.554064;8.878805
8583340;A;47.568970;8.913246
8583352;A;46.865182;8.785047
8583352;B;46.865341;8.785173
8583353;A;46.866656;8.773315
8583353;B;46.866656;8.773315
8583354;A;46.871784;8.764647
8583354;B;46.871784;8.764647
8583355;A;46.869530;8.773118
8583355;B;46.869530;8.773118
8583365;A;46.664298;8.558133
8583365;B;46.664298;8.558007
8583381;O;46.249964;6.947912
8583381;P;46.250038;6.947948
8583382;M;46.261331;6.955503
8583382;N;46.261560;6.955449
8583385;K;46.258070;6.945738
8583385;L;46.257871;6.945873
8583386;G;46.260082;6.948900
8583386;H;46.260157;6.949080
8583387;K;46.281419;6.932685
8583387;L;46.281555;6.932604
8583387;M;46.280810;6.932317
8583389;S;46.265082;6.954613
8583389;T;46.265125;6.954766
8583404;B;46.341570;6.956266
8583404;E;46.341712;6.956473
8583543;S;46.278060;6.936350
8583543;T;46.278010;6.936207
8583639;A;46.959482;10.397290
8583639;B;46.959488;10.397380
8583639;C;46.959310;10.397586
8583639;D;46.959151;10.397874
8583666;C;46.284504;6.942225
8583666;D;46.284628;6.942198
8583718;I;46.256598;6.951900
8583718;J;46.257250;6.951424
8583718;Z;46.257194;6.950679
8583719;S;46.251958;6.946870
8583719;T;46.252138;6.947139
8583720;K;46.258995;6.954434
8583720;L;46.258890;6.954469
8583721;U;46.248703;6.953939
8583721;V;46.248597;6.953984
8583750;B;46.284312;6.929335
8583750;R;46.284212;6.929182
8583765;B;46.345160;6.962653
8583765;H;46.345160;6.962851
8583867;A;46.618128;7.167361
8583867;B;46.618701;7.168565
8583881;A;46.460350;9.797907
8583881;B;46.460628;9.798042
8584515;A;46.771109;6.506210
8584515;B;46.771085;6.506066
8584837;A;46.349427;7.170182
8584837;B;46.349247;7.170335
8584838;A;46.350115;7.158953
8584839;A;46.348559;7.158234
8584840;A;46.347951;7.157093
8584841;A;46.347511;7.155872
8584842;A;46.352806;7.153159
8586294;G;46.394456;7.100311
8586294;H;46.394493;7.100347
8587017;A;47.507803;8.760119
8587020;B;47.405719;8.404467
8587020;C;47.405774;8.404422
8587020;D;47.405828;8.404386
8587020;E;47.405883;8.404350
8587020;F;47.405956;8.404332
8587020;G;47.405992;8.404296
8587020;K;47.404959;8.405177
8587020;L;47.404722;8.405231
8587028;G;46.189992;6.043569
8587028;H;46.189637;6.043928
8587029;Q;46.276892;6.223277
8587029;R;46.276874;6.223160
8587030;C;46.154571;6.007007
8587030;D;46.154540;6.006909
8587031;G;46.169503;6.001141
8587031;L;46.169553;6.001510
8587031;M;46.169703;6.001276
8587032;K;46.151939;5.993730
8587033;A;46.149169;6.104070
8587033;Z;46.148939;6.104313
8587034;Q;46.176726;6.075836
8587034;R;46.177099;6.076833
8587034;S;46.177285;6.075109
8587035;C;46.279028;6.114581
8587035;D;46.279165;6.114527
8587035;W;46.279643;6.114087
8587035;X;46.280469;6.114751
8587035;Z;46.279742;6.114212
8587036;A;46.171768;6.142366
8587036;B;46.171917;6.142383
8587037;G;46.183655;6.135844
8587037;H;46.183518;6.135844
8587037;I;46.183213;6.135655
8587037;J;46.183263;6.135080
8587037;K;46.182572;6.136176
8587038;S;46.172900;6.020015
8587038;T;46.172993;6.020006
8587039;C;46.243099;6.140632
8587039;D;46.242621;6.141647
8587039;E;46.243689;6.141018
8587039;F;46.243484;6.139814
8587040;V;46.150233;5.969934
8587040;W;46.150159;5.970015
8587042;R;46.218690;6.198690
8587042;S;46.218466;6.197962
8587043;A;46.222923;6.223061
8587043;B;46.222910;6.222747
8587044;M;46.270031;6.122459
8587044;N;46.270006;6.122279
8587045;N;46.254343;6.205310
8587045;O;46.253964;6.204727
8587046;V;46.217534;6.183427
8587046;W;46.217385;6.182987
8587047;I;46.212679;6.183778
8587047;J;46.212474;6.184568
8587047;K;46.212052;6.183445
8587048;I;46.256126;6.133508
8587048;J;46.256188;6.132978
8587050;T;46.151546;6.122297
8587050;U;46.151609;6.122423
8587051;O;46.173503;6.084631
8587051;P;46.173323;6.084532
8587053;L;46.263020;6.223753
8587054;N;46.240260;6.244603
8587054;O;46.240440;6.244917
8587055;R;46.194724;5.995042
8587055;S;46.193990;5.994826
8587056;Y;46.193400;6.176591
8587056;Z;46.193275;6.177094
8587057;A;46.209652;6.142330
8587057;B;46.210100;6.142833
8587057;C;46.210460;6.143246
8587057;D;46.209895;6.142949
8587057;E;46.210398;6.143632
8587057;F;46.209397;6.142303
8587057;G;46.209360;6.142240
8587057;H;46.209919;6.141458
8587057;I;46.209577;6.141844
8587057;J;46.210516;6.141539
8587057;K;46.208887;6.140210
8587057;L;46.208912;6.139796
8587057;P;46.209335;6.142258
8587058;A;46.222363;6.138943
8587058;E;46.222003;6.139203
8587058;G;46.222687;6.139715
8587058;H;46.222786;6.140183
8587058;I;46.221736;6.137820
8587058;J;46.222668;6.138188
8587058;K;46.223986;6.137452
8587058;M;46.222363;6.137685
8587058;Y;46.221096;6.141234
8587058;Z;46.220915;6.141674
8587059;A;46.211349;6.171794
8587059;B;46.211542;6.172136
8587059;D;46.211405;6.171929
8587059;Z;46.211573;6.172450
8587061;A;46.201682;6.152723
8587061;B;46.201719;6.152867
8587061;C;46.201906;6.152256
8587061;D;46.201918;6.152445
8587061;E;46.201657;6.152067
8587061;F;46.201632;6.151852
8587061;G;46.201439;6.153496
8587061;H;46.201502;6.153514
8587061;I;46.202005;6.153505
8587061;J;46.202639;6.153936
8587061;K;46.202826;6.153559
8587061;L;46.201719;6.153145
8587061;N;46.202733;6.154205
8587061;Z;46.201601;6.153702
8587062;A;46.200687;6.129466
8587062;B;46.201017;6.130032
8587062;C;46.200463;6.129789
8587062;D;46.200295;6.129448
8587062;E;46.201209;6.130948
8587062;G;46.201290;6.129520
8587064;S;46.264852;6.155634
8587064;T;46.264641;6.155104
8587065;B;46.256921;6.153523
8587065;S;46.257026;6.152939
8587066;I;46.252455;6.257889
8587067;P;46.300978;6.244100
8587067;Q;46.300270;6.243956
8587067;R;46.300978;6.243704
8587068;M;46.236501;6.271992
8587068;N;46.236383;6.271974
8587069;H;46.234780;6.203918
8587069;I;46.234680;6.203702
8587070;I;46.144302;6.137461
8587070;J;46.143979;6.137533
8587071;F;46.247976;6.216620
8587071;G;46.247939;6.216288
8587071;H;46.246845;6.215920
8587071;I;46.246516;6.215497
8587072;M;46.173547;6.041404
8587072;N;46.173423;6.041584
8587073;A;46.178424;5.999830
8587073;B;46.178598;5.999506
8587074;O;46.155903;6.036553
8587074;P;46.155958;6.036490
8587075;A;46.173895;6.129852
8587075;B;46.173920;6.129771
8587075;C;46.173541;6.129403
8587075;D;46.173989;6.129565
8587075;E;46.173671;6.129340
8587075;F;46.173665;6.129187
8587075;G;46.173877;6.128972
8587075;H;46.174287;6.128738
8587075;J;46.173566;6.129322
8587076;A;46.162996;6.071533
8587076;T;46.162822;6.070626
8587076;U;46.163021;6.072297
8587076;V;46.162747;6.070797
8587077;E;46.245758;6.231559
8587077;F;46.245796;6.231460
8587080;A;46.183238;6.099839
8587080;B;46.183574;6.100549
8587080;C;46.183505;6.098752
8587080;D;46.183754;6.099579
8587080;Z;46.183257;6.099705
8587081;E;46.156245;6.092392
8587081;F;46.156357;6.092698
8587082;Q;46.189867;6.120815
8587082;R;46.190234;6.118937
8587082;S;46.190191;6.119009
8587082;T;46.190558;6.119620
8587082;U;46.189867;6.120824
8587083;C;46.168639;6.118201
8587083;D;46.168527;6.118156
8587084;P;46.233748;6.139419
8587084;Q;46.234711;6.139473
8587085;A;46.219436;6.253254
8587085;B;46.219343;6.253496
8587085;E;46.219144;6.253523
8587085;F;46.218709;6.253496
8587086;O;46.210883;6.232017
8587086;P;46.211020;6.232251
8587087;M;46.188593;6.013709
8587087;N;46.188450;6.013628
8587089;N;46.144221;6.011364
8587089;O;46.144172;6.011382
8587091;R;46.142796;6.040353
8587091;S;46.142759;6.040479
8587093;E;46.159910;6.148088
8587093;F;46.160009;6.148267
8587094;A;46.221388;6.202966
8587094;B;46.221307;6.203083
8587094;C;46.221692;6.202526
8587094;Z;46.221729;6.202669
8587095;A;46.279618;6.165389
8587095;B;46.279873;6.165138
8587097;P;46.239365;6.197585
8587097;Q;46.239396;6.197468
8587097;R;46.239918;6.198546
8587098;A;46.283113;7.070613
8587098;B;46.283169;7.070819
8587098;Y;46.282890;7.070478
8587098;Z;46.282772;7.070370
8587101;A;47.406734;8.215174
8587101;B;47.406734;8.215174
8587102;A;47.400958;8.214482
8587102;B;47.400958;8.214482
8587110;A;46.310932;7.499010
8587110;B;46.310814;7.499082
8587111;A;46.306848;7.528466
8587111;B;46.306681;7.528376
8587112;A;47.367341;8.230338
8587112;B;47.367341;8.230338
8587113;A;47.418436;8.216396
8587113;B;47.418436;8.216396
8587122;A;45.832539;9.031410
8587122;B;45.832214;9.032138
8587122;C;45.832577;9.031446
8587122;D;45.832270;9.032192
8587135;A;47.538638;9.327513
8587135;B;47.538681;9.327738
8587136;A;47.527466;9.405675
8587136;B;47.527108;9.406385
8587137;A;47.554737;9.371530
8587137;B;47.554797;9.371584
8587138;A;47.550323;9.301597
8587138;B;47.550384;9.301381
8587138;C;47.550475;9.300986
8587138;D;47.550420;9.300932
8587138;E;47.550341;9.301183
8587138;F;47.550244;9.301561
8587139;A;47.544441;9.286792
8587139;B;47.544375;9.288248
8587140;A;47.545212;9.293233
8587140;B;47.545224;9.293898
8587141;A;47.543453;9.307355
8587141;B;47.543580;9.307301
8587143;B;47.544823;9.281403
8587145;A;47.544963;9.299710
8587145;B;47.545163;9.299297
8587146;B;47.544538;9.275752
8587147;A;47.548765;9.305953
8587147;B;47.548880;9.305819
8587148;A;47.540536;9.297419
8587148;B;47.540494;9.297572
8587150;A;47.546388;9.301848
8587150;B;47.546485;9.302225
8587152;A;47.520702;9.414659
8587152;B;47.520933;9.414048
8587153;A;47.519653;9.420013
8587153;B;47.519786;9.420004
8587158;A;47.543890;9.382580
8587158;B;47.544029;9.382499
8587159;A;47.537965;9.387691
8587159;B;47.538317;9.387260
8587160;A;47.548540;9.377684
8587160;B;47.548953;9.377414
8587161;A;47.541506;9.379418
8587161;B;47.541482;9.379588
8587162;A;47.546115;9.377711
8587162;B;47.546067;9.377882
8587163;A;47.533265;9.398866
8587163;B;47.533550;9.398767
8587167;A;47.522638;9.411676
8587167;B;47.522043;9.412664
8587168;A;47.525216;9.408469
8587168;B;47.525258;9.408640
8587169;A;47.529413;9.403412
8587169;B;47.529310;9.403753
8587170;A;47.530214;9.310553
8587170;B;47.530505;9.310616
8587175;A;47.555858;9.325689
8587175;B;47.555901;9.325528
8587176;A;47.551402;9.313661
8587176;B;47.551384;9.313356
8587177;A;47.553579;9.318719
8587177;B;47.553433;9.318197
8587180;A;47.517669;9.336873
8587181;A;47.518270;9.332427
8587181;B;47.518379;9.332103
8587182;A;47.521479;9.324549
8587182;B;47.521515;9.324620
8587183;A;47.518961;9.328124
8587183;B;47.519010;9.327450
8587184;A;47.521904;9.316167
8587184;B;47.522019;9.316320
8587185;A;47.529498;9.370488
8587185;B;47.529516;9.370578
8587186;A;47.529977;9.364955
8587186;B;47.530086;9.364982
8587187;A;47.526896;9.377154
8587187;B;47.527084;9.376669
8587193;A;47.525082;9.388733
8587193;B;47.525228;9.388688
8587194;A;47.569176;9.376336
8587194;B;47.569418;9.376408
8587195;A;47.565297;9.378969
8587195;B;47.564939;9.379157
8587195;C;47.564775;9.379202
8587195;D;47.566157;9.377073
8587195;E;47.566139;9.377154
8587196;A;47.570837;9.372923
8587196;B;47.571024;9.372375
8587197;A;47.563575;9.376633
8587197;B;47.563678;9.377010
8587198;A;47.561526;9.352091
8587198;B;47.561084;9.350519
8587199;A;47.560332;9.368288
8587199;B;47.560344;9.368413
8587200;A;47.572449;9.366680
8587200;B;47.572376;9.366931
8587201;A;47.564394;9.361406
8587201;B;47.564406;9.361029
8587202;A;47.566836;9.366266
8587202;B;47.565618;9.365575
8587203;A;47.556313;9.335301
8587203;B;47.556828;9.336595
8587204;A;47.562175;9.370668
8587204;B;47.562102;9.370704
8587205;A;47.559126;9.344437
8587205;B;47.559156;9.344374
8587206;A;47.570121;9.366194
8587206;B;47.569673;9.366123
8587207;A;47.553936;9.374198
8587207;B;47.553918;9.374351
8587208;A;47.552112;9.374243
8587208;B;47.551839;9.374387
8587217;A;47.534041;9.343099
8587217;B;47.533999;9.344321
8587218;A;47.532688;9.356771
8587218;B;47.532379;9.358756
8587220;A;47.521030;9.409826
8587220;B;47.521151;9.409655
8587221;A;47.521667;9.404508
8587221;B;47.521806;9.404355
8587230;A;47.410279;8.225361
8587230;B;47.410279;8.225361
8587242;A;46.996832;7.711165
8587242;B;46.996857;7.710411
8587242;C;46.996887;7.709971
8587259;A;47.156205;8.438998
8587259;B;47.155600;8.440103
8587259;C;47.155618;8.440319
8587261;A;46.828778;6.551045
8587261;B;46.828637;6.550219
8587276;A;47.152857;7.267047
8587276;B;47.153694;7.267847
8587276;C;47.153211;7.266427
8587284;A;47.199350;8.453874
8587284;B;47.199521;8.453704
8587285;A;47.197226;8.453380
8587285;B;47.197537;8.453353
8587291;A;46.883672;8.619317
8587291;B;46.883862;8.619551
8587319;A;46.301722;7.704383
8587319;B;46.301785;7.704509
8587326;A;47.184980;8.531201
8587326;B;47.184962;8.531121
8587326;C;47.184803;8.531660
8587336;A;47.479519;9.250986
8587336;B;47.479112;9.250815
8587357;A;46.539030;6.633798
8587357;B;46.538765;6.633735
8587357;C;46.539277;6.634364
8587357;D;46.539407;6.634220
8587381;G;46.227261;6.038898
8587382;K;46.220468;6.225055
8587382;L;46.221120;6.224651
8587384;B;46.205922;6.180849
8587384;S;46.204865;6.180310
8587384;T;46.205052;6.180777
8587385;X;46.219256;6.185197
8587385;Y;46.219256;6.184982
8587386;A;46.178809;6.089814
8587386;B;46.178641;6.088979
8587386;C;46.178013;6.088449
8587386;D;46.178026;6.088601
8587386;E;46.178312;6.088287
8587386;F;46.178629;6.088035
8587387;A;46.204871;6.143461
8587387;B;46.204529;6.143452
8587387;C;46.205064;6.142976
8587387;D;46.204237;6.142060
8587387;E;46.203914;6.143839
8587387;F;46.203659;6.144647
8587387;G;46.203329;6.142518
8587387;Z;46.203926;6.143740
8587388;K;46.200936;6.043605
8587388;L;46.200743;6.043964
8587389;A;46.214358;6.037290
8587389;B;46.214470;6.037568
8587401;A;46.878655;8.644120
8587401;B;46.878741;8.643976
8587405;3;47.286925;9.532760
8587405;A;47.286931;9.532679
8587405;B;47.286804;9.532598
8587407;A;47.149460;9.483020
8587407;B;47.148587;9.483694
8587408;A;47.119375;9.486003
8587408;B;47.119058;9.486173
8587415;V;46.222581;6.027516
8587415;Z;46.222357;6.027157
8587416;S;46.210634;6.020105
8587418;A;46.188176;6.113467
8587418;B;46.187989;6.112604
8587418;C;46.188779;6.112299
8587418;D;46.189171;6.112029
8587418;E;46.188562;6.113458
8587418;F;46.188269;6.114643
8587418;Y;46.188157;6.113673
8587418;Z;46.188207;6.112991
8587419;A;46.208471;6.027848
8587419;O;46.207992;6.027372
8587419;P;46.208434;6.027830
8587425;A;46.763535;8.659418
8587425;B;46.763141;8.658717
8587426;A;46.755879;8.644398
8587426;B;46.756199;8.643419
8587427;A;46.749823;8.642943
8587427;B;46.749620;8.642772
8587428;A;46.734162;8.631489
8587428;B;46.734218;8.631391
8587429;A;46.718103;8.614664
8587429;B;46.717998;8.614439
8587430;A;46.714210;8.608376
8587430;B;46.714229;8.608286
8587431;A;46.695199;8.596320
8587431;B;46.695033;8.596186
8587433;L;46.253399;6.216611
8587433;M;46.253002;6.216980
8587437;A;46.179649;6.138027
8587437;B;46.179836;6.138584
8587437;C;46.179357;6.139024
8587437;D;46.180638;6.138224
8587437;E;46.180638;6.138224
8587437;V;46.179705;6.137973
8587437;W;46.180507;6.138485
8587469;A;47.294298;9.538231
8587469;B;47.294956;9.538932
8587477;D;46.144638;5.965963
8587477;E;46.144333;5.965532
8587479;A;46.947181;7.465539
8587479;B;46.947047;7.465791
8587479;C;46.947856;7.465844
8587479;D;46.947684;7.465907
8587480;A;46.945011;7.471791
8587480;B;46.945244;7.471198
8587480;C;46.945299;7.471989
8587505;A;46.828373;8.647237
8587506;A;46.824144;8.650156
8587506;B;46.823880;8.650147
8587532;A;47.048077;8.607513
8587532;B;47.048071;8.607747
8587532;C;47.047624;8.607801
8587540;A;46.624489;8.020312
8587540;B;46.624501;8.020132
8587543;1;47.148440;6.983422
8587568;A;47.181140;9.469195
8587568;B;47.181140;9.469429
8587570;A;47.157744;9.478313
8587570;B;47.157787;9.478331
8587571;A;47.104012;9.498121
8587571;B;47.104146;9.498148
8587574;A;47.411683;8.230553
8587574;B;47.411683;8.230553
8587575;A;46.318241;6.175486
8587575;B;46.318998;6.173986
8587576;A;46.322404;6.188153
8587576;B;46.320778;6.187623
8587577;A;46.317043;6.188207
8587577;B;46.317285;6.188108
8587579;A;46.334599;6.171192
8587579;C;46.334754;6.170483
8587581;A;46.322410;6.173510
8587581;B;46.324507;6.171803
8587599;A;46.876574;8.667449
8587599;B;46.876586;8.667862
8587606;1;46.699635;8.844651
8587606;2;46.699574;8.844579
8587614;A;47.143283;7.250123
8587614;B;47.143320;7.250303
8587615;A;47.146118;7.254129
8587615;B;47.145538;7.253465
8587616;A;47.147487;7.256708
8587616;B;47.147878;7.258019
8587619;A;47.134918;7.244320
8587619;B;47.135089;7.244679
8587619;C;47.134961;7.243889
8587620;A;47.140827;7.247006
8587620;B;47.140833;7.247257
8587621;A;47.149967;7.261621
8587621;B;47.149375;7.260624
8587622;A;47.151635;7.265125
8587622;B;47.151776;7.265574
8587623;A;47.155667;7.270874
8587623;B;47.155661;7.270928
8587624;A;47.157738;7.273713
8587624;B;47.157658;7.273749
8587625;A;47.159014;7.278537
8587625;B;47.158672;7.278797
8587625;C;47.159827;7.278285
8587626;A;47.161054;7.289703
8587626;B;47.161024;7.289855
8587627;A;47.172292;7.340359
8587627;B;47.172237;7.340332
8587651;B;47.409312;8.595323
8587651;C;47.409136;8.595638
8587655;A;47.412637;8.592907
8587655;B;47.412747;8.592718
8587655;C;47.412558;8.593284
8587655;D;47.412692;8.592934
8587655;E;47.412558;8.593284
8587655;F;47.412631;8.593185
8587659;B;47.357405;8.048105
8587696;A;47.192819;8.706076
8587696;B;47.192898;8.706005
8587707;A;46.337936;6.166575
8587707;B;46.337365;6.167033
8587727;1;46.592139;6.607917
8587727;2;46.592139;6.607917
8587740;Ersatz;47.027794;8.652609
8587741;A;47.414990;8.232592
8587741;B;47.414990;8.232592
8587746;S;46.329482;6.954766
8587746;T;46.329320;6.955314
8587746;U;46.329680;6.955125
8587750;A;47.414583;8.188386
8587750;B;47.414583;8.188386
8587752;A;47.415750;8.184182
8587752;B;47.415750;8.184182
8587757;A;47.470721;9.058279
8587757;B;47.470860;9.058333
8587762;A;47.495933;9.115439
8587762;B;47.496267;9.115412
8587775;A;46.880762;8.630896
8587775;B;46.880805;8.630798
8587832;A;46.311267;7.700718
8587832;B;46.311347;7.700619
8587834;A;46.312017;7.711758
8587834;B;46.312073;7.711749
8587835;A;46.312514;7.714902
8587835;B;46.312520;7.714759
8587836;A;46.315145;7.744762
8587837;A;46.311620;7.785833
8587837;B;46.311701;7.785806
8587841;A;47.140082;7.248021
8587841;B;47.140051;7.248192
8587841;C;47.139929;7.248587
8587841;D;47.140069;7.248551
8587865;A;47.473769;9.060534
8587865;B;47.473477;9.060345
8587889;A;46.600132;9.961221
8587889;B;46.600268;9.961194
8587889;C;46.600120;9.961086
8587898;A;47.162038;7.293521
8587898;B;47.162038;7.293745
8587899;A;47.146253;7.273264
8587899;B;47.146100;7.273237
8587900;D;46.184656;6.173816
8587900;E;46.184140;6.174435
8587901;R;46.199139;6.074920
8587902;Q;46.183922;6.121659
8587902;R;46.184264;6.121992
8587903;O;46.198797;6.085772
8587904;L;46.231275;6.133867
8587904;M;46.230790;6.134128
8587905;Z;46.167270;6.186688
8587906;G;46.167320;6.182664
8587906;H;46.167650;6.183239
8587907;A;46.198281;6.141943
8587907;B;46.198641;6.142042
8587907;C;46.198082;6.142860
8587907;D;46.197647;6.142967
8587907;E;46.198088;6.143048
8587907;F;46.197684;6.143560
8587907;T;46.198088;6.143066
8587907;X;46.198349;6.143695
8587907;Y;46.197187;6.143021
8587914;A;46.233792;6.123528
8587914;C;46.233972;6.124220
8587914;D;46.234270;6.122243
8587914;E;46.234376;6.122872
8587914;J;46.232847;6.122423
8587914;K;46.232680;6.121893
8587918;B;46.233301;6.056001
8587918;C;46.233462;6.055418
8587918;S;46.233581;6.055247
8587924;A;46.221916;6.097459
8587924;B;46.222121;6.096947
8587924;C;46.221947;6.097090
8587924;D;46.222034;6.097441
8587924;E;46.222438;6.096507
8587924;F;46.222711;6.097953
8587924;G;46.221543;6.097971
8587924;Z;46.221729;6.096839
8587925;R;46.236252;6.217195
8587925;S;46.235929;6.216800
8587927;A;46.861656;8.648117
8587927;B;46.861613;8.647938
8588064;A;47.530196;7.601059
8588064;B;47.530123;7.601131
8588072;A;47.529025;7.613815
8588072;B;47.528764;7.614273
8588072;C;47.528788;7.614722
8588072;F;47.528934;7.614561
8588073;A;47.528509;7.611318
8588073;B;47.528121;7.611452
8588073;C;47.527539;7.611120
8588073;D;47.527612;7.610877
8588073;G;47.527678;7.611380
8588078;A;47.376917;8.544083
8588078;B;47.376808;8.543544
8588078;C;47.376801;8.544074
8588078;D;47.376649;8.543805
8588078;E;47.376388;8.543697
8588078;F;47.376735;8.543535
8588078;G;47.376479;8.543571
8588078;H;47.376880;8.543445
8588078;I;47.376929;8.543544
8588117;Ersatz;47.048304;8.617062
8588122;1;47.628842;9.247204
8588124;A;46.881676;8.615832
8588149;A;47.135945;7.235777
8588149;B;47.135963;7.235570
8588168;B;46.754470;7.610311
8588168;C;46.753171;7.608272
8588168;D;46.753405;7.608299
8588171;A;46.748340;7.611515
8588171;B;46.748309;7.611551
8588171;C;46.748352;7.610949
8588171;D;46.748469;7.611003
8588177;EV;47.125231;9.493674
8588178;A;47.419397;8.220618
8588178;B;47.419397;8.220618
8588187;A;46.306855;7.653278
8588187;B;46.306551;7.653790
8588189;1;47.208828;7.027215
8588189;2;47.208743;7.027134
8588193;1;46.277588;7.067513
8588195;H;46.159169;6.144468
8588196;M;46.226596;6.136850
8588196;N;46.226844;6.136742
8588196;O;46.227615;6.138027
8588196;P;46.227882;6.138404
8588198;A;46.817665;8.653202
8588198;B;46.817468;8.653256
8588217;A;47.377738;9.546163
8588217;B;47.377659;9.546208
8588298;A;46.314741;6.132789
8588298;B;46.314648;6.132745
8588308;A;47.202554;8.709858
8588308;B;47.202921;8.709571
8588310;A;46.190676;6.192240
8588310;B;46.190527;6.192554
8588310;C;46.190073;6.191800
8588310;D;46.189557;6.191548
8588310;E;46.189382;6.191440
8588310;F;46.190135;6.192006
8588336;A;47.194327;8.720441
8588336;B;47.194174;8.720512
8588338;A;47.197482;8.713245
8588338;B;47.197507;8.713425
8588339;A;47.200113;8.714898
8588339;B;47.200253;8.714772
8588426;A;46.781869;7.634665
8588426;B;46.782066;7.634548
8588426;C;46.782109;7.634683
8588445;A;46.510580;6.658870
8588445;B;46.510308;6.658430
8588445;C;46.510240;6.657352
8588445;D;46.510228;6.658295
8588446;F;46.511075;6.661412
8588446;G;46.511161;6.661691
8588446;H;46.511464;6.661502
8588446;J;46.511606;6.662733
8588454;A;46.502808;6.714529
8588474;A;46.303957;7.801069
8588474;B;46.303950;7.801177
8588478;A;46.761012;7.608362
8588478;B;46.760901;7.608677
8588478;C;46.761363;7.607733
8588478;D;46.761578;7.607976
8588485;A;47.563339;7.582248
8588485;B;47.563072;7.582284
8588485;C;47.563127;7.583218
8588485;D;47.563018;7.583173
8588489;A;47.557047;7.583838
8588489;B;47.557198;7.583560
8588489;C;47.557271;7.584206
8588489;D;47.557331;7.584341
8588489;E;47.555786;7.583937
8588489;F;47.554894;7.584997
8588526;A;47.079028;8.302859
8588526;B;47.079028;8.303029
8588552;M;47.501013;8.724995
8588552;N;47.500782;8.724636
8588552;P;47.501122;8.724950
8588552;Q;47.501583;8.725435
8588562;A;46.930136;7.448291
8588562;B;46.929866;7.448687
8588562;C;46.929732;7.447501
8588562;D;46.929842;7.447725
8588562;E;46.929302;7.447079
8588567;A;46.877728;8.635316
8588567;B;46.877734;8.635172
8588569;A;46.872779;8.650623
8588569;B;46.872564;8.650462
8588570;A;47.397687;8.126358
8588570;B;47.397687;8.126358
8588572;A;47.386905;8.117635
8588572;B;47.386905;8.117635
8588573;A;47.386649;8.128199
8588573;B;47.386649;8.128199
8588574;A;47.384368;8.118129
8588574;B;47.384368;8.118129
8588576;A;47.384563;8.123735
8588576;B;47.384563;8.123735
8588577;A;47.388857;8.123618
8588577;B;47.388857;8.123618
8588580;A;46.774789;7.616950
8588580;B;46.773761;7.616977
8588580;C;46.774709;7.617444
8588580;D;46.774518;7.617031
8588583;A;46.870562;8.636188
8588583;B;46.870525;8.636098
8588603;D;46.770556;7.105153
8588624;A;47.496291;9.111064
8588624;B;47.496340;9.111037
8588626;A;47.142495;8.430276
8588626;B;47.142752;8.431021
8588650;A;47.371454;8.000369
8588650;B;47.371119;8.000180
8588650;C;47.371095;8.000243
8588652;A;46.873767;8.636969
8588652;B;46.873528;8.636834
8588653;A;46.779403;8.671635
8588653;B;46.779507;8.671527
8588654;A;46.772186;8.670153
8588654;B;46.772309;8.669937
8588655;B;46.309269;6.175450
8588655;C;46.309293;6.175190
8588656;T;46.376827;6.235215
8588656;U;46.376988;6.235647
8588658;Y;46.378091;6.237928
8588658;Z;46.377961;6.237479
8588659;F;46.371391;6.230059
8588659;G;46.371540;6.230436
8588660;A;46.369873;6.227077
8588660;B;46.369507;6.226636
8588660;C;46.370530;6.228918
8588661;A;46.359037;6.215659
8588661;B;46.358814;6.215659
8588662;J;46.359179;6.207799
8588662;K;46.359279;6.207484
8588663;C;46.358987;6.205670
8588663;D;46.358336;6.205176
8588664;C;46.350884;6.195725
8588664;D;46.350599;6.195393
8588665;A;46.347976;6.199750
8588665;B;46.347864;6.199777
8588666;I;46.334704;6.194872
8588666;J;46.334878;6.195294
8588667;M;46.333191;6.192707
8588667;N;46.333048;6.192743
8588668;G;46.330276;6.191710
8588668;H;46.329941;6.191566
8588669;A;46.325536;6.186446
8588669;B;46.325561;6.186617
8588670;A;46.387721;6.247495
8588670;B;46.387944;6.247927
8588671;A;46.390138;6.250550
8588671;B;46.389537;6.249930
8588672;A;46.391179;6.241522
8588672;B;46.391061;6.241414
8588674;A;46.393967;6.242977
8588674;B;46.393731;6.242725
8588675;A;46.396079;6.245232
8588675;B;46.396098;6.245169
8588676;A;46.394357;6.249705
8588677;A;46.394840;6.249400
8588678;A;46.396792;6.243399
8588679;A;46.399487;6.245780
8588680;A;46.397269;6.251574
8588681;A;46.399245;6.252454
8588683;A;46.402132;6.249076
8588685;A;46.397455;6.259712
8588685;B;46.398719;6.257062
8588688;A;46.409881;6.272756
8588688;B;46.409745;6.272801
8588690;A;47.169000;8.427994
8588690;B;47.169416;8.427994
8588690;C;47.169458;8.428075
8588709;A;47.161769;8.436043
8588709;B;47.161769;8.436043
8588709;C;47.161708;8.436079
8588714;A;47.519792;7.553951
8588714;B;47.520393;7.552819
8588714;C;47.520957;7.554248
8588714;D;47.520235;7.553430
8588727;A;47.267989;8.275227
8588727;B;47.268556;8.270304
8588748;A;47.019350;8.311500
8588748;B;47.018566;8.310476
8588748;C;47.019129;8.311465
8588758;A;47.478711;7.595004
8588758;B;47.479057;7.594825
8588758;E;47.478177;7.595355
8588758;F;47.478304;7.595274
8588759;A;47.502190;7.618908
8588759;B;47.501796;7.618989
8588760;A;47.473538;7.596963
8588760;B;47.473775;7.596909
8588760;C;47.473186;7.597124
8588760;D;47.473058;7.597052
8588764;A;47.497972;7.619340
8588764;B;47.497560;7.619286
8588765;A;47.493305;7.611668
8588765;B;47.492965;7.611327
8588768;A;47.570685;7.589722
8588768;B;47.570703;7.589147
8588768;C;47.570982;7.590108
8588768;D;47.570497;7.590243
8588768;E;47.570746;7.590701
8588771;A;47.573055;7.575879
8588771;B;47.572679;7.576238
8588773;A;47.561811;7.585293
8588773;B;47.561708;7.585985
8588773;C;47.561987;7.585761
8588773;D;47.561017;7.586641
8588773;E;47.561290;7.585707
8588780;A;47.559211;7.587045
8588780;C;47.559368;7.587216
8588780;D;47.559738;7.587629
8588780;E;47.559835;7.588168
8588780;F;47.559659;7.588384
8588780;G;47.559423;7.588384
8588780;K;47.559138;7.586982
8588780;L;47.559950;7.586856
8588782;A;47.570824;7.577038
8588782;B;47.570909;7.576454
8588782;C;47.570406;7.578305
8588782;D;47.570049;7.578556
8588783;A;47.548965;7.583263
8588783;B;47.548674;7.582823
8588783;C;47.549262;7.584045
8588783;D;47.548619;7.582868
8588784;A;47.540518;7.576149
8588784;B;47.540124;7.575924
8588784;C;47.540336;7.576319
8588784;D;47.540421;7.576176
8588785;A;47.516328;7.619070
8588785;B;47.515922;7.619061
8588785;C;47.515624;7.618765
8588785;D;47.515297;7.618549
8588786;A;47.520903;7.607715
8588786;B;47.520648;7.607221
8588786;C;47.520915;7.607841
8588786;D;47.520872;7.608048
8588786;E;47.520890;7.602936
8588787;A;47.516632;7.604023
8588787;B;47.516395;7.603538
8588787;C;47.516735;7.604688
8588787;E;47.516638;7.603206
8588788;A;47.525834;7.611991
8588788;B;47.525367;7.611884
8588788;G;47.526223;7.612171
8588789;A;47.523317;7.617130
8588789;B;47.523420;7.617067
8588790;A;47.519046;7.563626
8588790;B;47.518791;7.562952
8588791;A;47.501614;7.599927
8588791;B;47.501292;7.599541
8588791;C;47.501334;7.599765
8588791;D;47.500825;7.599298
8588792;A;47.498003;7.596145
8588792;B;47.497675;7.595759
8588792;C;47.497905;7.596271
8588792;D;47.497632;7.595849
8588793;A;47.511656;7.602424
8588793;B;47.511207;7.602370
8588793;C;47.510764;7.602550
8588793;D;47.510783;7.602415
8588794;A;47.488570;7.590315
8588794;B;47.488182;7.590504
8588794;C;47.488831;7.590396
8588794;D;47.488340;7.590513
8588795;A;47.495095;7.554670
8588795;B;47.494737;7.554391
8588796;A;47.486840;7.528673
8588796;B;47.486871;7.528789
8588801;S;46.164974;6.147082
8588801;T;46.165360;6.146848
8588802;T;46.181527;6.128981
8588802;U;46.180041;6.128567
8588802;W;46.178610;6.128612
8588802;X;46.179755;6.129600
8588802;Y;46.180196;6.128981
8588802;Z;46.178890;6.128594
8588807;A;47.033360;8.440193
8588807;B;47.033519;8.440058
8588807;D;47.032736;8.440867
8588813;3;46.211492;6.170510
8588813;4;46.211573;6.170429
8588814;A;46.230411;7.360634
8588814;B;46.230368;7.360795
8588814;C;46.230262;7.359987
8588815;1;46.180190;8.829002
8588815;2;46.180445;8.829460
8588836;A;47.191439;8.703678
8588836;B;47.191464;8.703624
8588837;A;47.100233;8.267923
8588837;B;47.100532;8.267690
8588842;A;46.549904;6.579468
8588842;B;46.550782;6.578587
8588842;C;46.550491;6.579261
8588845;A;46.555773;6.573701
8588845;B;46.555365;6.574320
8588845;C;46.555205;6.574518
8588846;A;46.560875;6.565319
8588846;B;46.561339;6.564789
8588846;C;46.561555;6.565652
8588846;D;46.561061;6.565948
8588870;A;47.416455;8.167141
8588870;B;47.416455;8.167141
8588871;A;46.518641;6.507405
8588871;B;46.518604;6.507261
8588875;A;46.534624;6.541101
8588875;B;46.534661;6.541092
8588904;A;46.901020;7.504391
8588904;B;46.901020;7.504679
8588935;A;46.369513;6.168246
8588935;B;46.369947;6.167941
8588948;A;47.547346;7.620732
8588948;B;47.547425;7.620642
8588948;C;47.547540;7.621055
8588948;D;47.547758;7.622349
8588950;A;47.548971;7.601140
8588950;B;47.549104;7.601616
8588953;A;47.551117;7.610734
8588953;B;47.551232;7.610868
8588980;A;47.083243;8.308788
8588980;B;47.083390;8.308967
8588981;A;47.080814;8.306147
8588981;B;47.080882;8.306380
8588982;A;47.085689;8.309336
8588982;B;47.086527;8.309704
8588988;A;46.940644;7.447752
8588988;B;46.941220;7.447896
8588988;C;46.940184;7.449369
8588988;D;46.940024;7.448148
8588990;A;46.950548;7.440503
8588990;B;46.951946;7.441940
8588990;C;46.951591;7.441356
8588991;A;46.962357;7.451597
8588991;B;46.962688;7.452936
8588991;C;46.962222;7.452540
8588991;D;46.962860;7.451885
8589003;A;46.940607;7.458128
8589003;B;46.940490;7.458577
8589003;C;46.940349;7.458676
8589003;D;46.940454;7.456673
8589049;A;46.997610;7.459628
8589049;B;46.997004;7.459224
8589049;C;46.997494;7.458891
8589050;C;46.998260;7.451822
8589051;A;46.997849;7.451714
8589051;B;46.997935;7.451633
8589066;A;47.538553;9.376247
8589066;B;47.538462;9.376327
8589097;Q;46.163363;6.180113
8589097;R;46.163456;6.179412
8589097;S;46.163102;6.178828
8589098;A;46.188052;6.124597
8589098;B;46.188076;6.124669
8589098;C;46.188493;6.123905
8589098;D;46.188182;6.124309
8589098;P;46.187821;6.124741
8589192;A;47.082295;7.581619
8589192;B;47.081952;7.581520
8589192;C;47.082961;7.580523
8589198;1;46.933940;7.559503
8589212;A;46.706615;8.599698
8589212;B;46.706221;8.599402
8589224;A;47.107913;8.319846
8589224;B;47.108879;8.320466
8589226;A;46.937540;7.395039
8589226;B;46.937884;7.395327
8589226;C;46.937368;7.395668
8589226;D;46.937559;7.396009
8589227;A;46.925928;7.377333
8589227;B;46.925726;7.376947
8589227;C;46.925541;7.377217
8589227;D;46.925529;7.377738
8589227;E;46.925523;7.377881
8589236;A;47.507761;7.617408
8589236;B;47.507354;7.617732
8589253;A;46.482938;6.455258
8589253;B;46.483055;6.455096
8589303;A;47.562127;7.573534
8589303;B;47.562375;7.573103
8589303;C;47.562187;7.573867
8589303;D;47.562502;7.573759
8589334;A;47.580393;7.592812
8589334;B;47.581254;7.592148
8589334;C;47.581218;7.592112
8589334;D;47.581569;7.592839
8589334;E;47.581763;7.592552
8589354;A;47.553191;7.565387
8589354;B;47.553348;7.565477
8589354;C;47.552281;7.565324
8589354;D;47.552342;7.564857
8589358;A;47.569194;7.602873
8589358;B;47.569170;7.602577
8589358;C;47.569903;7.604059
8589358;D;47.570146;7.603969
8589360;A;47.553294;7.577092
8589360;B;47.553652;7.576822
8589360;C;47.553354;7.577631
8589360;D;47.552766;7.576732
8589360;E;47.553045;7.576975
8589360;F;47.552791;7.576526
8589371;A;47.559556;7.611973
8589371;B;47.559720;7.612342
8589371;C;47.559635;7.610985
8589371;D;47.560169;7.612414
8589371;E;47.560338;7.612566
8589375;A;47.562175;7.610527
8589375;B;47.562248;7.610087
8589375;C;47.562824;7.610626
8589375;D;47.562017;7.610886
8589382;A;47.544575;7.575358
8589382;B;47.544763;7.575466
8589382;C;47.544223;7.575933
8589382;D;47.544175;7.576571
8589384;A;47.406376;7.784405
8589384;B;47.406388;7.784351
8589400;A;47.441906;7.731324
8589400;B;47.441966;7.731467
8589400;C;47.443680;7.733093
8589400;D;47.443704;7.733471
8589401;A;47.501717;7.719367
8589401;B;47.501802;7.719385
8589401;C;47.501887;7.719385
8589401;D;47.501850;7.719493
8589443;A;47.581399;7.648732
8589443;B;47.581351;7.648840
8589443;C;47.581139;7.649182
8589443;D;47.581327;7.649478
8589443;E;47.580902;7.649631
8589452;A;47.566867;7.636084
8589452;B;47.567042;7.635833
8589452;C;47.566539;7.636596
8589452;E;47.565915;7.636318
8589458;C;47.587095;7.655640
8589458;D;47.586998;7.655497
8589474;A;47.568364;7.636641
8589474;B;47.568661;7.636803
8589474;C;47.568770;7.637405
8589474;D;47.568576;7.637270
8589474;E;47.568024;7.636749
8589485;D;47.589537;7.651921
8589485;E;47.588997;7.651903
8589486;A;47.573491;7.652613
8589486;B;47.574000;7.652299
8589486;C;47.572673;7.652631
8589486;D;47.572630;7.653044
8589490;A;47.395048;8.201744
8589490;B;47.395048;8.201744
8589515;A;46.307339;7.701230
8589515;B;46.307333;7.701122
8589538;A;47.453533;9.631754
8589538;B;47.453472;9.631745
8589539;A;47.455270;9.624245
8589539;B;47.454955;9.624801
8589540;A;47.461903;9.595957
8589540;B;47.462012;9.595328
8589541;A;47.460111;9.603197
8589541;B;47.460117;9.602424
8589542;C;46.979766;7.456861
8589542;D;46.979521;7.457032
8589542;E;46.979619;7.457059
8589543;A;47.380044;8.180364
8589543;B;47.380044;8.180364
8589555;A;47.435496;9.392821
8589555;B;47.435429;9.392237
8589555;C;47.435757;9.392515
8589555;D;47.435781;9.392614
8589558;A;47.402673;9.301668
8589558;B;47.402673;9.301668
8589585;A;47.442355;9.394842
8589585;B;47.442355;9.394842
8589594;A;47.433059;9.399235
8589594;B;47.433229;9.399163
8589594;C;47.433156;9.400402
8589613;A;47.437075;9.377037
8589613;B;47.436753;9.377145
8589613;C;47.437476;9.377792
8589626;A;47.439907;9.379409
8589626;B;47.439633;9.380020
8589626;C;47.439281;9.379615
8589664;A;47.081591;8.340714
8589664;B;47.081285;8.340507
8589664;C;47.081053;8.341414
8589665;A;47.085004;8.346319
8589665;B;47.084980;8.346616
8589665;C;47.084442;8.346625
8589665;D;47.084411;8.346409
8589668;B;47.077364;8.337632
8589688;A;47.011149;8.305760
8589688;B;47.011240;8.305697
8589693;A;47.013556;8.304979
8589693;B;47.013452;8.304862
8589721;A;47.026968;8.301942
8589721;B;47.027176;8.301924
8589725;A;47.033825;8.279889
8589725;B;47.033844;8.278955
8589725;C;47.033587;8.279592
8589733;A;47.017959;8.300487
8589733;B;47.018198;8.299283
8589766;A;47.035105;8.302886
8589766;B;47.034946;8.302733
8589772;A;47.054167;8.339690
8589772;B;47.054106;8.340058
8589772;C;47.054345;8.338962
8589772;D;47.054644;8.339869
8589801;A;47.048640;8.306164
8589801;B;47.049105;8.306389
8589801;C;47.048726;8.306443
8589801;D;47.048028;8.306919
8589802;A;47.057729;8.297621
8589802;B;47.057900;8.298349
8589807;A;47.054234;8.290992
8589807;B;47.054161;8.290336
8589807;C;47.054234;8.290085
8589807;D;47.054455;8.290812
8589807;E;47.054387;8.291414
8589807;F;47.054528;8.291675
8589831;A;47.061083;8.308761
8589831;B;47.061646;8.308078
8589831;C;47.061927;8.309255
8589832;A;47.056040;8.344612
8589832;B;47.056028;8.344918
8589832;C;47.056156;8.343445
8589832;D;47.056285;8.343175
8589878;Bielstrasse;47.203006;7.457041
8589891;A;47.052918;9.428735
8589891;B;47.053102;9.426678
8589892;A;47.085879;9.492947
8589892;B;47.085910;9.493064
8589893;A;47.055514;9.418611
8589893;B;47.055618;9.417776
8589894;A;47.091665;9.496333
8589894;B;47.091616;9.496360
8589896;A;47.404801;9.303411
8589896;B;47.404150;9.303169
8589896;C;47.404734;9.301992
8589979;A;47.515709;7.564174
8589979;B;47.515776;7.564399
8589979;C;47.515776;7.564497
8589986;A;47.303247;8.223313
8589986;B;47.303247;8.223313
8589987;B;47.151299;8.228146
8589988;A;47.151818;8.226583
8589989;J;47.070873;8.283644
8589990;A;47.075351;8.294370
8589990;B;47.075406;8.295223
8589991;A;46.943686;7.435984
8589991;B;46.943226;7.435922
8589991;C;46.943692;7.435859
8589991;D;46.943594;7.435616
8589992;A;46.940570;7.435814
8589992;B;46.940159;7.435751
8589992;C;46.939779;7.436748
8589992;D;46.939681;7.436775
8589993;A;46.936921;7.436496
8589993;B;46.936632;7.436496
8589993;C;46.936798;7.436191
8589993;D;46.936731;7.436092
8589996;A;46.927045;7.435526
8589996;B;46.926818;7.435463
8589996;C;46.926621;7.435724
8589996;D;46.926566;7.435922
8589999;A;46.921241;7.425079
8589999;B;46.921032;7.425124
8589999;C;46.920738;7.424764
8590010;A;46.944459;7.427226
8590010;B;46.944851;7.427145
8590010;C;46.944593;7.426319
8590014;A;46.941067;7.417883
8590014;B;46.941024;7.417892
8590014;C;46.940613;7.418440
8590014;D;46.940668;7.418557
8590014;E;46.940589;7.419069
8590015;A;46.943882;7.432319
8590015;B;46.943514;7.432005
8590015;C;46.944440;7.431232
8590020;A;46.952927;7.449576
8590020;B;46.953271;7.449827
8590021;A;46.955343;7.451480
8590021;B;46.955699;7.451705
8590021;C;46.954638;7.451292
8590021;D;46.954583;7.451112
8590041;A;46.944569;7.421351
8590041;B;46.944600;7.420776
8590041;C;46.944330;7.421459
8590041;D;46.944078;7.421090
8590044;A;46.937743;7.381115
8590044;B;46.937767;7.380936
8590044;C;46.937651;7.379777
8590052;B;46.956238;7.505631
8590056;A;46.929001;7.416213
8590056;B;46.929370;7.416446
8590056;C;46.928903;7.416554
8590098;A;46.922462;7.412341
8590098;B;46.921952;7.411838
8590098;C;46.922382;7.412143
8590129;A;46.966692;7.464380
8590129;B;46.966643;7.464344
8590129;C;46.966594;7.464326
8590129;D;46.966520;7.464326
8590162;A;47.371235;8.208464
8590162;B;47.371235;8.208464
8590185;A;47.450964;8.285351
8590185;B;47.450617;8.285988
8590185;C;47.450514;8.286518
8590185;D;47.450648;8.286680
8590190;K;47.476489;8.308213
8590190;L;47.476501;8.308114
8590190;M;47.476507;8.308051
8590190;N;47.476519;8.307997
8590224;A;47.365984;8.227490
8590224;B;47.365984;8.227490
8590226;A;47.363928;8.229583
8590226;B;47.363928;8.229583
8590235;C;47.477807;8.312830
8590235;D;47.477691;8.312839
8590235;E;47.479403;8.314222
8590235;F;47.479446;8.314357
8590238;A;47.443850;8.281317
8590238;B;47.443947;8.281515
8590238;C;47.443765;8.280571
8590239;C;47.433290;8.353515
8590239;D;47.433168;8.353712
8590239;E;47.432712;8.354647
8590239;F;47.432712;8.354727
8590243;A;47.387561;8.178577
8590243;B;47.387561;8.178577
8590253;A;47.404995;8.217016
8590253;B;47.404995;8.217016
8590254;A;47.397462;8.207637
8590254;B;47.397462;8.207637
8590262;A;47.382647;8.139877
8590262;B;47.382647;8.139877
8590265;A;47.362498;8.166755
8590265;B;47.362498;8.166755
8590273;A;47.425481;8.364591
8590273;B;47.425499;8.364636
8590275;A;47.420691;8.374490
8590275;B;47.420746;8.374481
8590275;C;47.422211;8.374041
8590275;D;47.422260;8.373978
8590279;A;47.420564;8.368678
8590279;B;47.420600;8.368606
8590279;C;47.420649;8.368543
8590281;A;47.371503;8.081837
8590281;B;47.371557;8.081747
8590293;A;47.462298;8.327904
8590293;B;47.463039;8.326637
8590293;C;47.462115;8.325721
8590293;D;47.462553;8.327670
8590295;A;47.461824;8.335782
8590295;B;47.461156;8.337246
8590295;C;47.460913;8.336348
8590297;A;47.456637;8.334506
8590297;B;47.457196;8.334390
8590297;C;47.457985;8.334605
8590302;A;47.464417;8.324805
8590302;B;47.463749;8.323664
8590302;C;47.463597;8.325137
8590310;A;47.455137;8.337444
8590310;B;47.455471;8.337201
8590310;C;47.455744;8.336581
8590364;B;47.062331;8.265147
8590365;A;47.066161;8.268489
8590365;B;47.066682;8.269298
8590366;A;47.071111;8.275828
8590366;B;47.070267;8.276960
8590367;A;47.093671;8.313108
8590367;B;47.093359;8.313090
8590368;A;47.075939;8.291423
8590368;B;47.076018;8.291486
8590369;A;47.079988;8.288279
8590369;B;47.080533;8.287632
8590372;A;47.079218;8.266558
8590372;B;47.079328;8.266432
8590373;A;47.072513;8.295259
8590373;B;47.072470;8.295124
8590374;A;47.070720;8.291998
8590374;B;47.070824;8.291926
8590375;A;47.084209;8.263701
8590376;A;47.076691;8.271211
8590376;B;47.076642;8.271741
8590377;A;47.076140;8.268732
8590377;B;47.076079;8.268552
8590378;A;47.078239;8.269289
8590378;B;47.078245;8.269190
8590379;A;47.074599;8.266127
8590379;B;47.074501;8.265839
8590380;A;47.076092;8.265534
8590380;B;47.076275;8.265767
8590381;A;47.075266;8.264177
8590381;B;47.074972;8.263629
8590383;A;47.073020;8.259856
8590383;B;47.072825;8.259129
8590384;A;47.072152;8.257386
8590384;B;47.072041;8.255976
8590385;A;47.074030;8.255221
8590386;A;47.086827;8.275613
8590386;B;47.086827;8.275514
8590388;A;47.081652;8.277266
8590388;B;47.082074;8.277517
8590389;A;47.084546;8.278541
8590389;B;47.084588;8.278622
8590390;A;47.088075;8.281488
8590390;B;47.088020;8.281425
8590391;A;47.089696;8.280401
8590391;B;47.089787;8.280518
8590392;A;47.088411;8.278290
8590392;B;47.088521;8.278416
8590397;A;47.422108;8.370098
8590397;B;47.422174;8.370187
8590406;A;47.353114;7.946686
8590406;C;47.353054;7.946515
8590432;A;47.348276;7.901518
8590432;B;47.348258;7.901518
8590442;A;46.523593;6.632379
8590442;B;46.523593;6.632379
8590442;C;46.523302;6.632019
8590442;D;46.523228;6.631094
8590442;E;46.523413;6.631354
8590453;A;46.488486;9.837603
8590453;B;46.488498;9.837460
8590456;A;46.488808;9.835394
8590456;B;46.489074;9.835187
8590464;A;47.311629;8.524401
8590464;B;47.311306;8.524392
8590464;C;47.311696;8.524275
8590878;A;47.436790;8.472946
8590878;C;47.436711;8.472757
8590878;D;47.436164;8.472676
8591038;A;47.378407;8.510109
8591038;B;47.378188;8.510531
8591038;C;47.378134;8.510513
8591038;D;47.378255;8.509983
8591038;F;47.378097;8.509615
8591038;G;47.378182;8.509292
8591056;A;47.391168;8.487966
8591056;B;47.390931;8.488900
8591056;C;47.390639;8.489304
8591056;D;47.390310;8.489421
8591056;G;47.391046;8.488127
8591057;K;47.392025;8.490490
8591057;M;47.392427;8.489690
8591065;A;47.397030;8.595179
8591065;B;47.396915;8.595440
8591065;C;47.396805;8.595656
8591065;D;47.396720;8.595871
8591065;E;47.396763;8.595476
8591101;A;47.398368;8.533402
8591101;B;47.398046;8.533492
8591101;C;47.398398;8.533321
8591101;D;47.398058;8.533384
8591101;E;47.398489;8.533151
8591101;F;47.398265;8.533205
8591101;G;47.398374;8.533043
8591233;A;47.364031;8.566245
8591233;B;47.364183;8.566451
8591233;C;47.363928;8.566505
8591233;G;47.364281;8.566038
8591233;H;47.364269;8.565876
8591452;A;47.151385;9.481808
8591452;B;47.151556;9.481763
8591461;A;47.161128;9.472268
8591461;B;47.161531;9.472196
8591469;A;47.154402;9.480586
8591469;B;47.154335;9.480640
8591528;A;46.160090;8.775777
8591528;B;46.160140;8.775714
8591528;C;46.159847;8.775256
8591546;A;46.166455;8.796609
8591546;B;46.165540;8.794830
8591551;A;46.172838;8.753957
8591551;B;46.172664;8.753768
8591603;A;46.005933;8.952718
8591603;B;46.005995;8.952062
8591603;C;46.005833;8.952691
8591603;D;46.005908;8.952053
8591603;E;46.005733;8.952655
8591603;N;46.005552;8.952907
8591603;S;46.005652;8.951640
8591653;A;46.012290;8.965582
8591653;B;46.012802;8.966525
8591669;A;47.463846;9.045298
8591669;B;47.464041;9.045110
8591672;A;47.463300;9.058584
8591672;B;47.463312;9.058216
8591682;A;47.462917;9.052862
8591682;B;47.463093;9.052575
8591706;A;47.032221;8.435360
8591706;B;47.032283;8.435486
8591707;A;47.233464;8.193947
8591707;B;47.233501;8.194055
8591735;A;47.240649;8.819713
8591735;B;47.240600;8.819884
8591742;V;47.232159;8.834985
8591775;A;47.145630;9.485024
8591775;B;47.145721;9.485051
8591778;A;47.052992;9.445363
8591778;B;47.053090;9.445686
8591805;C;46.007443;8.946511
8591805;D;46.007330;8.946322
8591810;A;47.477048;9.505559
8591810;B;47.477029;9.505856
8591811;A;47.481328;9.476714
8591811;B;47.480654;9.477154
8591817;A;46.982610;8.310243
8591819;A;47.079835;9.488060
8591819;B;47.078967;9.487018
8591820;E;46.360450;6.929335
8591820;F;46.361548;6.929182
8591822;C;46.356830;6.931859
8591822;D;46.357741;6.931688
8591823;A;46.353240;6.932919
8591823;B;46.353376;6.933090
8591834;O;46.346382;6.940348
8591834;P;46.345942;6.941408
8591840;A;47.142587;6.893133
8591840;R;47.142801;6.893159
8591842;1;47.176963;6.905907
8591843;A;47.223338;6.956491
8591846;A;47.121338;6.883080
8591870;A;47.421062;8.221840
8591870;B;47.421062;8.221840
8591899;A;46.668194;8.589592
8591899;B;46.668292;8.589511
8591900;A;46.907397;8.625004
8591901;A;46.913614;8.623126
8591901;B;46.913552;8.623009
8591906;A;47.259424;9.135651
8591906;B;47.259473;9.135265
8591922;A;46.732247;7.614246
8591922;B;46.732783;7.614956
8591988;A;46.522641;6.628147
8591988;B;46.522301;6.629154
8591988;C;46.521967;6.629630
8591988;D;46.522381;6.628534
8591994;A;46.542219;6.621033
8591994;B;46.542404;6.621150
8591994;C;46.542460;6.621051
8592010;A;46.524180;6.625138
8592010;B;46.523574;6.625677
8592010;D;46.523376;6.626522
8592010;E;46.523265;6.625749
8592011;C;46.523821;6.627267
8592049;D;46.528537;6.603228
8592049;F;46.528067;6.603623
8592050;A;46.517108;6.631435
8592050;B;46.517294;6.630815
8592050;C;46.518122;6.626908
8592050;D;46.518104;6.627231
8592050;E;46.518487;6.626315
8592050;F;46.517220;6.631822
8592051;A;46.517461;6.637984
8592051;B;46.517609;6.638478
8592051;C;46.518073;6.637517
8592051;D;46.517492;6.637804
8592051;E;46.516991;6.637571
8592068;A;46.517523;6.604872
8592068;C;46.517405;6.605896
8592068;D;46.517665;6.606381
8592096;F;46.523166;6.624419
8592173;A;46.534439;6.605492
8592173;B;46.534618;6.604998
8592173;C;46.535601;6.606139
8592173;D;46.535545;6.606022
8592173;G;46.534896;6.604953
8592254;A;46.528401;6.516577
8592254;B;46.528376;6.516747
8592266;A;46.508453;6.487615
8592266;B;46.508558;6.487543
8592270;A;46.509405;6.479907
8592270;B;46.509232;6.479494
8592272;C;46.516768;6.508995
8592272;D;46.516855;6.508887
8592283;A;46.499086;6.474554
8592286;A;47.202896;8.731768
8592286;B;47.203128;8.732182
8592287;A;47.201334;8.727690
8592287;B;47.201242;8.727591
8592289;A;47.204233;8.733565
8592289;B;47.204178;8.733664
8592291;A;47.205575;8.744506
8592291;B;47.205612;8.744956
8592292;A;47.206228;8.749690
8592292;B;47.206442;8.750884
8592293;A;47.206912;8.753867
8592293;B;47.206839;8.754109
8592294;A;47.201120;8.777528
8592294;B;47.201175;8.777681
8592295;A;47.196622;8.763658
8592295;B;47.196567;8.763847
8592296;A;47.198373;8.770818
8592296;B;47.198160;8.770405
8592297;A;47.199204;8.773989
8592297;B;47.199210;8.774160
8592300;A;47.197672;8.767925
8592300;B;47.197659;8.768276
8592304;A;47.422180;7.767041
8592304;B;47.421834;7.766573
8592304;C;47.421719;7.766322
8592304;D;47.421828;7.766349
8592306;A;47.410151;7.755282
8592306;B;47.410151;7.755255
8592306;C;47.410114;7.755093
8592306;D;47.409999;7.754895
8592307;A;47.404059;7.751643
8592307;B;47.403682;7.751275
8592307;C;47.403974;7.751491
8592307;D;47.404047;7.751437
8592321;A;47.566733;7.606745
8592321;B;47.567164;7.606907
8592321;C;47.566491;7.607428
8592321;D;47.566479;7.607365
8592321;E;47.566133;7.607599
8592321;F;47.566339;7.607356
8592321;G;47.566285;7.606619
8592322;A;47.570188;7.572906
8592322;B;47.570249;7.573004
8592322;C;47.570588;7.572870
8592322;D;47.569758;7.572537
8592322;E;47.569958;7.572744
8592364;A;47.223124;7.113220
8592364;B;47.223234;7.113283
8592374;A;46.802891;7.151227
8592374;B;46.802885;7.151362
8592374;C;46.803100;7.152036
8592400;Ersatz;47.010708;8.645108
8592415;Ersatz;47.025486;8.657657
8592457;A;47.133818;7.254228
8592457;B;47.133800;7.254426
8592458;A;47.142776;7.278384
8592458;B;47.142562;7.279300
8592462;A;47.153730;7.264433
8592462;B;47.154903;7.264056
8592467;A;47.142697;7.282947
8592468;A;47.146491;7.270227
8592468;B;47.146179;7.270317
8592470;A;47.119461;7.247473
8592471;A;47.138591;7.250348
8592471;B;47.138670;7.250635
8592474;A;47.139348;7.262628
8592474;B;47.138597;7.261819
8592479;A;47.118978;7.265942
8592479;B;47.118862;7.266221
8592481;A;47.121246;7.259142
8592481;B;47.121270;7.258873
8592488;A;47.117156;7.255854
8592488;B;47.116686;7.255252
8592619;Q;46.193039;6.043677
8592619;R;46.192784;6.043497
8592619;S;46.193170;6.044602
8592619;T;46.193244;6.044728
8592619;U;46.192977;6.044647
8592619;V;46.196552;6.045419
8592620;A;46.185862;6.045356
8592621;A;46.282958;6.229044
8592621;M;46.283070;6.229224
8592622;H;46.286695;6.234128
8592622;I;46.286962;6.234685
8592623;W;46.280760;6.227193
8592623;X;46.280531;6.226915
8592624;G;46.268628;6.238297
8592624;H;46.268125;6.237596
8592625;J;46.288713;6.236931
8592625;K;46.288955;6.237066
8592626;M;46.272900;6.220690
8592626;N;46.272757;6.220528
8592627;H;46.167463;6.004699
8592627;I;46.167096;6.005202
8592628;N;46.158597;5.986463
8592628;O;46.158703;5.986490
8592629;O;46.173423;6.005516
8592629;P;46.173553;6.005570
8592630;J;46.168073;5.995877
8592630;K;46.168153;5.996138
8592631;C;46.175139;5.997988
8592631;D;46.175102;5.997827
8592632;E;46.155305;6.004088
8592632;F;46.155237;6.004214
8592634;Y;46.163182;6.018766
8592634;Z;46.163363;6.019503
8592635;G;46.149256;6.006459
8592635;H;46.149026;6.006423
8592636;A;46.144333;6.009316
8592636;B;46.144228;6.009550
8592637;I;46.152748;5.995392
8592638;A;46.156071;6.002085
8592638;B;46.156431;6.003351
8592639;P;46.143680;6.019233
8592639;Q;46.143624;6.019323
8592640;E;46.145398;6.136428
8592640;F;46.145622;6.136544
8592641;C;46.150121;6.138107
8592641;D;46.151410;6.138781
8592642;X;46.148646;6.112541
8592642;Y;46.148597;6.112281
8592643;A;46.153992;6.139114
8592643;B;46.154160;6.139185
8592644;V;46.147763;6.118767
8592644;W;46.147725;6.118973
8592645;E;46.249939;6.130247
8592645;F;46.250393;6.130229
8592647;A;46.246578;6.128630
8592647;B;46.246429;6.128478
8592647;C;46.246392;6.127624
8592647;D;46.246361;6.127373
8592648;E;46.258356;6.127597
8592648;F;46.258045;6.127543
8592649;A;46.256722;6.139275
8592649;K;46.256741;6.139482
8592649;L;46.257132;6.140147
8592649;T;46.256530;6.139096
8592650;W;46.174356;6.070213
8592650;X;46.174424;6.070833
8592651;P;46.197982;6.079986
8592652;E;46.162374;6.058867
8592652;F;46.162330;6.058804
8592654;Q;46.199611;6.076258
8592655;N;46.198990;6.083355
8592656;R;46.164427;6.073555
8592656;S;46.163879;6.072171
8592657;U;46.175376;6.073231
8592657;V;46.175444;6.073438
8592658;I;46.163214;6.048797
8592658;J;46.163220;6.049013
8592659;Y;46.182280;6.064158
8592659;Z;46.182006;6.064706
8592660;D;46.179462;6.081711
8592660;E;46.179313;6.082322
8592660;F;46.179543;6.081738
8592660;G;46.179195;6.082394
8592660;J;46.178312;6.083202
8592660;L;46.178368;6.082583
8592661;W;46.163512;6.075423
8592661;X;46.163406;6.075675
8592662;G;46.161764;6.067185
8592662;H;46.161758;6.067410
8592663;N;46.173703;6.064985
8592663;O;46.173715;6.064733
8592664;P;46.172322;6.060969
8592664;Q;46.172210;6.060754
8592665;Y;46.177802;6.078980
8592665;Z;46.177864;6.079708
8592667;L;46.185751;6.135853
8592667;M;46.184706;6.135466
8592668;O;46.181403;6.140928
8592668;P;46.181061;6.140686
8592668;Q;46.180924;6.142186
8592669;A;46.186920;6.140641
8592669;B;46.186746;6.140093
8592669;C;46.186721;6.139904
8592669;D;46.187305;6.139491
8592669;E;46.187629;6.138853
8592670;J;46.176091;6.132673
8592670;K;46.175836;6.132161
8592670;L;46.176060;6.132718
8592673;R;46.177976;6.144881
8592673;S;46.177876;6.145195
8592674;J;46.184432;6.145869
8592674;K;46.185502;6.144701
8592674;L;46.186136;6.146507
8592674;M;46.186285;6.146659
8592674;N;46.184289;6.145671
8592675;M;46.175625;6.138090
8592675;N;46.175674;6.138278
8592676;T;46.176209;6.148285
8592676;U;46.176477;6.147710
8592677;D;46.183903;6.140784
8592677;E;46.184314;6.140398
8592677;F;46.183269;6.141009
8592677;H;46.182852;6.137955
8592677;X;46.182765;6.137820
8592677;Y;46.183238;6.137865
8592678;N;46.182436;6.143812
8592679;F;46.187567;6.126870
8592679;G;46.187554;6.127615
8592679;H;46.187001;6.127876
8592679;I;46.187405;6.128379
8592679;K;46.188232;6.128271
8592679;Z;46.187666;6.126861
8592680;T;46.188313;6.136688
8592680;U;46.189028;6.136940
8592682;L;46.184550;6.150334
8592682;M;46.184743;6.149839
8592684;O;46.172197;6.033642
8592684;P;46.172160;6.033112
8592685;W;46.166063;6.025037
8592685;X;46.166312;6.024857
8592686;U;46.169926;6.021524
8592686;V;46.169877;6.021659
8592687;Q;46.175071;6.022000
8592687;R;46.174953;6.022144
8592688;R;46.151242;5.975135
8592688;S;46.151198;5.975225
8592689;T;46.149904;5.971946
8592689;U;46.149599;5.972440
8592690;P;46.156693;5.980992
8592690;Q;46.156618;5.981423
8592691;X;46.186870;6.170276
8592691;Y;46.187367;6.170034
8592692;F;46.182778;6.178738
8592692;G;46.183095;6.177795
8592693;T;46.206158;6.196121
8592693;U;46.206227;6.196660
8592694;Q;46.198809;6.180652
8592694;R;46.198915;6.180086
8592694;S;46.198554;6.182646
8592695;I;46.204461;6.191108
8592695;J;46.204529;6.191494
8592695;Z;46.204206;6.191036
8592696;O;46.202061;6.195851
8592696;P;46.201570;6.195303
8592696;Q;46.201918;6.195600
8592697;F;46.204560;6.199283
8592697;G;46.205369;6.200091
8592698;U;46.195582;6.186608
8592698;V;46.195937;6.186742
8592699;W;46.197572;6.190093
8592699;X;46.197528;6.189841
8592700;H;46.206867;6.201061
8592700;I;46.206792;6.201385
8592701;H;46.192902;6.183176
8592701;I;46.192430;6.181622
8592701;J;46.191876;6.182035
8592702;H;46.181484;6.181667
8592702;I;46.181683;6.181559
8592703;G;46.204312;6.186715
8592703;H;46.203771;6.187353
8592704;F;46.190104;6.186760
8592704;G;46.190222;6.186401
8592705;V;46.205263;6.193417
8592706;X;46.198212;6.185682
8592706;Y;46.198206;6.185988
8592706;Z;46.198368;6.185377
8592707;S;46.199823;6.197145
8592707;T;46.199761;6.196875
8592708;A;46.196956;6.194153
8592708;B;46.197075;6.194378
8592708;C;46.196714;6.194369
8592708;K;46.197336;6.195321
8592709;K;46.193934;6.196552
8592709;L;46.194109;6.195941
8592709;M;46.194133;6.194621
8592709;N;46.194028;6.194189
8592711;A;46.203908;6.203846
8592711;B;46.203976;6.204107
8592711;C;46.203597;6.203963
8592711;D;46.203193;6.204349
8592711;E;46.203472;6.203217
8592711;F;46.203236;6.202678
8592713;H;46.195657;6.191988
8592713;I;46.195358;6.192509
8592713;J;46.195576;6.192941
8592713;K;46.195582;6.193129
8592713;L;46.195769;6.193282
8592713;Z;46.195489;6.192006
8592714;L;46.205829;6.207430
8592714;M;46.205891;6.207682
8592715;Q;46.201781;6.200415
8592715;R;46.201533;6.199831
8592716;O;46.192311;6.192393
8592716;P;46.192000;6.192069
8592717;L;46.232642;6.211123
8592717;M;46.232798;6.211338
8592718;I;46.220337;6.218076
8592718;J;46.220393;6.217986
8592719;D;46.230511;6.213171
8592719;N;46.230890;6.213117
8592719;O;46.231089;6.212793
8592719;Z;46.230654;6.213395
8592720;O;46.272198;6.125181
8592720;P;46.272062;6.125262
8592720;R;46.271615;6.126007
8592720;T;46.271348;6.126331
8592721;K;46.267460;6.125109
8592721;L;46.267814;6.124291
8592722;A;46.274049;6.122513
8592722;B;46.273819;6.122809
8592722;Y;46.273769;6.122998
8592723;A;46.263293;6.125019
8592723;B;46.263995;6.125585
8592723;H;46.263815;6.124696
8592724;D;46.251784;6.202616
8592724;E;46.251076;6.201987
8592725;A;46.248641;6.200990
8592725;B;46.247964;6.200612
8592725;C;46.248082;6.199804
8592726;H;46.260020;6.212569
8592726;I;46.259890;6.212362
8592727;A;46.256853;6.207952
8592727;B;46.256318;6.207125
8592727;C;46.256045;6.209371
8592728;D;46.258275;6.209694
8592728;E;46.257908;6.208985
8592729;N;46.246814;6.212695
8592729;O;46.246839;6.212416
8592730;T;46.240440;6.209470
8592730;U;46.240620;6.209739
8592731;F;46.233059;6.201978
8592731;G;46.232611;6.201331
8592732;J;46.235563;6.207799
8592732;K;46.235625;6.207835
8592733;N;46.237992;6.198941
8592733;O;46.237843;6.199193
8592734;F;46.243447;6.198600
8592734;G;46.243279;6.198375
8592735;A;46.250914;6.219827
8592735;B;46.250498;6.219279
8592735;C;46.251262;6.219468
8592735;D;46.251150;6.219531
8592736;V;46.241689;6.201214
8592736;W;46.242900;6.202705
8592737;D;46.245528;6.206972
8592737;E;46.245522;6.206640
8592738;F;46.255244;6.223483
8592738;G;46.255225;6.223304
8592740;M;46.224334;6.191845
8592740;N;46.224259;6.191566
8592741;S;46.233170;6.191306
8592741;T;46.232798;6.190506
8592742;E;46.216390;6.176780
8592742;F;46.215943;6.176286
8592743;E;46.205338;6.183374
8592743;F;46.205139;6.183895
8592744;L;46.213189;6.186518
8592744;M;46.213282;6.186428
8592745;I;46.220996;6.188018
8592745;J;46.220971;6.187847
8592747;L;46.235513;6.194252
8592747;M;46.235146;6.193749
8592748;G;46.209030;6.180634
8592748;H;46.208906;6.180382
8592749;G;46.221574;6.180553
8592749;H;46.221195;6.180095
8592750;Q;46.228615;6.196785
8592750;R;46.228647;6.196696
8592751;O;46.227665;6.185691
8592751;P;46.227087;6.184703
8592752;T;46.216055;6.181307
8592752;U;46.216341;6.181523
8592753;K;46.225104;6.183239
8592753;L;46.224576;6.182655
8592754;R;46.185645;6.088017
8592754;S;46.185570;6.087973
8592755;Q;46.182317;6.088278
8592756;S;46.172371;6.082852
8592756;T;46.171930;6.082475
8592757;O;46.183213;6.090847
8592757;P;46.183294;6.090928
8592758;S;46.180402;6.093686
8592758;T;46.181161;6.095635
8592759;Y;46.168272;6.079034
8592759;Z;46.168869;6.079681
8592760;C;46.264504;6.214689
8592760;D;46.263945;6.214042
8592761;I;46.271534;6.233320
8592761;J;46.271310;6.233598
8592762;J;46.259567;6.228370
8592762;K;46.259300;6.227876
8592763;A;46.261356;6.230338
8592763;B;46.262082;6.231011
8592763;C;46.261641;6.230050
8592764;K;46.270820;6.219162
8592764;L;46.270683;6.218929
8592765;E;46.266889;6.216791
8592765;F;46.266392;6.216306
8592766;O;46.205151;5.987226
8592766;P;46.205201;5.987101
8592766;Q;46.204386;5.980408
8592766;R;46.204330;5.980166
8592766;Y;46.205232;5.985421
8592766;Z;46.205207;5.985313
8592767;K;46.184507;6.008319
8592767;L;46.184376;6.008148
8592768;G;46.177876;6.003396
8592768;H;46.177914;6.003243
8592769;I;46.181490;6.007403
8592769;J;46.181304;6.007178
8592770;G;46.191086;5.997800
8592770;H;46.191037;5.997800
8592770;P;46.191497;5.996946
8592770;Q;46.191099;5.997521
8592771;Q;46.210982;5.989248
8592771;R;46.210939;5.989275
8592773;M;46.201676;6.161877
8592773;N;46.201688;6.162308
8592774;E;46.192573;6.138045
8592774;F;46.192747;6.138512
8592775;A;46.231058;6.109604
8592775;B;46.230983;6.109586
8592775;C;46.230971;6.110170
8592775;D;46.230952;6.110224
8592775;E;46.231182;6.110475
8592775;F;46.230107;6.109074
8592775;G;46.230368;6.109460
8592776;Q;46.188176;6.155131
8592776;R;46.188114;6.154295
8592777;O;46.209037;6.147154
8592778;I;46.200053;6.167644
8592778;J;46.200009;6.168399
8592778;K;46.199630;6.167437
8592778;L;46.199475;6.167312
8592779;I;46.198181;6.148699
8592779;J;46.198374;6.148609
8592779;K;46.198262;6.149094
8592779;L;46.198362;6.149570
8592780;E;46.191727;6.142581
8592780;F;46.191969;6.142860
8592780;V;46.190738;6.144099
8592780;W;46.191932;6.143866
8592780;X;46.192461;6.143929
8592780;Y;46.191708;6.143264
8592780;Z;46.191665;6.144387
8592782;X;46.199835;6.137622
8592785;Y;46.216533;6.139006
8592785;Z;46.216434;6.139365
8592786;H;46.188767;6.150468
8592789;D;46.189196;6.143156
8592789;E;46.188748;6.142940
8592789;N;46.188593;6.142312
8592789;P;46.189544;6.143354
8592791;A;46.216272;6.118380
8592791;B;46.216521;6.117680
8592791;C;46.216670;6.117913
8592791;D;46.216819;6.117132
8592791;E;46.215874;6.118452
8592791;F;46.216521;6.119288
8592791;Y;46.216564;6.118147
8592791;Z;46.216210;6.118282
8592792;Q;46.200140;6.148528
8592793;A;46.181901;6.157080
8592793;B;46.182311;6.156703
8592794;U;46.202384;6.142940
8592795;C;46.217012;6.147971
8592795;D;46.216620;6.147728
8592796;V;46.189712;6.152283
8592796;W;46.190172;6.152606
8592797;P;46.206283;6.117599
8592797;Q;46.206345;6.118470
8592798;H;46.214712;6.134173
8592798;I;46.214961;6.134083
8592799;V;46.201464;6.147818
8592801;Q;46.208154;6.143632
8592802;U;46.208490;6.127849
8592802;V;46.208328;6.128226
8592802;W;46.207657;6.127175
8592802;X;46.207725;6.127409
8592803;E;46.216770;6.151178
8592803;F;46.216813;6.150908
8592804;P;46.200805;6.140605
8592804;Q;46.200351;6.140838
8592804;R;46.200755;6.139967
8592804;S;46.201296;6.139967
8592804;T;46.201452;6.139482
8592805;N;46.195526;6.150765
8592805;O;46.196391;6.150396
8592805;P;46.195060;6.151160
8592806;M;46.190203;6.161751
8592806;N;46.189787;6.160952
8592808;C;46.222960;6.123761
8592808;D;46.223271;6.123142
8592809;G;46.217994;6.120806
8592809;H;46.218299;6.121327
8592810;O;46.195831;6.155930
8592810;P;46.196304;6.155346
8592810;Q;46.196322;6.156334
8592810;R;46.195756;6.156334
8592811;M;46.206768;6.122198
8592811;N;46.206077;6.122728
8592812;W;46.207252;6.141925
8592812;X;46.207601;6.142366
8592812;Y;46.207252;6.142006
8592812;Z;46.207613;6.142294
8592813;S;46.187075;6.159272
8592813;T;46.187075;6.158688
8592813;U;46.187237;6.158562
8592816;G;46.205381;6.131999
8592816;H;46.205325;6.132304
8592816;I;46.205972;6.131954
8592816;J;46.205219;6.131900
8592818;R;46.208825;6.131406
8592818;S;46.208689;6.131613
8592819;L;46.197591;6.139302
8592819;M;46.197106;6.137551
8592820;E;46.198418;6.152777
8592822;J;46.190639;6.136724
8592822;K;46.190663;6.135350
8592823;V;46.194127;6.172055
8592823;W;46.194065;6.171893
8592824;S;46.197242;6.153846
8592824;T;46.196646;6.154053
8592825;W;46.220126;6.145393
8592825;X;46.219971;6.145851
8592826;I;46.213258;6.119351
8592826;J;46.213046;6.119378
8592829;A;46.200134;6.163943
8592829;B;46.200090;6.164787
8592829;C;46.200482;6.165587
8592830;Q;46.213581;6.150594
8592830;R;46.213444;6.150396
8592831;S;46.207613;6.141530
8592832;E;46.215502;6.130481
8592832;F;46.216241;6.130292
8592832;G;46.216546;6.131307
8592832;Y;46.215551;6.131038
8592833;M;46.199524;6.174920
8592833;N;46.199680;6.174399
8592833;X;46.199599;6.174893
8592834;V;46.212319;6.138000
8592834;W;46.212959;6.137497
8592835;G;46.208943;6.123492
8592835;H;46.208788;6.123582
8592837;I;46.194737;6.149453
8592837;J;46.195029;6.148824
8592837;K;46.194656;6.148932
8592837;L;46.194009;6.148214
8592837;M;46.194276;6.148806
8592838;O;46.201054;6.146561
8592839;P;46.190284;6.133598
8592839;Q;46.190458;6.134065
8592840;K;46.224054;6.132780
8592840;L;46.224271;6.133490
8592840;T;46.223693;6.134883
8592841;T;46.206805;6.139042
8592841;U;46.206506;6.139985
8592841;V;46.207172;6.139491
8592842;N;46.188848;6.130768
8592842;O;46.189022;6.131235
8592843;O;46.222997;6.148995
8592843;P;46.223296;6.147558
8592843;U;46.222817;6.148779
8592843;V;46.223289;6.148555
8592844;K;46.204355;6.125082
8592844;L;46.204293;6.125342
8592845;E;46.221823;6.117132
8592846;S;46.193723;6.160790
8592846;T;46.193878;6.160844
8592847;V;46.230082;6.138736
8592847;W;46.230045;6.138673
8592848;U;46.195576;6.147216
8592849;I;46.192423;6.163692
8592849;J;46.192591;6.163709
8592849;K;46.191901;6.163656
8592849;L;46.192069;6.163575
8592850;M;46.209665;6.138530
8592850;N;46.210031;6.137847
8592851;N;46.199860;6.151654
8592851;O;46.199400;6.150693
8592852;E;46.225775;6.123869
8592852;F;46.225968;6.123824
8592853;R;46.191260;6.146004
8592853;S;46.191341;6.146147
8592854;G;46.206631;6.161868
8592854;H;46.206370;6.161724
8592855;R;46.219486;6.122719
8592855;S;46.219585;6.123079
8592856;M;46.203373;6.151510
8592856;N;46.203373;6.150944
8592858;A;46.204691;6.127579
8592858;B;46.204691;6.128019
8592860;O;46.189065;6.156676
8592860;P;46.188941;6.155759
8592861;Y;46.220281;6.129142
8592861;Z;46.220573;6.129717
8592862;W;46.203989;6.148510
8592862;X;46.204094;6.148393
8592862;Y;46.203019;6.147405
8592862;Z;46.203205;6.146929
8592863;S;46.213394;6.145572
8592863;Z;46.213121;6.145294
8592864;G;46.207035;6.147351
8592864;H;46.207607;6.146650
8592865;E;46.202969;6.166279
8592865;F;46.203043;6.166108
8592866;U;46.210535;6.148375
8592866;V;46.210193;6.148303
8592867;M;46.219927;6.135215
8592867;N;46.219020;6.134272
8592867;Z;46.218597;6.133903
8592868;J;46.197945;6.136410
8592868;K;46.197833;6.136032
8592869;E;46.206966;6.133589
8592869;F;46.207358;6.134182
8592870;A;46.198604;6.157340
8592870;B;46.198467;6.157260
8592870;C;46.198380;6.158311
8592870;D;46.198163;6.158643
8592871;M;46.211952;6.149651
8592871;N;46.211828;6.149471
8592873;C;46.206121;6.136526
8592873;D;46.205972;6.136392
8592874;R;46.202956;6.133131
8592874;S;46.203031;6.133912
8592876;E;46.209522;6.167734
8592876;F;46.209211;6.167204
8592876;J;46.209646;6.167932
8592878;C;46.194084;6.154331
8592878;D;46.194121;6.153091
8592879;G;46.197659;6.151717
8592880;U;46.222699;6.129672
8592880;V;46.222948;6.130409
8592880;W;46.222904;6.128603
8592880;X;46.223103;6.128415
8592880;Y;46.221904;6.125414
8592880;Z;46.221904;6.125540
8592881;V;46.196695;6.146156
8592883;N;46.201775;6.157511
8592883;O;46.202559;6.155418
8592883;P;46.202360;6.155786
8592883;Q;46.202322;6.156586
8592883;R;46.201794;6.155786
8592883;S;46.201750;6.156909
8592885;I;46.200992;6.143857
8592885;J;46.200687;6.143300
8592885;K;46.201010;6.143668
8592885;L;46.200967;6.144647
8592885;M;46.201265;6.144243
8592885;N;46.201526;6.143991
8592886;A;46.192243;6.153361
8592886;B;46.191926;6.153073
8592887;R;46.194936;6.143452
8592887;S;46.194457;6.143470
8592887;T;46.195023;6.143012
8592888;T;46.213388;6.141359
8592888;U;46.212661;6.141117
8592889;X;46.211610;6.133939
8592889;Y;46.211983;6.133266
8592890;O;46.208514;6.135511
8592890;P;46.208514;6.135996
8592891;V;46.195365;6.130041
8592891;W;46.195881;6.129439
8592891;X;46.196272;6.128235
8592891;Y;46.195887;6.127930
8592892;C;46.190172;6.150352
8592893;F;46.221325;6.119755
8592894;O;46.196192;6.166665
8592894;P;46.196011;6.166791
8592894;Q;46.195377;6.165659
8592894;R;46.195309;6.165425
8592895;K;46.223476;6.144647
8592895;L;46.223321;6.144387
8592898;E;46.193269;6.150711
8592898;F;46.193151;6.150495
8592898;G;46.192579;6.150432
8592898;H;46.193337;6.151852
8592899;J;46.227279;6.119539
8592900;T;46.203522;6.157484
8592900;U;46.204107;6.158544
8592902;Y;46.220362;6.149678
8592902;Z;46.220493;6.149992
8592903;A;46.213220;6.130535
8592903;B;46.213612;6.129888
8592903;C;46.213972;6.130005
8592903;D;46.213469;6.129088
8592904;P;46.203914;6.132134
8592904;Q;46.203970;6.132511
8592906;H;46.203640;6.139850
8592906;I;46.203976;6.139949
8592906;J;46.203597;6.141054
8592906;K;46.204107;6.140228
8592906;L;46.204175;6.140335
8592907;M;46.199929;6.150944
8592908;G;46.199879;6.132628
8592908;H;46.199282;6.133463
8592909;P;46.200836;6.148196
8592910;K;46.200992;6.156092
8592910;T;46.200986;6.156478
8592910;U;46.201147;6.155903
8592910;V;46.200731;6.155202
8592910;W;46.200967;6.155741
8592911;A;46.224110;6.127148
8592911;B;46.224302;6.127004
8592912;F;46.198461;6.155436
8592913;I;46.218317;6.125612
8592913;J;46.217634;6.126510
8592913;K;46.217776;6.126573
8592913;L;46.218379;6.125720
8592915;N;46.195215;6.140910
8592915;O;46.194550;6.140865
8592915;P;46.194805;6.141234
8592915;Q;46.195632;6.141090
8592915;Y;46.194426;6.142060
8592915;Z;46.194376;6.141710
8592916;A;46.216801;6.141332
8592916;B;46.216664;6.141198
8592917;S;46.220511;6.140129
8592917;T;46.219790;6.140892
8592917;U;46.219473;6.140856
8592918;V;46.189370;6.167321
8592918;W;46.190216;6.166988
8592919;O;46.218902;6.137829
8592920;L;46.192734;6.134424
8592920;M;46.193673;6.133391
8592921;U;46.217739;6.136580
8592921;V;46.217006;6.136796
8592921;W;46.217055;6.135790
8592921;X;46.217634;6.135583
8592922;O;46.215091;6.124902
8592922;P;46.214917;6.125477
8592923;V;46.201290;6.135709
8592923;W;46.201402;6.135987
8592924;X;46.200544;6.158796
8592924;Y;46.200700;6.158221
8592924;Z;46.200525;6.158625
8592925;V;46.205338;6.160350
8592925;W;46.205126;6.160251
8592927;M;46.196913;6.163108
8592927;N;46.196695;6.163422
8592928;K;46.210678;6.127031
8592928;L;46.211741;6.127552
8592929;T;46.229405;6.106325
8592929;U;46.229280;6.106487
8592930;U;46.258356;6.149570
8592930;V;46.258256;6.150073
8592932;F;46.268578;6.158382
8592932;G;46.268646;6.158311
8592933;H;46.270882;6.158903
8592933;I;46.271497;6.159218
8592934;W;46.259536;6.145051
8592934;X;46.259604;6.145617
8592934;Y;46.259921;6.145420
8592934;Z;46.259275;6.146516
8592935;I;46.233369;6.112613
8592935;J;46.233040;6.111904
8592936;R;46.228013;6.114311
8592936;S;46.227602;6.113817
8592937;W;46.235904;6.115973
8592937;X;46.234842;6.116485
8592938;P;46.242354;6.130642
8592938;Q;46.241018;6.128522
8592938;R;46.240608;6.128433
8592939;P;46.225626;6.111993
8592939;Q;46.225054;6.111697
8592940;B;46.228802;6.127606
8592940;C;46.228684;6.128442
8592943;M;46.238141;6.118336
8592943;N;46.238384;6.118821
8592944;I;46.229007;6.120914
8592945;D;46.230585;6.124893
8592945;E;46.230293;6.125118
8592945;F;46.230778;6.126825
8592945;G;46.230772;6.127004
8592946;M;46.243826;6.129933
8592946;N;46.243733;6.130247
8592946;U;46.243509;6.129124
8592946;V;46.243988;6.128792
8592947;X;46.235892;6.127247
8592947;Y;46.236215;6.126358
8592947;Z;46.236122;6.126160
8592948;N;46.223557;6.113817
8592948;O;46.223265;6.114104
8592949;O;46.239744;6.123420
8592949;P;46.239396;6.123267
8592950;T;46.233475;6.118165
8592950;U;46.233512;6.118605
8592950;V;46.233195;6.118578
8592951;K;46.238303;6.123672
8592951;L;46.237508;6.123564
8592952;Y;46.230685;6.117276
8592952;Z;46.230567;6.117222
8592953;J;46.243137;6.122369
8592953;K;46.243186;6.122108
8592953;L;46.242689;6.122845
8592953;M;46.242739;6.121695
8592953;V;46.243789;6.125450
8592953;W;46.242640;6.122010
8592953;X;46.242385;6.122270
8592953;Y;46.243478;6.123321
8592953;Z;46.244013;6.123420
8592954;J;46.251486;6.260099
8592955;F;46.249368;6.254529
8592955;G;46.249821;6.254781
8592956;H;46.251281;6.255589
8592957;N;46.296000;6.243156
8592957;O;46.296267;6.243174
8592958;L;46.292816;6.240857
8592958;M;46.292481;6.240390
8592959;Q;46.237694;6.276682
8592959;R;46.237731;6.276322
8592960;C;46.224178;6.250163
8592960;H;46.223787;6.250316
8592961;U;46.241490;6.296319
8592961;V;46.241490;6.296202
8592962;O;46.237222;6.270259
8592962;P;46.237128;6.269944
8592963;E;46.232394;6.250091
8592963;F;46.232182;6.249894
8592964;G;46.235289;6.260611
8592964;H;46.235432;6.260377
8592965;A;46.222183;6.251475
8592965;B;46.221879;6.251547
8592966;W;46.241832;6.306155
8592967;S;46.238626;6.280266
8592967;T;46.238663;6.280571
8592968;I;46.234929;6.264249
8592968;J;46.234941;6.264447
8592970;A;46.233562;6.250729
8592970;B;46.233419;6.250568
8592970;C;46.234892;6.248555
8592970;D;46.234643;6.248888
8592971;K;46.161397;6.043695
8592971;L;46.161534;6.044287
8592972;G;46.154204;6.033580
8592972;H;46.154303;6.033894
8592973;M;46.158634;6.037703
8592973;N;46.158908;6.037963
8592973;P;46.158871;6.037254
8592975;G;46.190272;6.112254
8592975;H;46.190800;6.112335
8592976;M;46.193530;6.107196
8592976;N;46.193704;6.107933
8592978;O;46.194556;6.112128
8592978;P;46.195079;6.112470
8592978;Q;46.194799;6.113179
8592978;R;46.194718;6.113386
8592979;A;46.197081;6.115182
8592979;B;46.197012;6.115497
8592980;E;46.195290;6.122719
8592980;F;46.195700;6.121830
8592982;M;46.175202;6.116162
8592982;N;46.174947;6.115712
8592983;J;46.181770;6.120707
8592983;K;46.182143;6.120653
8592983;L;46.182423;6.117976
8592983;M;46.182697;6.119243
8592984;Q;46.171538;6.108436
8592984;R;46.171370;6.107906
8592984;S;46.170729;6.107762
8592985;W;46.180464;6.113018
8592985;X;46.180576;6.113368
8592986;I;46.192461;6.109963
8592986;J;46.193027;6.109523
8592988;A;46.176974;6.122162
8592988;B;46.176962;6.122073
8592988;C;46.177055;6.121983
8592988;D;46.176527;6.122046
8592988;J;46.176272;6.120321
8592988;K;46.176048;6.121111
8592991;U;46.179550;6.121498
8592991;V;46.179133;6.121525
8592992;L;46.172987;6.123186
8592992;M;46.172819;6.123537
8592992;N;46.172975;6.123321
8592992;O;46.173273;6.123492
8592993;O;46.186211;6.116575
8592993;P;46.186659;6.116350
8592994;R;46.173012;6.132924
8592994;S;46.172869;6.133086
8592995;G;46.193592;6.123591
8592995;H;46.193847;6.124067
8592995;J;46.193885;6.124282
8592995;K;46.193275;6.123034
8592997;C;46.196515;6.118102
8592997;D;46.196459;6.117716
8592999;P;46.239595;6.235539
8593001;I;46.246516;6.233877
8593001;J;46.246498;6.233697
8593002;D;46.248604;6.247226
8593002;E;46.248678;6.247334
8593003;K;46.242062;6.245250
8593003;M;46.242124;6.245268
8593004;A;46.243578;6.226475
8593004;B;46.243646;6.226448
8593004;D;46.243217;6.226484
8593005;Q;46.237501;6.242537
8593005;R;46.237520;6.242644
8593006;A;46.246367;6.237147
8593006;B;46.246429;6.236895
8593006;C;46.246224;6.237758
8593008;G;46.236948;6.079430
8593008;H;46.237197;6.080346
8593010;K;46.230946;6.080741
8593010;L;46.230480;6.081199
8593011;A;46.220182;6.065227
8593011;B;46.221642;6.065128
8593011;C;46.221568;6.065362
8593011;D;46.221922;6.063646
8593012;F;46.224427;6.099615
8593012;G;46.224414;6.099857
8593013;A;46.230312;6.066889
8593013;B;46.230057;6.067581
8593013;D;46.229746;6.067617
8593013;E;46.229684;6.067383
8593013;Z;46.229790;6.066566
8593014;H;46.226142;6.101241
8593014;I;46.226353;6.101438
8593015;S;46.225415;6.083876
8593015;T;46.226198;6.083086
8593015;V;46.225819;6.083301
8593015;W;46.225595;6.083930
8593015;X;46.226577;6.082690
8593015;Y;46.226074;6.082547
8593018;K;46.232245;6.059963
8593018;L;46.232033;6.060466
8593019;W;46.235395;6.083059
8593019;X;46.235469;6.083445
8593021;V;46.228628;6.103954
8593021;W;46.228491;6.104007
8593022;Q;46.233270;6.077624
8593022;R;46.232959;6.077947
8593023;U;46.233873;6.075145
8593023;V;46.233991;6.075378
8593025;O;46.227161;6.061841
8593025;P;46.227484;6.062541
8593025;X;46.225676;6.063736
8593026;F;46.228752;6.072243
8593026;G;46.228939;6.071794
8593026;H;46.229771;6.072477
8593026;I;46.229417;6.071758
8593027;T;46.185937;6.106945
8593027;U;46.185825;6.105768
8593027;V;46.185825;6.106038
8593027;W;46.185981;6.106819
8593028;Q;46.179481;6.104996
8593029;Y;46.184420;6.094315
8593029;Z;46.184388;6.094225
8593030;O;46.189550;6.099085
8593030;P;46.190601;6.098743
8593030;S;46.188338;6.099920
8593031;W;46.185017;6.090712
8593031;X;46.184898;6.091395
8593032;U;46.191117;6.100118
8593032;V;46.191205;6.100944
8593033;G;46.185309;6.101699
8593033;H;46.185135;6.101160
8593034;S;46.179842;6.109038
8593034;U;46.179780;6.109110
8593035;W;46.189992;6.103343
8593035;X;46.190216;6.103271
8593037;T;46.189557;6.101339
8593038;Y;46.192056;6.102956
8593038;Z;46.192019;6.103397
8593039;O;46.181055;6.105948
8593039;P;46.180800;6.106092
8593042;E;46.183002;6.101834
8593042;F;46.182529;6.102310
8593043;Q;46.187150;6.104340
8593043;R;46.187175;6.104600
8593043;S;46.187473;6.105517
8593044;K;46.155535;6.084280
8593044;L;46.155417;6.083822
8593045;M;46.156039;6.081819
8593045;N;46.155946;6.081585
8593046;O;46.152324;6.090892
8593046;P;46.152380;6.091108
8593047;A;46.157639;6.097495
8593047;B;46.157639;6.095941
8593047;C;46.157203;6.096767
8593047;D;46.158261;6.097737
8593048;I;46.155442;6.089940
8593048;J;46.155430;6.090164
8593050;S;46.165391;6.111194
8593050;T;46.165416;6.111517
8593051;E;46.162330;6.102390
8593051;F;46.162386;6.102121
8593052;R;46.155934;6.124175
8593052;S;46.156021;6.124327
8593053;R;46.163811;6.129061
8593055;M;46.162542;6.138871
8593055;N;46.163319;6.139132
8593056;J;46.167600;6.110089
8593056;L;46.168172;6.110017
8593057;T;46.171239;6.123716
8593057;U;46.171034;6.123043
8593059;X;46.163643;6.106074
8593059;Y;46.163599;6.106568
8593060;V;46.171152;6.135386
8593060;W;46.170984;6.135493
8593062;G;46.167618;6.140443
8593062;H;46.167793;6.140614
8593062;I;46.167326;6.140012
8593062;J;46.167612;6.139680
8593063;O;46.165746;6.122773
8593063;P;46.165783;6.122908
8593064;R;46.169628;6.120438
8593064;S;46.169485;6.119881
8593065;N;46.166237;6.107241
8593067;N;46.159928;6.125010
8593067;O;46.159717;6.125091
8593068;A;46.166884;6.132619
8593068;B;46.167040;6.132915
8593070;P;46.171637;6.125666
8593070;Q;46.171469;6.125208
8593071;G;46.167438;6.115721
8593071;H;46.167413;6.115901
8593072;E;46.168664;6.122001
8593072;F;46.169267;6.121471
8593073;A;46.166275;6.102498
8593073;B;46.166548;6.103163
8593073;C;46.164557;6.102435
8593073;D;46.165976;6.101780
8593074;I;46.244671;6.137892
8593074;J;46.244404;6.137991
8593075;K;46.244429;6.134083
8593075;L;46.244497;6.134784
8593076;T;46.241944;6.143650
8593076;U;46.241732;6.143650
8593077;R;46.237452;6.141323
8593077;S;46.237203;6.141027
8593078;T;46.232213;6.138799
8593078;U;46.232350;6.138772
8593079;E;46.209024;6.248277
8593079;F;46.208856;6.247962
8593080;C;46.207035;6.245025
8593080;D;46.207153;6.245124
8593081;I;46.212282;6.251834
8593081;J;46.212207;6.251565
8593082;S;46.210361;6.234928
8593082;T;46.210429;6.234910
8593083;A;46.208340;6.240758
8593083;B;46.208396;6.240551
8593084;Q;46.212014;6.229116
8593084;R;46.211915;6.228891
8593085;M;46.208353;6.230418
8593085;N;46.208204;6.230221
8593086;K;46.206544;6.227409
8593086;L;46.206395;6.227032
8593087;U;46.213357;6.234443
8593087;V;46.213419;6.234587
8593088;M;46.204660;6.002282
8593088;N;46.204616;6.002237
8593089;K;46.207134;5.997180
8593089;L;46.207153;5.997386
8593090;A;46.193244;6.016565
8593090;O;46.193045;6.016206
8593091;I;46.197771;6.048869
8593091;J;46.197833;6.048914
8593092;H;46.229535;6.038682
8593092;Y;46.230231;6.036751
8593093;K;46.200022;6.065039
8593093;L;46.199618;6.064131
8593094;T;46.213295;6.023042
8593095;U;46.219417;6.022189
8593096;G;46.223128;6.059244
8593096;H;46.223265;6.059047
8593097;R;46.206003;6.018874
8593098;S;46.216944;6.061427
8593098;T;46.216863;6.061688
8593099;I;46.224203;6.055319
8593099;J;46.224284;6.055319
8593100;M;46.198654;6.062496
8593100;N;46.198629;6.062281
8593101;C;46.216782;6.031397
8593101;S;46.216508;6.031792
8593102;W;46.213786;6.033310
8593102;X;46.213593;6.033328
8593103;D;46.218280;6.030552
8593103;R;46.218069;6.030444
8593104;Q;46.204623;6.023536
8593104;U;46.202422;6.020150
8593104;V;46.202621;6.019871
8593105;O;46.197317;6.056549
8593105;P;46.197330;6.056046
8593106;U;46.190309;6.198474
8593106;V;46.190178;6.198375
8593107;N;46.207153;6.209919
8593107;O;46.207196;6.210197
8593109;F;46.209783;6.216557
8593109;G;46.209807;6.216854
8593110;O;46.186298;6.196130
8593110;P;46.186702;6.196911
8593111;Q;46.184942;6.192617
8593111;R;46.185241;6.191791
8593111;S;46.184556;6.191378
8593112;Q;46.193232;6.200675
8593112;R;46.193250;6.200909
8593113;A;46.209024;6.214626
8593113;B;46.209142;6.215084
8593113;C;46.208720;6.214159
8593113;D;46.208253;6.214249
8593114;D;46.207843;6.218192
8593114;E;46.207551;6.218408
8593116;A;46.196223;6.205625
8593116;B;46.195365;6.205248
8593116;D;46.197143;6.206496
8593117;M;46.187877;6.198268
8593117;N;46.187772;6.198061
8593118;A;46.192398;6.206694
8593118;B;46.192442;6.206703
8593118;C;46.192411;6.206101
8593118;D;46.192305;6.206685
8593119;H;46.203671;6.222010
8593119;I;46.204094;6.223429
8593119;J;46.204747;6.222172
8593120;N;46.197908;6.211015
8593120;O;46.197976;6.210619
8593121;T;46.202546;6.219468
8593121;U;46.202204;6.218309
8593122;R;46.200700;6.215740
8593122;S;46.200401;6.215030
8593123;J;46.181453;6.188224
8593123;K;46.181708;6.188269
8593124;L;46.189115;6.200064
8593125;A;46.163506;6.149166
8593125;B;46.163761;6.148860
8593126;Q;46.167880;6.144890
8593126;R;46.168010;6.144899
8593127;C;46.161671;6.148375
8593127;D;46.161801;6.148402
8593128;R;46.210995;6.206622
8593128;S;46.211181;6.207350
8593129;T;46.217789;6.210404
8593129;U;46.217814;6.210566
8593129;V;46.216981;6.211680
8593129;W;46.216900;6.211697
8593130;H;46.212126;6.210943
8593130;I;46.212369;6.211401
8593131;D;46.219082;6.208248
8593131;E;46.219113;6.208338
8593132;P;46.215756;6.195088
8593132;Q;46.215601;6.194576
8593133;F;46.218790;6.214985
8593133;G;46.218777;6.214761
8593134;P;46.208962;6.201376
8593134;Q;46.209204;6.201690
8593135;J;46.214246;6.215120
8593135;K;46.214358;6.215120
8593136;N;46.214165;6.190596
8593136;O;46.214233;6.190461
8593137;C;46.201365;6.104385
8593137;D;46.200967;6.103262
8593137;E;46.201203;6.103109
8593138;A;46.207725;6.109209
8593138;B;46.207918;6.109146
8593138;C;46.205922;6.109891
8593138;D;46.206227;6.110080
8593138;E;46.205729;6.111993
8593139;R;46.219859;6.105184
8593139;S;46.219598;6.105894
8593139;T;46.219983;6.105211
8593139;X;46.219486;6.105840
8593141;P;46.218566;6.110197
8593141;Q;46.218261;6.111059
8593141;Z;46.218398;6.110161
8593142;R;46.206506;6.098752
8593142;S;46.206867;6.098977
8593143;W;46.206662;6.072845
8593143;X;46.206998;6.073195
8593144;L;46.212536;6.104897
8593144;M;46.211933;6.106056
8593144;N;46.211710;6.104672
8593144;O;46.212095;6.105238
8593146;H;46.209975;6.073393
8593146;I;46.210069;6.074058
8593147;L;46.196216;6.093901
8593148;H;46.196384;6.099031
8593148;I;46.196677;6.099408
8593149;U;46.208701;6.069970
8593149;V;46.208813;6.070384
8593150;O;46.217745;6.088386
8593150;P;46.217876;6.088664
8593151;P;46.208738;6.098860
8593151;Q;46.209086;6.100064
8593152;K;46.212406;6.112218
8593152;T;46.211287;6.112739
8593152;U;46.211138;6.112766
8593154;T;46.203659;6.097863
8593154;U;46.203709;6.098204
8593154;V;46.203858;6.099875
8593155;I;46.219044;6.092446
8593155;J;46.219032;6.092913
8593156;X;46.216794;6.079259
8593156;Y;46.216720;6.079582
8593156;Z;46.218299;6.079331
8593157;V;46.209907;6.105274
8593157;W;46.209820;6.105337
8593158;L;46.221257;6.112119
8593158;M;46.221947;6.111212
8593159;A;46.202702;6.101348
8593159;B;46.202465;6.101411
8593161;T;46.214090;6.102642
8593161;U;46.213313;6.103397
8593162;F;46.208769;6.107511
8593162;G;46.208564;6.107655
8593165;T;46.219442;6.114374
8593165;U;46.219821;6.114275
8593165;V;46.220567;6.114590
8593166;Z;46.205307;6.076151
8593167;W;46.204032;6.108508
8593167;X;46.204293;6.109245
8593167;Y;46.204181;6.109218
8593168;F;46.210466;6.075243
8593168;G;46.210721;6.076232
8593169;F;46.219119;6.095581
8593169;G;46.219225;6.095941
8593169;H;46.219946;6.096066
8593170;F;46.198181;6.101375
8593170;G;46.197765;6.100953
8593171;H;46.205903;6.104421
8593171;I;46.206351;6.103109
8593172;W;46.216689;6.068677
8593172;X;46.216614;6.068802
8593173;X;46.200917;6.093084
8593173;Y;46.200656;6.093937
8593173;Z;46.200681;6.093434
8593174;J;46.205692;6.108274
8593174;K;46.205879;6.108068
8593175;Q;46.216763;6.085403
8593175;R;46.216372;6.085861
8593176;A;46.215259;6.081828
8593176;B;46.215222;6.081990
8593177;C;46.212816;6.079358
8593177;D;46.212543;6.078648
8593177;E;46.212748;6.078971
8593178;J;46.195539;6.095887
8593178;K;46.195613;6.096929
8593180;E;46.219753;6.076726
8593180;F;46.219573;6.076833
8593181;E;46.283858;6.163108
8593181;F;46.283697;6.163072
8593182;C;46.286000;6.160736
8593182;D;46.286224;6.160538
8593183;P;46.295696;6.155688
8593184;Y;46.279599;6.162236
8593184;Z;46.279190;6.163269
8593185;N;46.291941;6.153999
8593185;O;46.291730;6.154223
8593186;N;46.274825;6.168560
8593186;O;46.274508;6.167985
8593186;P;46.273347;6.167258
8593187;J;46.274390;6.164392
8593187;K;46.274458;6.164311
8593188;I;46.291376;6.163251
8593188;J;46.291419;6.163736
8593189;A;46.287670;6.163323
8593189;B;46.287720;6.162623
8593190;G;46.289098;6.165776
8593190;H;46.288452;6.165713
8593191;L;46.277271;6.167339
8593191;M;46.277079;6.167491
8593192;G;46.172060;6.172899
8593192;H;46.172378;6.172450
8593193;U;46.163481;6.175873
8593193;V;46.163431;6.175262
8593194;P;46.173248;6.141171
8593194;Q;46.173603;6.140587
8593195;W;46.163494;6.167914
8593195;X;46.163550;6.168803
8593196;E;46.169615;6.143785
8593196;F;46.169926;6.143686
8593198;E;46.172614;6.165138
8593198;F;46.172657;6.165623
8593199;T;46.171905;6.139230
8593199;U;46.172533;6.138925
8593200;K;46.164993;6.183634
8593200;L;46.164682;6.183221
8593201;A;46.168956;6.180822
8593201;B;46.168856;6.180553
8593201;C;46.168172;6.179960
8593201;D;46.168340;6.180212
8593202;P;46.169317;6.177562
8593202;Q;46.169298;6.177885
8593203;J;46.172900;6.182367
8593203;K;46.173074;6.182394
8593204;M;46.167482;6.154861
8593204;N;46.167674;6.155086
8593205;O;46.165453;6.158230
8593205;P;46.165665;6.157843
8593206;I;46.171239;6.160116
8593206;J;46.171270;6.160350
8593207;M;46.170648;6.182448
8593207;N;46.170051;6.182197
8593207;O;46.169846;6.183167
8593208;V;46.175917;6.152831
8593208;W;46.175730;6.152552
8593209;K;46.169597;6.156406
8593209;L;46.170082;6.157646
8593210;L;46.178374;6.181379
8593210;M;46.178573;6.182044
8593211;I;46.166436;6.178469
8593211;J;46.166586;6.178622
8593212;E;46.168041;6.184973
8593212;F;46.168527;6.184496
8593213;N;46.176981;6.179655
8593213;O;46.177111;6.179834
8593214;A;46.173858;6.168965
8593214;B;46.173653;6.170079
8593214;C;46.173777;6.170088
8593214;D;46.173765;6.169001
8593216;X;46.176365;6.159694
8593216;Y;46.176545;6.159119
8593252;A;47.138963;7.307409
8593252;B;47.138731;7.308217
8593252;C;47.139031;7.308217
8593280;A;46.619806;7.053958
8593280;B;46.620090;7.053742
8593280;C;46.619812;7.054138
8593280;D;46.620108;7.053922
8593315;A;47.125195;7.253384
8593320;A;47.140350;7.265251
8593320;B;47.140430;7.265556
8593321;A;47.136379;7.257642
8593321;B;47.136372;7.257893
8593321;C;47.136360;7.256564
8593321;D;47.136201;7.256923
8593322;A;47.141444;7.251012
8593322;B;47.141597;7.251488
8593323;A;47.146546;7.275572
8593323;B;47.146662;7.275887
8593326;A;47.124314;7.259546
8593326;B;47.124192;7.259528
8593327;A;47.136935;7.262178
8593327;B;47.136201;7.262735
8593331;A;47.142263;7.245137
8593331;B;47.142226;7.244994
8593331;C;47.142440;7.245380
8593331;D;47.142672;7.245811
8593332;A;47.149778;7.280369
8593332;B;47.149558;7.280235
8593335;A;47.146833;7.265296
8593335;B;47.146815;7.265412
8593337;A;47.130084;7.246395
8593337;B;47.129558;7.245955
8593337;C;47.129461;7.246700
8593339;A;47.145538;7.242910
8593339;B;47.145550;7.243035
8593341;A;47.144200;7.246224
8593341;B;47.143962;7.245937
8593345;A;47.132816;7.262322
8593351;A;47.152270;7.261837
8593355;A;47.158697;7.294814
8593355;B;47.158440;7.294284
8593356;A;47.130823;7.266176
8593358;A;47.142984;7.271557
8593358;B;47.143094;7.272770
8593363;A;47.128379;7.213624
8593365;A;47.130738;7.236289
8593366;A;47.141395;7.255836
8593366;B;47.141469;7.256070
8593369;A;47.144243;7.257103
8593369;B;47.144316;7.257390
8593372;A;47.137301;7.265331
8593374;A;47.147163;7.244455
8593375;A;47.140387;7.253689
8593375;B;47.140412;7.253851
8593376;A;47.143228;7.254929
8593376;B;47.143320;7.255252
8593380;A;47.140858;7.239846
8593380;B;47.140919;7.240080
8593382;A;47.147572;7.286127
8593386;A;47.127126;7.252036
8593386;B;47.127040;7.251866
8593388;A;47.125952;7.250976
8593388;B;47.125836;7.251120
8593435;A;47.196512;8.481677
8593435;B;47.196579;8.481408
8593435;C;47.197324;8.479530
8593467;1;46.219200;6.904002
8593496;A;47.544599;7.544016
8593496;B;47.544417;7.544276
8593502;A;47.513495;7.617821
8593502;B;47.513046;7.617480
8593502;C;47.513343;7.618001
8593502;D;47.513282;7.618091
8593504;A;47.537043;7.633165
8593504;B;47.536382;7.633102
8593505;A;47.522395;7.548723
8593505;B;47.522674;7.548436
8593505;C;47.523190;7.547654
8593514;B;46.863112;8.627600
8593515;B;46.866594;8.627860
8593763;M;46.318216;6.965007
8593763;N;46.318234;6.965150
8593764;O;46.320040;6.959823
8593764;Y;46.320673;6.960120
8593764;Z;46.321256;6.960048
8593765;Z;46.311453;6.941794
8593766;O;46.313786;6.959213
8593766;P;46.313792;6.959087
8593768;Q;46.311558;6.962132
8593769;K;46.314580;6.962968
8593769;L;46.314561;6.962968
8593770;L;46.321628;6.956509
8593772;1;46.273633;7.051982
8593773;1;46.355540;7.141633
8593774;1;46.355007;7.147158
8593775;1;46.354455;7.119292
8593776;1;46.353612;7.129183
8593783;A;46.818243;6.465849
8593783;B;46.818292;6.465822
8593785;A;46.817733;6.459893
8593785;B;46.817782;6.459884
8593786;A;46.823148;6.497550
8593786;B;46.824052;6.497164
8593837;E;46.516985;6.605438
8593837;F;46.516904;6.606678
8593838;H;46.516088;6.605663
8593861;A;46.505059;6.688326
8593861;B;46.504874;6.688784
8593861;C;46.503829;6.690158
8593870;A;46.377880;6.184047
8593870;B;46.377825;6.184101
8593871;A;46.363934;6.220510
8593871;B;46.364015;6.220717
8593872;A;46.379362;6.160610
8593872;B;46.379926;6.158912
8593873;A;46.392387;6.231541
8593874;E;46.383111;6.236024
8593876;A;46.381078;6.219459
8593876;B;46.381339;6.220025
8593878;A;46.393006;6.237093
8593878;B;46.392982;6.237281
8593879;A;46.390615;6.230769
8593879;B;46.390478;6.230760
8593880;A;46.378853;6.234820
8593880;B;46.379343;6.233967
8593881;A;46.391736;6.233931
8593883;A;46.387002;6.240426
8593883;B;46.386693;6.240605
8593884;A;46.392220;6.228182
8593884;B;46.392244;6.228298
8593885;A;46.388589;6.228577
8593885;B;46.388973;6.229215
8593886;A;46.391569;6.234757
8593887;A;46.393483;6.230877
8593888;A;46.385955;6.220276
8593888;B;46.385249;6.219261
8593890;G;46.384778;6.240812
8593890;H;46.384896;6.240938
8593891;A;46.387089;6.227768
8593891;B;46.387225;6.227750
8593892;B;46.383359;6.239419
8593893;B;46.383762;6.222881
8593895;A;46.382243;6.215713
8593895;B;46.382243;6.215264
8593896;A;46.381692;6.225145
8593896;B;46.381580;6.225774
8593897;A;46.388682;6.238773
8593897;B;46.388576;6.238701
8593898;A;46.392573;6.231110
8593899;A;46.383749;6.240156
8593901;A;46.384332;6.221327
8593917;A;46.441219;6.889979
8593917;B;46.441615;6.889306
8593917;D;46.441467;6.889387
8593928;C;46.436106;6.909212
8593928;D;46.435969;6.909194
8593929;A;46.435858;6.910147
8593929;B;46.436192;6.909814
8593931;A;46.431450;6.911162
8593938;F;46.435994;6.911961
8593938;G;46.436706;6.911395
8593941;A;46.433363;6.913174
8593941;B;46.432769;6.913731
8593944;E;46.436978;6.910425
8593956;A;46.453586;6.856382
8593956;B;46.453784;6.856239
8593956;C;46.453443;6.856346
8593971;A;46.456705;6.864342
8593971;B;46.457132;6.864198
8593971;C;46.457225;6.864099
8593991;A;46.457398;6.852448
8593991;B;46.457089;6.853274
8593992;A;46.468604;6.836242
8593992;B;46.468907;6.836485
8593992;C;46.468783;6.836548
8593999;A;46.471240;6.852951
8593999;B;46.471283;6.853122
8594010;A;46.790450;6.620629
8594010;B;46.790598;6.620305
8594012;A;46.793101;6.618535
8594012;B;46.793039;6.618643
8594013;A;46.789718;6.622102
8594013;B;46.789693;6.622281
8594016;A;46.782589;6.629944
8594016;B;46.782872;6.629827
8594017;A;46.773847;6.633987
8594017;B;46.773860;6.633852
8594021;A;46.776739;6.645979
8594021;B;46.776917;6.645683
8594024;A;46.775933;6.636295
8594024;B;46.776025;6.636268
8594026;A;46.773306;6.632046
8594026;B;46.773343;6.632280
8594027;A;46.766452;6.645188
8594027;B;46.766421;6.645278
8594029;A;46.781291;6.625866
8594029;B;46.780910;6.626099
8594030;A;46.782392;6.635190
8594030;B;46.782405;6.635316
8594031;A;46.779126;6.642053
8594031;B;46.779113;6.642197
8594032;A;46.788137;6.630393
8594032;B;46.788703;6.630196
8594032;C;46.788875;6.631678
8594037;A;46.784201;6.628480
8594037;B;46.784945;6.628156
8594040;A;46.772506;6.645961
8594040;B;46.772481;6.646329
8594042;A;46.785640;6.638146
8594042;B;46.785659;6.638029
8594043;A;46.777582;6.643059
8594043;B;46.777803;6.642916
8594044;A;46.769294;6.643769
8594044;B;46.769411;6.643832
8594046;A;46.772180;6.643167
8594046;B;46.771891;6.643814
8594047;A;46.787024;6.625003
8594047;B;46.787092;6.625237
8594050;A;46.768088;6.655375
8594050;B;46.768144;6.655375
8594051;B;46.777938;6.664727
8594053;A;46.786581;6.635136
8594053;B;46.787098;6.634714
8594054;A;46.775219;6.643167
8594054;B;46.775373;6.644272
8594056;A;46.778037;6.650291
8594056;B;46.778277;6.649725
8594061;A;46.783844;6.624312
8594061;B;46.783438;6.623827
8594062;A;46.779101;6.645404
8594062;B;46.779230;6.645350
8594068;A;47.204178;8.737724
8594068;B;47.204166;8.738254
8594161;A;46.416025;6.271750
8594161;B;46.415721;6.272082
8594183;A;47.244918;8.136365
8594184;A;47.224308;8.147459
8594184;B;47.224406;8.147459
8594263;A;46.347306;6.164329
8594271;B;47.151947;7.237933
8594272;A;47.149686;7.238616
8594272;B;47.149668;7.238193
8594273;A;47.148996;7.235759
8594273;B;47.149051;7.235777
8594274;A;47.149552;7.232714
8594274;B;47.149466;7.233316
8594275;A;47.142819;7.220011
8594275;B;47.142837;7.219994
8594276;A;47.141200;7.217442
8594276;B;47.141218;7.217469
8594277;A;47.139251;7.214235
8594277;B;47.139159;7.214056
8594278;A;47.140809;7.213831
8594278;B;47.140809;7.213831
8594279;A;47.137650;7.207552
8594279;B;47.137650;7.207552
8594280;B;47.139721;7.202737
8594281;1;47.223667;7.081994
8594281;2;47.223356;7.081581
8594298;A;47.498427;8.723845
8594333;B;46.301965;7.703871
8594335;A;46.299774;7.866574
8594335;B;46.299619;7.866394
8594343;A;47.119394;7.244158
8594343;B;47.119351;7.244131
8594370;B;46.172222;8.800489
8594370;C;46.172259;8.800301
8594372;A;47.079059;8.278227
8594372;B;47.078802;8.277436
8594466;1;46.097329;7.075670
8594471;0;46.634902;8.590580
8594514;A;47.096582;8.244387
8594550;A;47.392378;8.193668
8594550;B;47.392378;8.193668
8594551;B;46.869002;9.881217
8594551;C;46.868873;9.881324
8594551;D;46.868805;9.881468
8594556;A;46.024187;7.748418
8594562;A;46.014430;7.742346
8594567;A;46.021274;7.749802
8594574;A;46.105377;7.927498
8594592;A;47.375646;9.553296
8594592;B;47.375548;9.553385
8594650;E;46.895956;7.493800
8594684;A;47.390694;8.187820
8594684;B;47.390694;8.187820
8594688;A;46.180588;7.386703
8594688;B;46.180364;7.386568
8594689;A;46.180439;7.395938
8594689;B;46.180526;7.396063
8594690;A;46.181963;7.394321
8594690;B;46.181957;7.394186
8594691;A;46.180812;7.389892
8594691;B;46.180738;7.389802
8594692;A;46.185141;7.395713
8594692;B;46.185129;7.395929
8594693;A;46.187722;7.390970
8594693;B;46.187542;7.390988
8594694;A;46.300134;7.475618
8594695;A;46.312849;7.459889
8594695;B;46.312781;7.459880
8594696;A;46.310745;7.459395
8594696;B;46.310814;7.459404
8594697;B;46.297862;7.451184
8594698;A;46.297341;7.456610
8594698;B;46.297229;7.456304
8594699;A;46.299134;7.472636
8594699;B;46.299110;7.472726
8594700;A;46.314611;7.460976
8594702;A;46.297794;7.464066
8594702;B;46.297682;7.463994
8594703;A;46.307426;7.463769
8594703;B;46.307382;7.463859
8594704;A;46.304192;7.468369
8594706;A;46.310404;7.545786
8594706;B;46.310820;7.546432
8594707;A;46.311490;7.520264
8594707;B;46.311205;7.520354
8594709;A;46.324128;7.504382
8594709;B;46.323998;7.504229
8594710;A;46.307866;7.479220
8594710;B;46.307711;7.478978
8594711;A;46.317571;7.496971
8594711;B;46.317415;7.497052
8594712;A;46.313469;7.480029
8594712;B;46.313060;7.479849
8594713;A;46.304993;7.480828
8594713;B;46.304974;7.479930
8594715;A;46.334010;7.515333
8594716;A;46.309132;7.482598
8594716;B;46.309058;7.482679
8594717;A;46.315169;7.482050
8594717;B;46.315002;7.481951
8594718;A;46.316379;7.485158
8594718;B;46.316342;7.485077
8594719;A;46.317546;7.489165
8594719;B;46.317403;7.489012
8594721;B;46.291500;7.525843
8594733;A;47.557228;8.903185
8594733;B;47.557325;8.903373
8594734;A;47.560787;8.904047
8594734;B;47.560805;8.903894
8594735;A;47.556640;8.889324
8594737;A;47.566576;8.908251
8594737;B;47.566467;8.907694
8594739;A;47.559841;8.885299
8594740;A;47.551323;8.917648
8594740;B;47.552106;8.916920
8594742;A;47.560938;8.896600
8594742;B;47.560841;8.896636
8594743;A;47.553749;8.902942
8594743;B;47.553827;8.902646
8594744;A;47.556216;8.909752
8594744;B;47.556246;8.909841
8594745;A;47.559926;8.911656
8594745;B;47.560187;8.911207
8594745;C;47.560272;8.911692
8594746;B;47.560375;8.905952
8594747;A;47.556992;8.879272
8594748;A;47.549153;8.921448
8594748;B;47.549201;8.921537
8594749;A;47.564054;8.913587
8594749;B;47.564018;8.913237
8594750;A;47.571570;8.914620
8594750;B;47.572055;8.914620
8594751;A;47.567945;8.911072
8594751;B;47.567703;8.910255
8594752;A;47.560175;8.916678
8594753;B;47.555531;8.897490
8594754;A;47.546309;8.914863
8594755;A;47.552312;8.875148
8594755;B;47.552506;8.874933
8594756;A;47.558744;8.900580
8594756;B;47.558702;8.900391
8594757;B;47.562593;8.879146
8594760;A;47.552772;8.914998
8594760;B;47.552791;8.915249
8594761;B;47.557810;8.901694
8594762;A;47.552275;8.880898
8594763;A;47.554088;8.905538
8594763;B;47.554155;8.905341
8594764;B;47.553797;8.876541
8594765;A;47.553264;8.908018
8594765;B;47.553373;8.907569
8594766;A;47.562999;8.910452
8594766;B;47.563078;8.910335
8594767;A;47.556919;8.882263
8594767;B;47.556780;8.881437
8594768;A;47.553930;8.910874
8594768;B;47.553985;8.910964
8594769;A;47.562757;8.898082
8594769;B;47.562739;8.897957
8594770;B;47.561763;8.907479
8594773;A;47.566357;9.104875
8594789;A;47.040523;9.437548
8594789;B;47.040511;9.437602
8594790;A;47.070726;9.394500
8594847;A;46.383458;6.213862
8594847;C;46.383607;6.214213
8594902;B;47.644907;9.161073
8594929;A;47.393625;8.046515
8594929;B;47.393637;8.046381
8594930;A;47.394902;8.042563
8594930;B;47.394342;8.042518
8594933;K;46.227335;6.078046
8594933;L;46.226969;6.078495
8594933;O;46.227248;6.077974
8594933;P;46.227062;6.078531
8594946;I;46.239881;6.086580
8594946;J;46.239539;6.086212
8594947;K;46.177590;5.991538
8594947;L;46.177752;5.991709
8594961;A;46.236532;6.081684
8594961;B;46.236731;6.082098
8594961;C;46.236259;6.082852
8594961;D;46.237017;6.081819
8594961;E;46.237222;6.081729
8594961;F;46.236333;6.081514
8594969;A;46.445001;8.930727
8594969;B;46.445001;8.930727
8594989;EV;47.407567;9.338149
8594994;A;47.523044;7.691286
8594994;B;47.523141;7.690872
8594997;Ersatz;47.029239;8.651585
8595008;U;46.278749;6.230391
8595008;V;46.278699;6.230176
8595009;C;46.282629;6.236275
8595009;R;46.282697;6.236509
8595010;O;46.274999;6.227274
8595010;P;46.275433;6.227131
8595011;L;46.151752;5.995671
8595012;J;46.150507;5.993613
8595013;A;46.142441;6.133068
8595013;B;46.142317;6.133050
8595014;L;46.165976;6.076133
8595014;M;46.165895;6.076097
8595015;Q;46.178847;6.139464
8595016;E;46.283809;6.238602
8595016;F;46.283753;6.238413
8595018;O;46.205518;6.114401
8595018;Z;46.205269;6.114096
8595020;R;46.210249;6.117311
8595020;S;46.209789;6.118713
8595021;R;46.199897;6.146884
8595021;S;46.200090;6.146686
8595022;N;46.202074;6.141818
8595022;O;46.202347;6.141871
8595026;Q;46.228435;6.065236
8595026;R;46.228721;6.065003
8595026;V;46.227428;6.066449
8595027;J;46.224464;6.107879
8595027;K;46.224725;6.107744
8595028;S;46.233456;6.080490
8595028;T;46.233462;6.080220
8595029;B;46.221549;6.076878
8595029;D;46.220816;6.075755
8595029;E;46.220692;6.075342
8595029;G;46.221680;6.075172
8595029;H;46.221512;6.075288
8595031;M;46.231996;6.075189
8595031;N;46.231928;6.074920
8595034;G;46.154894;6.094018
8595034;H;46.155100;6.094404
8595035;U;46.165180;6.139662
8595035;V;46.164837;6.139644
8595036;V;46.164763;6.105786
8595036;W;46.165012;6.104735
8595037;A;46.162554;6.125908
8595037;B;46.162903;6.125621
8595038;P;46.157240;6.125576
8595038;Q;46.157303;6.125765
8595039;G;46.215085;6.250702
8595039;H;46.215104;6.250630
8595040;F;46.223849;6.038664
8595040;G;46.222979;6.038916
8595040;Z;46.222948;6.038996
8595041;E;46.222363;6.054627
8595041;F;46.222258;6.054313
8595043;C;46.164533;6.056136
8595043;D;46.164190;6.056594
8595044;T;46.144172;6.043317
8595044;U;46.144234;6.043533
8595052;K;46.220076;6.085089
8595052;L;46.220008;6.084891
8595054;A;46.727094;6.532216
8595054;B;46.727050;6.532136
8595057;A;46.730449;6.530833
8595057;B;46.730345;6.530869
8595065;A;46.765092;6.642332
8595065;B;46.765215;6.642763
8595068;A;46.779544;6.633061
8595068;B;46.779366;6.632459
8595068;C;46.778769;6.634211
8595068;D;46.778720;6.634103
8595069;A;46.777797;6.635145
8595069;B;46.777631;6.635163
8595070;A;46.772709;6.640374
8595070;B;46.773029;6.640607
8595139;C;46.169522;6.140425
8595139;D;46.169939;6.140353
8595171;C;46.326411;6.183940
8595171;D;46.326653;6.183481
8595172;A;46.328712;6.179493
8595172;B;46.328942;6.179053
8595173;A;46.314754;6.184649
8595173;B;46.314338;6.184290
8595174;A;46.374794;6.162398
8595174;B;46.374961;6.162066
8595175;A;46.386352;6.205149
8595175;B;46.386067;6.205607
8595201;A;47.081169;7.296287
8595202;B;46.382485;6.213368
8595202;C;46.382504;6.213216
8595216;Y;46.546958;6.551943
8595216;Z;46.546902;6.551952
8595218;A;46.523086;6.521140
8595218;B;46.523203;6.521014
8595224;A;46.165534;6.054968
8595224;B;46.165360;6.054834
8595225;K;46.216024;6.223474
8595225;L;46.215862;6.223214
8595226;E;46.218342;6.232170
8595226;F;46.218398;6.231820
8595227;A;46.217795;6.237371
8595227;B;46.217913;6.237219
8595228;U;46.210087;6.035637
8595228;V;46.209957;6.035637
8595229;B;46.213500;6.220896
8595229;C;46.213606;6.221148
8595239;A;46.343120;6.158706
8595239;B;46.343064;6.158598
8595245;1;46.954583;6.852924
8595245;2;46.954583;6.852924
8595251;A;46.990423;9.344994
8595251;B;46.990478;9.345048
8595252;A;47.496461;9.108135
8595252;B;47.496473;9.108073
8595374;A;47.112400;9.277558
8595375;A;47.112859;9.215304
8595375;B;47.112834;9.215143
8595379;A;47.044276;9.444249
8595379;B;47.044312;9.444114
8595380;A;47.113947;9.255459
8595380;B;47.113947;9.255585
8595380;C;47.113892;9.255504
8595392;A;46.881032;8.613855
8595392;B;46.880976;8.613972
8595409;A;46.720745;6.534696
8595409;B;46.720745;6.534911
8595441;A;47.478341;9.466860
8595442;A;47.474388;9.496540
8595442;B;47.474340;9.496540
8595450;A;47.573479;8.919471
8595450;B;47.573437;8.918905
8595451;A;47.560690;8.907982
8595451;B;47.560829;8.908269
8595454;A;47.382458;8.119351
8595454;B;47.382458;8.119351
8595456;A;47.544933;9.306645
8595456;B;47.544751;9.306690
8595457;K;46.247516;6.257206
8595458;O;46.235917;6.077247
8595458;P;46.235948;6.077534
8595482;A;46.721028;6.541837
8595482;B;46.721102;6.541792
8595482;C;46.720862;6.541226
8595484;A;46.297527;7.872575
8595484;B;46.297570;7.872727
8595485;A;46.295622;7.874201
8595488;E;46.934357;7.505891
8595488;F;46.934467;7.505595
8595489;A;46.984632;8.311788
8595490;A;46.988873;8.314303
8595490;B;46.989075;8.314420
8595491;A;46.991961;8.312039
8595492;A;46.994632;8.310036
8595494;A;46.993769;8.313782
8595502;A;46.356532;6.202858
8595505;1;47.212911;7.004236
8595507;1;47.232586;6.985767
8595521;E;46.524798;6.589232
8595521;F;46.524996;6.589089
8595537;A;46.857191;6.919273
8595537;B;46.857080;6.918708
8595537;C;46.857049;6.918645
8595543;E;46.967777;7.464299
8595543;F;46.967746;7.464021
8595543;G;46.967660;7.463832
8595556;D;46.188394;6.045904
8595556;E;46.188344;6.045842
8595589;A;46.392975;6.254044
8595589;B;46.392901;6.254170
8595596;A;46.387448;6.221121
8595596;B;46.387275;6.221220
8595597;A;46.381053;6.230499
8595597;B;46.380973;6.230445
8595598;B;46.390794;6.221660
8595599;A;46.383545;6.243399
8595599;B;46.383551;6.243606
8595606;A;47.156400;7.281393
8595606;B;47.156620;7.281959
8595607;A;46.178069;7.395704
8595640;A;47.136592;9.059222
8595640;B;47.136580;9.059141
8595640;C;47.136629;9.059043
8595640;D;47.136702;9.058926
8595641;A;47.387197;8.162048
8595641;B;47.387197;8.162048
8595648;A;46.550955;6.424041
8595649;A;46.617338;6.411600
8595650;A;46.602601;6.378784
8595650;B;46.602644;6.378443
8595653;A;46.400831;6.251888
8595656;A;46.777157;6.606013
8595656;B;46.777089;6.605878
8595663;W;46.280816;6.158544
8595663;X;46.280444;6.159667
8595664;Q;46.297521;6.143740
8595664;R;46.297372;6.143848
8595665;K;46.290792;6.156074
8595665;L;46.290563;6.156370
8595666;U;46.282511;6.154430
8595666;V;46.282555;6.154484
8595667;S;46.282946;6.146291
8595667;T;46.283045;6.146543
8595668;S;46.303721;6.132457
8595668;T;46.303653;6.132439
8595669;U;46.307320;6.125881
8595669;V;46.306966;6.126393
8595670;W;46.311081;6.120563
8595670;X;46.311322;6.120447
8595671;Y;46.313941;6.123231
8595671;Z;46.314642;6.124031
8595672;M;46.200277;6.036867
8595672;N;46.200320;6.036912
8595673;L;46.244969;6.223438
8595673;M;46.244733;6.223789
8595674;J;46.246603;6.219486
8595674;K;46.246901;6.218597
8595675;Q;46.280829;6.137335
8595675;R;46.281003;6.138054
8595698;A;46.305800;7.476498
8595698;B;46.305694;7.477451
8595699;A;47.080588;8.298798
8595699;B;47.080661;8.298753
8595887;A;46.622446;8.023357
8595887;B;46.622329;8.023429
8595905;B;46.385255;6.214779
8595906;A;47.069080;8.282287
8595906;B;47.069447;8.283024
8595906;C;47.069160;8.282907
8595906;D;47.069392;8.283239
8595909;A;46.484862;9.836660
8595909;B;46.484948;9.837163
8595950;I;46.209994;5.993479
8595951;S;46.216185;5.996156
8595952;C;46.221009;6.052534
8595952;D;46.220878;6.052184
8595953;L;46.164551;5.992230
8595953;M;46.164589;5.992392
8595958;C;46.457460;6.853768
8595958;D;46.457528;6.853247
8595963;A;46.325958;6.961925
8595963;B;46.326566;6.961324
8595964;A;47.112853;7.254390
8595968;A;46.473145;6.868555
8595968;B;46.471933;6.868671
8595968;C;46.471778;6.868887
8595970;A;46.453282;6.894309
8595970;B;46.453282;6.894139
8595970;C;46.453109;6.893914
8595979;A;46.208608;7.397321
8595979;B;46.209472;7.396108
8595980;A;46.207035;7.395830
8595980;B;46.207091;7.395920
8595981;A;46.163338;7.394500
8595981;B;46.163357;7.394644
8595981;C;46.163189;7.394608
8595999;Q;46.191447;6.150271
8596009;B;46.303696;7.808929
8596010;A;46.306513;7.825359
8596049;A;46.986078;9.320874
8596049;B;46.985925;9.320695
8596090;U;46.320710;6.967747
8596090;V;46.320158;6.968717
8596090;W;46.320263;6.968726
8596092;A;46.392517;6.165317
8596094;U;46.192548;6.142312
8596094;V;46.193070;6.142500
8596097;A;46.299538;6.169306
8596099;A;47.264301;9.125769
8596101;A;47.057227;6.746860
8596101;B;47.057154;6.746716
8596101;D;47.057117;6.746878
8596101;E;47.057233;6.747120
8596123;A;47.475341;9.473911
8596123;B;47.475341;9.473840
